info 22:43:58 [SOMEBODY_GROWS_UP] An animal has grown to become a Stray Buck Rabbit.
info 22:45:43 [SEASON_SPRING] Spring has arrived!
KRITISCH 22:48:02 [EXHAUSTION] The kea collapses and falls to the ground from over-exertion.
KRITISCH 22:48:02 [EXHAUSTION] The kea collapses and falls to the ground from over-exertion.
KRITISCH 22:50:04 [PET_DEATH] The Stray Dog (Tame) has been found dead.
info 22:52:10 [SEASON_SUMMER] It is now summer.
info 22:53:56 [D_MIGRANTS_ARRIVAL] Some migrants have arrived.
info 22:56:17 [LIAISON_ARRIVAL] The outpost liaison Kadol Babinnish from Catten ├┤tthat has arrived.
info 22:56:17 [FIRST_CARAVAN_ARRIVAL] Although it is a grim reminder of the winter hardships to come, the supply caravan from The Channels of Direction is a welcome sight. Their eyes are alight with the anticipation of inspecting the splendid products of your industrious craftsdwarves. [B]Take careful stock of your own stores. What these merchants offer might very well be the difference between a prosperous future and a slow and meaningless death.
info 22:56:17 [MERCHANTS_NEED_DEPOT] The merchants need a trade depot to unload their goods.
KRITISCH 22:57:05 [COMBAT_STRIKE_DETAILS] The weaponsmith punches the kea in the head with her left hand and the injured part collapses into a lump of gore!
KRITISCH 22:57:18 [COMBAT_STRIKE_DETAILS] The fisherdwarf bends the kea's left lower leg with The fisherdwarf's right lower arm and the left knee collapses!
info 22:57:24 [SOMEBODY_GROWS_UP] An animal has grown to become a Stray Llama.
info 22:57:34 [MERCHANTS_LEAVING_SOON] The merchants from Catten ├┤tthat will be leaving soon.
info 22:57:40 [DIPLOMAT_LEFT_UNHAPPY] A diplomat could not complete a meeting and has left unhappy.
info 22:57:43 [MERCHANTS_EMBARKED] The merchants from Catten ├┤tthat have embarked on their journey.
KRITISCH 22:59:53 [PET_DEATH] The Stray Yak Bull (Tame) has been found, starved to death.
KRITISCH 23:01:08 [PET_DEATH] The Stray Llama (Tame) has been found, starved to death.
info 23:04:35 [D_NO_MIGRANT_ARRIVAL] The fortress attracted no migrants this season.
KRITISCH 23:06:40 [COMBAT_STRIKE_DETAILS] The blacksmith punches the agitated kea in the right wing with her left hand and the injured part collapses!
info 23:09:49 [BIRTH_CITIZEN] Sodel Udillotol, Gem Cutter has given birth to a girl.
info 23:13:36 [BIRTH_CITIZEN] Iden Tiristenshal, Jeweler has given birth to a boy.
info 23:20:17 [CARAVAN_ARRIVAL] A caravan from Catten ├┤tthat has arrived.  Overall trade sentiments are lukewarm.
info 23:20:26 [MERCHANTS_UNLOADING] Merchants have arrived and are unloading their goods.
info 23:21:29 [BIRTH_CITIZEN] Litast Dumat├ómid, Recruit has given birth to a boy.
info 23:38:38 [MARRIAGE] The Carpenter Logem Udilging and the Recruit Tulon Noblikot have married.  Congratulations!
info 23:41:12 [SOMEBODY_GROWS_UP] Zulban Rinallikot has grown to become a Dwarven Child.
info 23:42:56 [SOMEBODY_GROWS_UP] Ustuth Rodered├½m has grown to become a Dwarven Child.
info 23:46:07 [BIRTH_CITIZEN] Sodel Udillotol, Wrestler has given birth to a boy.
KRITISCH 23:47:35 [CAVE_COLLAPSE] Something has collapsed on the surface!
info 23:49:34 [CARAVAN_ARRIVAL] A caravan from Catten ├┤tthat has arrived.  Overall trade sentiments are lukewarm.
info 23:52:58 [SOMEBODY_GROWS_UP] Ast Akmamrakust has grown to become a Dwarven Child.
KRITISCH 00:02:16 [EXHAUSTION] The jeweler collapses and falls to the ground from over-exertion.
KRITISCH 00:02:35 [CITIZEN_DEATH] Iden Tiristenshal, Jeweler has been found dead.
KRITISCH 00:46:10 [COMBAT_STRIKE_DETAILS] The recruit bends the agitated kea's right upper leg with The recruit's left hand and the right hip collapses!
KRITISCH 00:46:10 [COMBAT_STRIKE_DETAILS] The recruit bends the agitated kea's right lower leg with The recruit's left upper arm and the right knee collapses!
KRITISCH 00:46:10 [COMBAT_STRIKE_DETAILS] The craftsdwarf punches the agitated kea in the head with his left hand and the injured part collapses into a lump of gore!
info 00:50:52 [BIRTH_CITIZEN] Logem Udilging, Carpenter has given birth to a girl.
info 00:52:07 [CARAVAN_ARRIVAL] A human caravan from Muboomon has arrived.  Overall trade sentiments are cautious.
KRITISCH 00:54:09 [CANCEL_JOB] Ineth Kith├¼nzaneg, Planter cancels Strange mood: Went insane.
info 00:56:08 [SOMEBODY_GROWS_UP] An animal has grown to become a Stray Water Buffalo Bull.
info 00:56:11 [MERCHANTS_LEAVING_SOON] The merchants from Muboomon will be leaving soon.
info 00:56:33 [MERCHANTS_EMBARKED] The merchants from Muboomon have embarked on their journey.
info 00:57:23 [D_MIGRANT_ARRIVAL] A migrant has arrived.
KRITISCH 00:58:51 [CITIZEN_DEATH] Ineth Kith├¼nzaneg, Miner has been found dead, dehydrated.
info 00:58:51 [GUARD] Alarm-Flag ohne Pause (kein Feind)
info 00:59:31 [SOMEBODY_GROWS_UP] Asob ├¿rithakam has grown to become a Dwarven Child.
info 01:00:58 [CARAVAN_ARRIVAL] A caravan from Catten ├┤tthat has arrived.  Overall trade sentiments are tenuous at best.
KRITISCH 01:10:49 [PET_DEATH] The Stray Water Buffalo Bull (Tame) has been found, starved to death.
info 07:10:46 [CARAVAN_ARRIVAL] A caravan from Catten ├┤tthat has arrived.  Overall trade sentiments are tenuous at best.
KRITISCH 07:11:21 [PET_DEATH] The Stray Water Buffalo Bull (Tame) has been found, starved to death.
KRITISCH 07:19:04 [CANCEL_JOB] Ustuth Rodered├½m, Dwarven Child cancels Strange mood: Went insane.
KRITISCH 07:19:04 [BERSERK_CITIZEN] Ustuth Rodered├½m, Dwarven Child has gone berserk!
KRITISCH 07:25:09 [COMBAT_STRIKE_DETAILS] The broker bends the dwarven child's right lower leg with The broker's right hand and the right knee collapses!
KRITISCH 07:34:00 [CANCEL_JOB] Litast Dumat├ómid, Recruit cancels Strange mood: Went insane.
KRITISCH 07:35:41 [CAVE_COLLAPSE] Something has collapsed on the surface!
info 07:35:41 [GUARD] Alarm-Flag ohne Pause (kein Feind)
info 07:37:30 [SOMEBODY_GROWS_UP] Datan Vukrigiden has grown to become a Cat.
KRITISCH 07:39:45 [CITIZEN_DEATH] Litast Dumat├ómid, Peasant has been found dead, dehydrated.
info 07:39:45 [GUARD] Alarm-Flag ohne Pause (kein Feind)
info 07:40:51 [SOMEBODY_GROWS_UP] Olon Avuzastel has grown to become a Dwarven Child.
info 07:42:22 [CARAVAN_ARRIVAL] A human caravan from Muboomon has arrived.  Overall trade sentiments are lukewarm.
info 08:16:29 [CARAVAN_ARRIVAL] A human caravan from Muboomon has arrived.  Overall trade sentiments are lukewarm.
info 08:23:00 [ARTIFACT_BEGUN] Reg Zurs├╣llolor has begun a mysterious construction!
info 08:23:23 [MADE_ARTIFACT] Reg Zurs├╣llolor, Peasant has created Eren Luzat, a willow figurine of Shorast Calmcrystal!  She offers it to The Swift Rack.
info 08:24:22 [SOMEBODY_GROWS_UP] Ingish Kedavuz has grown to become a Dog.
KRITISCH 08:25:29 [CAVE_COLLAPSE] Something has collapsed on the surface!
info 08:25:29 [GUARD] Alarm-Flag ohne Pause (kein Feind)
info 08:25:41 [CARAVAN_ARRIVAL] A caravan from Catten ├┤tthat has arrived.  Overall trade sentiments are tenuous at best.
KRITISCH 08:29:45 [CAVE_COLLAPSE] Something has collapsed on the surface!
KRITISCH 08:29:45 [CITIZEN_DEATH] Logem Udilging, Carpenter has been found dead, badly crushed.
KRITISCH 08:29:45 [CITIZEN_DEATH] Kogsak Sarveshrag, Dwarven Baby has been found dead, badly crushed.
info 08:29:45 [GUARD] Alarm-Flag ohne Pause (kein Feind)
KRITISCH 08:31:39 [PET_DEATH] The Stray Baby Llama (Tame) has been found, starved to death.
info 08:32:11 [BIRTH_ANIMAL] Stray Cat (Tame) has given birth to a kitten.
info 08:34:18 [MARRIAGE] The Recruit Aban Nishotung and the Recruit Tulon Noblikot have married.  Congratulations!
info 08:35:41 [ARTIFACT_BEGUN] Deler N├»ngk├╗buk has begun a mysterious construction!
info 08:36:06 [MADE_ARTIFACT] Deler N├»ngk├╗buk, Stonecrafter has created N├»nglar Thumgomath, a kaolinite earring!  He offers it to The Swift Rack.
KRITISCH 08:37:30 [COMBAT_STRIKE_DETAILS] The peasant punches the agitated kea in the left wing with his right hand and the injured part collapses into a lump of gore!
KRITISCH 08:38:22 [COMBAT_STRIKE_DETAILS] The miner bends the agitated kea's left lower leg with The miner's right lower arm and the left knee collapses!
KRITISCH 08:38:22 [COMBAT_STRIKE_DETAILS] The peasant punches the agitated kea in the head with his left hand and the injured part collapses!
KRITISCH 08:38:22 [COMBAT_STRIKE_DETAILS] The miner bends the agitated kea's right upper leg with The miner's right upper arm and the right hip collapses!
KRITISCH 08:38:22 [COMBAT_STRIKE_DETAILS] The cook punches the agitated kea in the head with his left hand and the injured part collapses into a lump of gore!
info 08:38:55 [BIRTH_ANIMAL] Stray Cat (Tame) has given birth to kittens.
KRITISCH 08:40:07 [PET_DEATH] The Stray Turkey Hen (Tame) has been found dead.
info 08:42:07 [ARTIFACT_BEGUN] Olon Avuzastel has begun a mysterious construction!
info 08:42:32 [MADE_ARTIFACT] Olon Avuzastel, Dwarven Child has created Sashasbal, a sand pear wood ring!  She offers it to The Swift Rack.
info 08:43:48 [BIRTH_CITIZEN] R├«sen L├╗kasmel, Fisherdwarf has given birth to a boy.
info 08:44:25 [BIRTH_CITIZEN] Tekkud Stizashed├½m, Miner has given birth to a boy.
KRITISCH 08:48:35 [COMBAT_STRIKE_DETAILS] The recruit kicks the agitated black bear in the left eye with her left foot and the injured part collapses!
KRITISCH 08:49:12 [PET_DEATH] The Stray Cavy Sow (Tame) has been found dead.
info 08:49:33 [CARAVAN_ARRIVAL] A human caravan from Muboomon has arrived.  Overall trade sentiments are lukewarm.
info 08:50:12 [SOMEBODY_GROWS_UP] Kulet Arzesk├╗buk has grown to become a Hen.
KRITISCH 08:53:39 [CITIZEN_DEATH] Tulon Noblikot, Fisherdwarf has been found dead, dehydrated.
info 08:53:39 [GUARD] Alarm-Flag ohne Pause (kein Feind)
KRITISCH 08:54:14 [AMBUSH_SNATCHER] Snatcher!  Protect the children!
KRITISCH 08:54:20 [AMBUSH_SNATCHER] Snatcher!  Protect the children!
info 08:54:26 [BIRTH_CITIZEN] L├▓r Tabarnish, Peasant has given birth to a girl.
info 08:57:16 [BIRTH_ANIMAL] Sazir Dod├│knimar, Cat (Tame) has given birth to kittens.
KRITISCH 08:58:25 [CANCEL_JOB] Goden Idashmeng, Recruit cancels Strange mood: Went insane.
info 09:00:14 [CARAVAN_ARRIVAL] A caravan from Catten ├┤tthat has arrived.  Overall trade sentiments are lukewarm.
KRITISCH 09:01:28 [CITIZEN_DEATH] D├┤bar Kosoth├»dath, Fishery Worker has been found dead, dehydrated.
info 09:01:28 [GUARD] Alarm-Flag ohne Pause (kein Feind)
info 09:01:51 [BIRTH_CITIZEN] Doren Ilralshoduk, Recruit has given birth to a girl.
info 09:02:32 [SOMEBODY_GROWS_UP] Udil Kelasteb has grown to become a Goose.
KRITISCH 09:03:16 [CITIZEN_DEATH] Goden Idashmeng, Peasant has been found dead, dehydrated.
KRITISCH 09:04:12 [CITIZEN_DEATH] Sodel Udillotol, Wrestler has been found dead.
info 09:05:00 [SOMEBODY_GROWS_UP] An animal has grown to become a Stray Cat.
KRITISCH 09:10:49 [AMBUSH_SNATCHER] Snatcher!  Protect the children!
KRITISCH 09:11:10 [AMBUSH_SNATCHER] Snatcher!  Protect the children!
KRITISCH 09:11:14 [AMBUSH_SNATCHER] Snatcher!  Protect the children!
KRITISCH 09:11:54 [CITIZEN_SNATCHED] A kidnapper has made off with the Dwarven child Litast Olinrungak!
info 09:13:13 [BIRTH_CITIZEN] Olon Ilnish, Peasant has given birth to a girl.
KRITISCH 09:14:28 [COMBAT_STRIKE_DETAILS] The gem setter bends the agitated kea's left lower leg with The gem setter's right hand and the left knee collapses!
KRITISCH 09:15:14 [CONFLICT_CONVERSATION] Besmar ├óbirs├Ñkzul, Gem Setter: I'm starving.  I'm not panicking.
info 09:15:14 [GUARD] Alarm-Flag ohne Pause (kein Feind)
KRITISCH 09:15:51 [CITIZEN_DEATH] Bim Un├ólavuz, Fishery Worker has been found, starved to death.
KRITISCH 09:16:08 [CANCEL_JOB] Nomal ├│rubbul, Peasant cancels Strange mood: Went insane.
info 09:19:55 [SOMEBODY_GROWS_UP] Iden Bomrekenol has grown to become a Dwarven Child.
info 09:20:40 [SOMEBODY_GROWS_UP] Obok Sarveshthalal has grown to become a Dwarven Child.
KRITISCH 09:21:43 [CITIZEN_DEATH] Nomal ├│rubbul, Peasant has been found dead, dehydrated.
info 09:26:17 [CARAVAN_ARRIVAL] A human caravan from Muboomon has arrived.  Overall trade sentiments are fantastic.
info 09:30:19 [BIRTH_ANIMAL] Sazir Dod├│knimar, Cat (Tame) has given birth to a kitten.
info 09:30:23 [SOMEBODY_GROWS_UP] ├«ton Cemoshiden has grown to become a Dwarven Child.
KRITISCH 09:31:01 [CANCEL_JOB] Momuz Idenk├┤n, Mason cancels Strange mood: Went insane.
info 09:33:56 [SOMEBODY_GROWS_UP] Urvad Astcagith has grown to become a Doe Rabbit.
KRITISCH 09:36:39 [PET_DEATH] The Stray Horse Foal (Tame) has been found, starved to death.
info 09:36:43 [SOMEBODY_GROWS_UP] Obok Al├Ñthlibad has grown to become a Nanny Goat.
KRITISCH 09:38:18 [CITIZEN_DEATH] Momuz Idenk├┤n, Mason has been found dead, dehydrated.
info 09:38:18 [GUARD] Alarm-Flag ohne Pause (kein Feind)
info 09:38:56 [CARAVAN_ARRIVAL] A caravan from Catten ├┤tthat has arrived.  Overall trade sentiments are tenuous at best.
KRITISCH 09:39:27 [PET_DEATH] The Stray Yak Calf (Tame) has been found, starved to death.
info 09:42:52 [SOMEBODY_GROWS_UP] Minkot Dod├│kmamot has grown to become a Sow.
KRITISCH 09:42:55 [PET_DEATH] The Stray Donkey Foal (Tame) has been found, starved to death.
info 09:42:55 [SOMEBODY_GROWS_UP] An animal has grown to become a Stray Horse.
KRITISCH 09:43:11 [PET_DEATH] The Stray Horse (Tame) has been found, starved to death.
KRITISCH 09:43:27 [COMBAT_STRIKE_DETAILS] The herbalist bends the agitated kea's right foot with The herbalist's right lower arm and the right ankle collapses!
KRITISCH 09:43:41 [COMBAT_STRIKE_DETAILS] The stonecrafter bends the agitated kea's right lower leg with The stonecrafter's left lower arm and the right knee collapses!
KRITISCH 09:43:41 [COMBAT_STRIKE_DETAILS] The stonecrafter punches the agitated kea in the head with his left hand and the injured part collapses into a lump of gore!
KRITISCH 09:43:47 [EXHAUSTION] The stonecrafter collapses and falls to the ground from over-exertion.
KRITISCH 09:43:47 [COMBAT_STRIKE_DETAILS] The stonecrafter bends the agitated kea's left upper leg with The stonecrafter's right lower leg and the left hip collapses!
info 09:44:36 [SOMEBODY_GROWS_UP] Ingish Bakustkib has grown to become a Dwarven Child.
info 09:46:13 [SOMEBODY_GROWS_UP] R├«sen Thabumzasit has grown to become a Dog.
KRITISCH 09:46:20 [UNDEAD_ATTACK] A vile force of darkness has arrived![B]The army is commanded by the goblin Smestre Cosmosyears, a competent commander.[B]Beware their goblin pikemen!
KRITISCH 09:48:30 [COMBAT_STRIKE_DETAILS] The goblin swordsman stabs the fisherdwarf in the right lower arm with her ({iron long sword}), tearing apart the muscle through the x(alpaca wool dress)x!
KRITISCH 09:48:30 [CONFLICT_CONVERSATION] Tode Slossnodub, Goblin Swordsman: In the midst of conflict...  I am not scared!
KRITISCH 09:48:30 [STAND_UP] The goblin swordsman stands up.
KRITISCH 09:48:30 [COMBAT_STRIKE_DETAILS] The goblin swordsman slashes the fisherdwarf in the left lower arm with her ({iron long sword}) and the severed part sails off in an arc!
KRITISCH 09:48:30 [COMBAT_JUMP_DODGE_STRIKE] The goblin swordsman attacks the fisherdwarf but She jumps away!
KRITISCH 09:51:10 [BUILDING_DESTROYED_OR_TOPPLED] Quern toppled by Stozu Smunsturusmo, Goblin Swordsman.
KRITISCH 09:51:13 [BUILDING_DESTROYED_OR_TOPPLED] Quern toppled by Aslot Zoslauksos, Goblin Swordsman.
KRITISCH 09:51:20 [CONFLICT_CONVERSATION] Kutsmob Emsloxuk, Goblin Swordsman: Our time in The Eternal Domain is so brief...  Begone fear!
KRITISCH 09:51:20 [CANCEL_JOB] Medtob Zimkol, Jeweler cancels Dump item: Interrupted by a goblin swordsman.
KRITISCH 09:51:20 [CANCEL_JOB] Iden ├àblelzatthud, Herbalist cancels Dump item: Interrupted by a goblin swordsman.
KRITISCH 09:51:20 [COMBAT_STRIKE_DETAILS] The swordsdwarf slashes the goblin swordsman in the left upper arm with her ({-bismuth bronze short sword-}), tearing apart the muscle!
KRITISCH 09:51:20 [CANCEL_JOB] Iden Thobk├Ñt├ók, Herbalist cancels Dump item: Interrupted by a goblin swordsman.
KRITISCH 09:51:20 [CANCEL_JOB] Feb Obokmeng, Farmer cancels Dump item: Interrupted by a goblin swordsman.
KRITISCH 09:51:20 [CANCEL_JOB] Moldath ├¿rith├Ñm, Animal Dissector cancels Dump item: Interrupted by a goblin swordsman.
KRITISCH 09:51:20 [CANCEL_JOB] Reg ├▓nulothsin, Herbalist cancels Dump item: Interrupted by a goblin swordsman.
KRITISCH 09:51:20 [CANCEL_JOB] Zas Ecemoddom, Mechanic cancels Dump item: Interrupted by a goblin swordsman.
KRITISCH 09:51:20 [COMBAT_PARRY] The goblin swordsman strikes at the swordsdwarf but the shot is deftly parried by the ({-bismuth bronze short sword-})!
KRITISCH 09:51:20 [LOSE_HOLD_OF_ITEM] The goblin swordsman loses hold of the ({woolly rhinoceros wool right glove}).
KRITISCH 09:51:20 [LOSE_HOLD_OF_ITEM] The goblin swordsman loses hold of the ({silver long sword}).
KRITISCH 09:51:20 [COMBAT_STRIKE_DETAILS] The swordsdwarf stabs the goblin swordsman in the right lower arm with her ({-bismuth bronze short sword-}) and the severed part sails off in an arc!
KRITISCH 09:51:20 [COMBAT_DODGE] The goblin swordsman misses the swordsdwarf!
KRITISCH 09:51:20 [CANCEL_JOB] D├┤bar Tileshdeduk, Herbalist cancels Dump item: Interrupted by a goblin swordsman.
KRITISCH 09:51:20 [LOSE_HOLD_OF_ITEM] The goblin swordsman loses hold of the ({woolly rhinoceros wool left glove}).
KRITISCH 09:51:20 [COMBAT_STRIKE_DETAILS] The swordsdwarf stabs the goblin swordsman in the left upper arm with her ({-bismuth bronze short sword-}) and the severed part sails off in an arc!
KRITISCH 09:51:20 [COMBAT_STRIKE_DETAILS] The swordsdwarf stabs the goblin swordsman in the left lower leg with her ({-bismuth bronze short sword-}), fracturing the bone through the x({giant cave spider silk trousers})x!
KRITISCH 09:51:20 [FALL_OVER] The goblin swordsman falls over.
KRITISCH 09:51:20 [PAIN_KO] The goblin swordsman gives in to pain.
KRITISCH 09:51:20 [COMBAT_STRIKE_DETAILS] The swordsdwarf stabs the goblin swordsman in the head with her ({-bismuth bronze short sword-}) and the severed part sails off in an arc!
KRITISCH 09:51:20 [CANCEL_JOB] Adil Oddomerush, Woodcutter cancels Dump item: Interrupted by a goblin swordsman.
KRITISCH 09:51:20 [COMBAT_JUMP_DODGE_STRIKE] The goblin swordsman attacks the swordsdwarf but She jumps away!
KRITISCH 09:51:20 [CANCEL_JOB] Cerol Lirukal├Ñth, Pump Operator cancels Dump item: Interrupted by a goblin swordsman.
KRITISCH 09:51:20 [CANCEL_JOB] Zefon Ostukshorast, Mechanic cancels Drink: Interrupted by a goblin swordsman.
KRITISCH 09:51:20 [LOSE_HOLD_OF_ITEM] The goblin swordsman loses hold of the ({cave spider silk shoe}).
KRITISCH 09:51:20 [LOSE_HOLD_OF_ITEM] The goblin swordsman loses hold of the ({cave spider silk sock}).
KRITISCH 09:51:20 [COMBAT_STRIKE_DETAILS] The swordsdwarf slashes the goblin swordsman in the left upper leg with her ({-bismuth bronze short sword-}) and the severed part sails off in an arc!
KRITISCH 09:51:20 [LOSE_HOLD_OF_ITEM] The goblin swordsman loses hold of the x({giant cave spider silk left glove})x.
KRITISCH 09:51:20 [COMBAT_STRIKE_DETAILS] The swordsdwarf stabs the goblin swordsman in the left hand with her ({-bismuth bronze short sword-}) and the severed part sails off in an arc!
KRITISCH 09:51:20 [CONFLICT_CONVERSATION] Aslot Zoslauksos, Goblin Swordsman: Those injuries...  Begone fear!
KRITISCH 09:51:20 [COMBAT_STRIKE_DETAILS] The swordsdwarf slashes the goblin swordsman in the left lower arm with her ({-bismuth bronze short sword-}) and the severed part sails off in an arc!
KRITISCH 09:51:20 [CANCEL_JOB] Ingish Zonabsam, Weaponsmith cancels Make unknown material statue: Interrupted by a goblin swordsman.
KRITISCH 09:51:20 [COMBAT_STRIKE_DETAILS] The swordsdwarf slashes the goblin swordsman in the right lower leg with her ({-bismuth bronze short sword-}), tearing apart the muscle through the X({emu leather trousers})X!
KRITISCH 09:51:20 [CANCEL_JOB] Bomrek Balcerol, Herbalist cancels Dump item: Interrupted by a goblin swordsman.
KRITISCH 09:51:20 [COMBAT_STRIKE_DETAILS] The swordsdwarf stabs the goblin swordsman in the right lower arm with her ({-bismuth bronze short sword-}), tearing apart the muscle!
KRITISCH 09:51:20 [LOSE_HOLD_OF_ITEM] The goblin swordsman loses hold of the ({silver scimitar}).
KRITISCH 09:51:20 [CONFLICT_CONVERSATION] Aslot Zoslauksos, Goblin Swordsman: I've been injured badly.  This leaves me so shaken.
KRITISCH 09:51:20 [CANCEL_JOB] Etur Bimnimak, Cook cancels Make unknown material bed: Interrupted by a goblin swordsman.
KRITISCH 09:51:20 [CANCEL_JOB] Reg Dakostum├Ñm, Administrator cancels Dump item: Interrupted by a goblin swordsman.
KRITISCH 09:51:20 [CANCEL_JOB] Dumed Regas├½n, Glassmaker cancels Mill plants: Interrupted by a goblin swordsman.
KRITISCH 09:51:20 [CANCEL_JOB] Datan G├»nonoddom, Planter cancels Dump item: Interrupted by a goblin swordsman.
KRITISCH 09:51:20 [CANCEL_JOB] L├▓r Tabarnish, Herbalist cancels Dump item: Interrupted by a goblin swordsman.
KRITISCH 09:51:20 [CANCEL_JOB] Olon Ilnish, Herbalist cancels Dump item: Interrupted by a goblin swordsman.
KRITISCH 09:51:20 [CANCEL_JOB] Tekkud Ruth├╢shurdim, Herbalist cancels Drink: Interrupted by a goblin swordsman.
KRITISCH 09:51:20 [CANCEL_JOB] Shorast Monomdoren, Cook cancels Drink: Interrupted by a goblin swordsman.
KRITISCH 09:51:20 [CANCEL_JOB] Dastot Rulushdomas, Planter cancels Bring item to depot: Interrupted by a goblin swordsman.
KRITISCH 09:51:20 [CANCEL_JOB] Logem Ethramrith, Fishery Worker cancels Bring item to depot: Interrupted by a goblin swordsman.
KRITISCH 09:51:20 [COMBAT_STRIKE_DETAILS] The swordsdwarf slashes the goblin swordsman in the right lower leg with her ({-bismuth bronze short sword-}) and the severed part sails off in an arc!
KRITISCH 09:51:20 [COMBAT_STRIKE_DETAILS] The goblin swordsman stabs the farmer in the head with her ({iron long sword}) and the severed part sails off in an arc!
KRITISCH 09:51:20 [CITIZEN_DEATH] Rith Letmos├ótast, Farmer has been found dead.
KRITISCH 09:51:20 [CANCEL_JOB] Domas Absambesmar, Glassmaker cancels Dump item: Interrupted by a goblin swordsman.
KRITISCH 09:51:23 [CANCEL_JOB] Tekkud Stizashed├½m, Miner cancels Make wooden crafts: Interrupted by a goblin swordsman.
KRITISCH 09:51:23 [CANCEL_JOB] Deler N├»ngk├╗buk, Stonecrafter cancels Make rock crafts: Interrupted by a goblin swordsman.
KRITISCH 09:51:23 [CANCEL_JOB] Dumat D├«shmabzanos, Miller cancels Dump item: Interrupted by a goblin swordsman.
KRITISCH 09:51:23 [CONFLICT_CONVERSATION] Tode Slossnodub, Goblin Swordsman: I got caught in a miasma.  So disgusting...
KRITISCH 09:51:23 [COMBAT_STRIKE_DETAILS] The goblin swordsman slashes the herbalist in the right hand with her ({iron long sword}), tearing apart the fat through the x(skunk leather right glove)x!
KRITISCH 09:51:23 [CANCEL_JOB] ├╣shrir Nokimesis, Fishery Worker cancels Dump item: Interrupted by a goblin swordsman.
KRITISCH 09:51:23 [COMBAT_STRIKE_DETAILS] The goblin swordsman stabs the glassmaker in the right lower leg with her ({iron long sword}), tearing the muscle through the x(pig tail trousers)x!
KRITISCH 09:51:23 [CONFLICT_CONVERSATION] Tode Slossnodub, Goblin Swordsman: Death is all around us.  I am not upset by this.
KRITISCH 09:51:23 [CANCEL_JOB] Adil M├╗thkatsazir, Planter cancels Make unknown material slab: Interrupted by a goblin swordsman.
KRITISCH 09:51:23 [COMBAT_STRIKE_DETAILS] The goblin swordsman stabs the glassmaker in the left lower arm with her ({iron long sword}), tearing apart the muscle through the x(giant cave spider silk shirt)x!
KRITISCH 09:51:23 [CONFLICT_CONVERSATION] Tode Slossnodub, Goblin Swordsman: Those injuries...  This does not scare me.
KRITISCH 09:51:23 [CANCEL_JOB] Kivish G├Ñk├»zkeskal, Trapper cancels Dump item: Interrupted by a goblin swordsman.
KRITISCH 09:51:23 [COMBAT_TWIST_WEAPON] The goblin swordsman pulls on the embedded ({iron long sword}).
KRITISCH 09:51:23 [RESOLVE_SHARED_ITEMS] The goblin swordsman gains possession of the ({iron long sword}).
KRITISCH 09:51:23 [COMBAT_STRIKE_DETAILS] The goblin swordsman stabs the glassmaker in the upper body with her ({iron long sword}), tearing the muscle and tearing apart the liver through the X(giant cave spider silk shirt)X!
KRITISCH 09:51:23 [COMBAT_STRIKE_DETAILS] The goblin swordsman slashes the glassmaker in the left hand with her ({iron long sword}) and the severed part sails off in an arc!
KRITISCH 09:51:23 [CONFLICT_CONVERSATION] Tode Slossnodub, Goblin Swordsman: Death is all around us.  I'm not uneasy.
KRITISCH 09:51:23 [COMBAT_STRIKE_DETAILS] The goblin swordsman slashes the glassmaker in the left lower arm with her ({iron long sword}), tearing apart the muscle through the XX(giant cave spider silk shirt)XX!
KRITISCH 09:51:23 [COMBAT_STRIKE_DETAILS] The goblin swordsman stabs the glassmaker in the right lower leg with her ({iron long sword}), tearing apart the muscle through the X(pig tail trousers)X!
KRITISCH 09:51:23 [COMBAT_STRIKE_DETAILS] The goblin swordsman punches the glassmaker in the fifth toe, left foot with her left hand, tearing apart the skin through the (pig tail shoe)!
KRITISCH 09:51:23 [CANCEL_JOB] Zutthan ├»ngizsirab, Mason cancels Dump item: Interrupted by a goblin swordsman.
KRITISCH 09:51:23 [CANCEL_JOB] Ed├½m G├¡dthurgusil, Craftsdwarf cancels Bring item to depot: Interrupted by a goblin swordsman.
KRITISCH 09:51:23 [COMBAT_STRIKE_DETAILS] The goblin swordsman slashes the glassmaker in the head with her ({iron long sword}) and the severed part sails off in an arc!
KRITISCH 09:53:22 [CANCEL_JOB] Ast K├╗bukroder, Fish Dissector cancels Drink: Interrupted by a goblin swordsman.
KRITISCH 09:53:22 [CITIZEN_DEATH] Dumed Regas├½n, Glassmaker has been found dead.
KRITISCH 09:53:26 [CANCEL_JOB] Besmar ├óbirs├Ñkzul, Gem Setter cancels Dump item: Interrupted by a goblin swordsman.
KRITISCH 09:53:26 [COMBAT_STRIKE_DETAILS] The goblin swordsman scratches the stonecrafter in the left lower arm, bruising the muscle through the rope reed dress!
KRITISCH 09:53:26 [CANCEL_JOB] Mosus Avuzromek, Animal Dissector cancels Make wooden crafts: Interrupted by a goblin swordsman.
KRITISCH 09:53:26 [CANCEL_JOB] Deler Gatinamost, Beekeeper cancels Make unknown material statue: Interrupted by a goblin swordsman.
KRITISCH 09:53:26 [COMBAT_STRIKE_DETAILS] The goblin swordsman slashes the peasant in the upper body with her ({iron long sword}), tearing apart the muscle and tearing apart the right lung through the x(sheep wool shirt)x!
KRITISCH 09:53:26 [COMBAT_STRIKE_DETAILS] The goblin swordsman punches the peasant in the left hand with her left hand, bruising the muscle through the (dingo leather left glove)!
KRITISCH 09:53:26 [COMBAT_STRIKE_DETAILS] The goblin swordsman stabs the peasant in the upper body with her ({iron long sword}) and the injured part is cloven asunder!
KRITISCH 09:53:26 [COMBAT_STRIKE_DETAILS] The goblin swordsman scratches the gem setter in the left hand, tearing the muscle through the x(cave spider silk left glove)x!
KRITISCH 09:53:26 [CANCEL_JOB] Zaneg Onoludos, Lye Maker cancels Mill plants: Interrupted by a goblin swordsman.
KRITISCH 09:53:26 [CITIZEN_DEATH] Zaneg Koganidos, Peasant has been found dead.
KRITISCH 09:53:26 [COMBAT_STRIKE_DETAILS] The goblin swordsman slashes the gem setter in the right foot with her ({iron long sword}), tearing apart the muscle through the x(pig tail shoe)x!
KRITISCH 09:53:29 [COMBAT_STRIKE_DETAILS] The goblin swordsman kicks the recruit in the second toe, left foot with her right foot, tearing apart the skin and bruising the muscle through the (cave spider silk shoe)!
KRITISCH 09:53:29 [COMBAT_STRIKE_DETAILS] The goblin swordsman strikes the gem setter in the right lower arm with the pommel of her ({iron long sword}) and the injured part is crushed!
KRITISCH 09:53:29 [COMBAT_STRIKE_DETAILS] The recruit kicks the goblin swordsman in the right lower arm with her right foot, bruising the muscle!
KRITISCH 09:53:29 [COMBAT_STRIKE_DETAILS] The goblin swordsman stabs the recruit in the right upper arm with her ({iron two-handed sword}) and the severed part sails off in an arc!
KRITISCH 09:53:29 [COMBAT_DODGE] The recruit misses the goblin swordsman!
KRITISCH 09:53:29 [COMBAT_STRIKE_DETAILS] The goblin swordsman stabs the recruit in the left upper arm with her ({iron two-handed sword}), tearing apart the muscle through the X(sheep wool dress)X!
KRITISCH 09:53:29 [COMBAT_STRIKE_DETAILS] The goblin swordsman stabs the gem setter in the left lower leg with her ({iron long sword}), tearing the muscle through the x(rutherer leather trousers)x!
KRITISCH 09:53:29 [COMBAT_JUMP_DODGE_STRIKE] The recruit attacks the goblin swordsman but She jumps away!
KRITISCH 09:53:29 [COMBAT_STRIKE_DETAILS] The goblin swordsman stabs the gem setter in the upper body with her ({iron long sword}), tearing the muscle and tearing apart the middle spine's nervous tissue through the x(pig tail shirt)x!
KRITISCH 09:53:29 [COMBAT_STRIKE_DETAILS] The goblin swordsman stabs the recruit in the head with her ({iron two-handed sword}) and the severed part sails off in an arc!
KRITISCH 09:53:29 [COMBAT_STRIKE_DETAILS] The goblin swordsman stabs the gem setter in the left hand with her ({iron long sword}) and the severed part sails off in an arc!
KRITISCH 09:53:29 [COMBAT_STRIKE_DETAILS] The goblin swordsman slashes the recruit in the lower body with her ({iron two-handed sword}), tearing apart the muscle and tearing apart the left kidney through the x(drunian leather tunic)x!
KRITISCH 09:53:29 [COMBAT_STRIKE_DETAILS] The goblin swordsman stabs the gem setter in the upper body with her ({iron long sword}) and the injured part is cloven asunder!
KRITISCH 09:53:29 [COMBAT_STRIKE_DETAILS] The goblin swordsman slashes the recruit in the right upper arm with her ({iron two-handed sword}), tearing apart the fat!
KRITISCH 09:53:29 [CITIZEN_DEATH] Mafol Dastotisan, Recruit has been found dead.
KRITISCH 09:53:32 [CANCEL_JOB] Moldath ├¿rith├Ñm, Animal Dissector cancels Make unknown material slab: Interrupted by a goblin swordsman.
KRITISCH 09:53:32 [COMBAT_STRIKE_DETAILS] The goblin swordsman strikes the recruit in the left hand with the pommel of her ({iron two-handed sword}) and the injured part is crushed!
KRITISCH 09:53:32 [CANCEL_JOB] Ustuth Nokim├»lun, Herbalist cancels Make unknown material bed: Interrupted by a goblin swordsman.
KRITISCH 09:53:32 [CONFLICT_CONVERSATION] ├╗sbu Stodkutsmob, Goblin Swordsman: I got caught in a miasma.  So disgusting...
KRITISCH 09:53:32 [COMBAT_STRIKE_DETAILS] The recruit punches the goblin swordsman in the right foot with her right hand, bruising the muscle through the ({woolly rhinoceros wool sandal})!
KRITISCH 09:53:32 [COMBAT_EVENT_ENRAGED] The goblin swordsman has become enraged!
KRITISCH 09:53:32 [COMBAT_STRIKE_DETAILS] The goblin swordsman stabs the recruit in the right upper leg with her ({iron two-handed sword}), fracturing the bone through the x(pig tail tunic)x!
KRITISCH 09:53:32 [COMBAT_STRIKE_DETAILS] The recruit bashes the goblin swordsman in the upper body with her (steel mace), bruising the muscle and bruising the left lung through the ({giant cave spider silk tunic})!
KRITISCH 09:53:32 [COMBAT_STRIKE_DETAILS] The recruit punches the goblin swordsman in the right hand with her right hand, bruising the bone through the ({woolly rhinoceros wool right glove})!
KRITISCH 09:53:32 [COMBAT_JUMP_DODGE_STRIKE] The goblin swordsman attacks the recruit but She jumps away!
KRITISCH 09:53:32 [CONFLICT_CONVERSATION] ├╗sbu Stodkutsmob, Goblin Swordsman: Death is all around us.  I feel very uneasy.
KRITISCH 09:53:32 [LOSE_HOLD_OF_ITEM] The goblin swordsman loses hold of the ({iron two-handed sword}).
KRITISCH 09:53:32 [COMBAT_STRIKE_DETAILS] The recruit hacks the goblin swordsman in the neck with her (bronze battle axe) and the severed part sails off in an arc!
KRITISCH 09:53:32 [CITIZEN_DEATH] Besmar ├óbirs├Ñkzul, Gem Setter has been found dead.
KRITISCH 09:53:35 [CANCEL_JOB] Inod ├«gamzasit, Carpenter cancels Make unknown material statue: Interrupted by a goblin swordsman.
KRITISCH 09:53:35 [CANCEL_JOB] Olon Kasbeninod, Carpenter cancels Eat: Interrupted by a goblin swordsman.
KRITISCH 09:53:35 [CANCEL_JOB] Tekkud Stizashed├½m, Miner cancels Make unknown material bed: Interrupted by a goblin swordsman.
KRITISCH 09:53:35 [COMBAT_STRIKE_DETAILS] The goblin swordsman slashes the hammerdwarf in the left lower leg with her ({iron long sword}) and the severed part sails off in an arc!
KRITISCH 09:53:35 [COMBAT_JUMP_DODGE_STRIKE] The hammerdwarf attacks the goblin swordsman but She jumps away!
KRITISCH 09:53:35 [COMBAT_STRIKE_DETAILS] The goblin swordsman stabs the hammerdwarf in the right hand with her ({iron long sword}) and the severed part sails off in an arc!
KRITISCH 09:53:35 [COMBAT_STRIKE_DETAILS] The goblin swordsman stabs the hammerdwarf in the head with her ({iron long sword}) and the severed part sails off in an arc!
KRITISCH 09:53:35 [COMBAT_STRIKE_DETAILS] The goblin swordsman stabs the recruit in the neck with her ({iron long sword}) and the severed part sails off in an arc!
KRITISCH 09:53:35 [COMBAT_STRIKE_DETAILS] The goblin swordsman stabs the recruit in the left hand with her ({iron long sword}), tearing apart the muscle through the x(pig tail left glove)x!
KRITISCH 09:53:35 [COMBAT_STRIKE_DETAILS] The goblin swordsman slashes the recruit in the lower body with her ({iron long sword}), tearing apart the muscle through the x(cave spider silk shirt)x and spilling her guts!
KRITISCH 09:53:35 [CITIZEN_DEATH] Ustuth Geshudnil, Hammerdwarf has been found dead.
KRITISCH 09:53:35 [CITIZEN_DEATH] Erib Mebrig├▓th, Recruit has been found dead.
KRITISCH 09:53:38 [COMBAT_STRIKE_DETAILS] The recruit punches the goblin swordsman in the right lower leg with her right hand, bruising the muscle through the ({wild boar leather trousers})!
KRITISCH 09:53:41 [COMBAT_STRIKE_DETAILS] The goblin swordsman kicks the recruit in the right lower arm with her left foot, bruising the muscle through the x(cave spider silk shirt)x!
KRITISCH 09:53:41 [COMBAT_STRIKE_DETAILS] The recruit punches the goblin swordsman in the head with his right hand, bruising the muscle!
KRITISCH 09:53:41 [COMBAT_STRIKE_DETAILS] The recruit strikes the goblin swordsman in the left hand with her (iron shield) and the injured part explodes into gore!
KRITISCH 09:53:41 [COMBAT_STRIKE_DETAILS] The marksdwarf punches the goblin swordsman in the lower body with her right hand, bruising the muscle and bruising the guts through the ({giant cave spider silk tunic})!
KRITISCH 09:53:41 [COMBAT_WRESTLE_RELEASE_GRIP] The recruit releases the grip of The recruit's right hand on the goblin swordsman's third finger, left hand.
KRITISCH 09:53:41 [COMBAT_STRIKE_DETAILS] The recruit punches the goblin swordsman in the left eye with his left hand, bruising the left eyelid's skin!
KRITISCH 09:53:41 [COMBAT_STRIKE_DETAILS] The recruit bites the goblin swordsman in the head, tearing the muscle!
KRITISCH 09:53:41 [COMBAT_STRIKE_DETAILS] The recruit strikes the goblin swordsman in the left hand with her (iron shield), shattering the bone through the ({large rat leather left glove})!
KRITISCH 09:53:41 [COMBAT_STRIKE_DETAILS] The recruit punches the goblin swordsman in the right lower arm with his right hand, bruising the bone!
KRITISCH 09:53:41 [COMBAT_STRIKE_DETAILS] The marksdwarf punches the goblin swordsman in the left upper arm with her right hand, bruising the muscle!
KRITISCH 09:53:41 [COMBAT_STRIKE_DETAILS] The recruit punches the goblin swordsman in the head with his left hand, bruising the muscle!
KRITISCH 09:53:41 [COMBAT_STRIKE_DETAILS] The goblin swordsman stabs the recruit in the left upper arm with her ({iron long sword}), tearing apart the fat through the x(giant cave spider silk dress)x!
KRITISCH 09:53:41 [LOSE_HOLD_OF_ITEM] The goblin swordsman loses hold of the x({cave spider silk sandal})x.
KRITISCH 09:53:41 [LOSE_HOLD_OF_ITEM] The goblin swordsman loses hold of the x({cave spider silk sock})x.
KRITISCH 09:53:41 [COMBAT_STRIKE_DETAILS] The recruit hacks the goblin swordsman in the left foot with her (bronze battle axe) and the severed part sails off in an arc!
KRITISCH 09:53:41 [CANCEL_JOB] Zutthan ├»ngizsirab, Mason cancels Make unknown material statue: Interrupted by a goblin swordsman.
KRITISCH 09:53:41 [COMBAT_STRIKE_DETAILS] The recruit shakes the goblin swordsman around by the head, tearing apart the head's fat!
KRITISCH 09:53:41 [COMBAT_STRIKE_DETAILS] The recruit strikes the goblin swordsman in the right lower leg with her (iron shield), bruising the bone through the ({wild boar leather trousers})!
KRITISCH 09:53:41 [COMBAT_STRIKE_DETAILS] The recruit scratches the goblin swordsman in the lower body, tearing the fat and bruising the muscle and bruising the stomach through the x({giant cave spider silk tunic})x!
KRITISCH 09:53:41 [COMBAT_DODGE] The goblin swordsman misses the recruit!
KRITISCH 09:53:41 [COMBAT_STRIKE_DETAILS] The marksdwarf punches the goblin swordsman in the left hand with her right hand, bruising the bone through the ({large rat leather left glove})!
KRITISCH 09:53:41 [COMBAT_STRIKE_DETAILS] The recruit kicks the goblin swordsman in the left upper arm with her left foot, bruising the muscle!
KRITISCH 09:53:41 [COMBAT_STRIKE_DETAILS] The recruit hacks the goblin swordsman in the lower body with her (bronze battle axe), tearing apart the muscle through the X({giant cave spider silk tunic})X and spilling her foul guts!
KRITISCH 09:53:41 [COMBAT_WRESTLE_RELEASE_GRIP] The recruit releases the grip of The recruit's right hand on the goblin swordsman's fifth toe, right foot.
KRITISCH 09:53:41 [COMBAT_STRIKE_DETAILS] The marksdwarf kicks the goblin swordsman in the left upper arm with her left foot, bruising the muscle!
KRITISCH 09:53:41 [COMBAT_STRIKE_DETAILS] The recruit punches the goblin swordsman in the right lower arm with his right hand, bruising the muscle!
KRITISCH 09:53:41 [COMBAT_STRIKE_DETAILS] The recruit scratches the goblin swordsman in the head, tearing the muscle!
KRITISCH 09:53:41 [COMBAT_STRIKE_DETAILS] The recruit strikes the goblin swordsman in the head with her (iron shield), bruising the muscle and fracturing the skull!
KRITISCH 09:53:41 [COMBAT_STRIKE_DETAILS] The recruit grabs the goblin swordsman by the thumb, left hand with his left upper arm!
KRITISCH 09:53:41 [LOSE_HOLD_OF_ITEM] The goblin swordsman loses hold of the ({iron long sword}).
KRITISCH 09:53:41 [COMBAT_STRIKE_DETAILS] The marksdwarf punches the goblin swordsman in the head with her right hand, bruising the muscle!
KRITISCH 09:53:41 [COMBAT_STRIKE_DETAILS] The recruit strikes the goblin swordsman in the head with her (┬½iron buckler┬╗) and the injured part explodes into gore!
KRITISCH 09:53:41 [CITIZEN_DEATH] Uzol Kanvutok, Recruit has been found dead.
KRITISCH 09:54:19 [CANCEL_JOB] Udil Rungaksazir, Recruit cancels Drink: Interrupted by a goblin pikeman.
KRITISCH 09:54:22 [CANCEL_JOB] Kosoth Mism├╗thkat, Recruit cancels Drink: Interrupted by a goblin pikeman.
KRITISCH 09:54:22 [COMBAT_JUMP_DODGE_STRIKE] The recruit attacks the goblin pikeman but He jumps away!
KRITISCH 09:54:22 [COMBAT_JUMP_DODGE_STRIKE] The goblin pikeman attacks the recruit but He jumps away!
KRITISCH 09:54:22 [COMBAT_STRIKE_DETAILS] The recruit kicks the goblin pikeman in the neck with his left foot, bruising the muscle and bruising the upper spine's bone!
KRITISCH 09:54:22 [COMBAT_STRIKE_DETAILS] The goblin pikeman stabs the recruit in the lower body with his ({silver pike}), tearing the muscle and tearing the guts through the X(giant cave spider silk dress)X!
KRITISCH 09:54:22 [COMBAT_DODGE] The recruit misses the goblin pikeman!
KRITISCH 09:54:22 [COMBAT_TWIST_WEAPON] The goblin pikeman pulls on the embedded ({silver pike}).
KRITISCH 09:54:22 [RESOLVE_SHARED_ITEMS] The goblin pikeman gains possession of the ({silver pike}).
KRITISCH 09:54:22 [COMBAT_START_CHARGE] The goblin pikeman charges at the recruit!
KRITISCH 09:54:22 [COMBAT_CHARGE_COLLISION] The goblin pikeman collides with the recruit!
KRITISCH 09:54:22 [NOT_STUNNED] The goblin pikeman is no longer stunned.
KRITISCH 09:54:22 [COMBAT_STRIKE_DETAILS] The swordsdwarf slashes the goblin pikeman in the right lower arm with her ({-bismuth bronze short sword-}) and the severed part sails off in an arc!
KRITISCH 09:54:22 [COMBAT_DODGE] The goblin pikeman misses the swordsdwarf!
KRITISCH 09:54:22 [COMBAT_STRIKE_DETAILS] The goblin pikeman punches the recruit in the fourth finger, left hand with his right hand and the injured part explodes into gore!
KRITISCH 09:54:22 [COMBAT_STRIKE_DETAILS] The goblin pikeman stabs the recruit in the upper body with her ({iron pike}), tearing the muscle and tearing the right lung through the XX(giant cave spider silk dress)XX!
KRITISCH 09:54:31 [COMBAT_STRIKE_DETAILS] The swordsdwarf stabs the goblin pikeman in the upper body with her ({-bismuth bronze short sword-}), tearing the muscle, shattering the left floating ribs and tearing apart the liver through the x({woolly rhinoceros wool tunic})x!
KRITISCH 09:54:31 [COMBAT_TWIST_WEAPON] The goblin pikeman pulls on the embedded ({iron pike}).
KRITISCH 09:54:31 [RESOLVE_SHARED_ITEMS] The goblin pikeman gains possession of the ({iron pike}).
KRITISCH 09:54:31 [COMBAT_DODGE] The recruit misses the goblin crossbowman!
KRITISCH 09:54:31 [COMBAT_STRIKE_DETAILS] The swordsdwarf stabs the goblin pikeman in the right upper leg with her ({-bismuth bronze short sword-}), fracturing the bone through the X({woolly rhinoceros wool tunic})X!
KRITISCH 09:54:31 [COMBAT_STRIKE_DETAILS] The goblin pikeman stabs the recruit in the right upper leg with her ({iron pike}), fracturing the bone through the XX(giant cave spider silk dress)XX!
KRITISCH 09:54:31 [FALL_OVER] The goblin pikeman falls over.
KRITISCH 09:54:31 [STAND_UP] The goblin pikeman stands up.
KRITISCH 09:54:31 [COMBAT_PARRY] The goblin pikeman strikes at the swordsdwarf but the shot is deftly parried by the ({-bismuth bronze short sword-})!
KRITISCH 09:54:32 [COMBAT_STRIKE_DETAILS] The goblin pikeman stabs the recruit in the right foot with her ({iron pike}), fracturing the bone through the x(drunian leather shoe)x!
KRITISCH 09:54:32 [COMBAT_STRIKE_DETAILS] The swordsdwarf stabs the goblin pikeman in the upper body with her ({-bismuth bronze short sword-}) and the injured part is cloven asunder!
KRITISCH 09:54:32 [COMBAT_JUMP_DODGE_STRIKE] The goblin pikeman attacks the swordsdwarf but She jumps away!
KRITISCH 09:54:32 [LOSE_HOLD_OF_ITEM] The goblin pikeman loses hold of the ({giant cave spider silk sandal}).
KRITISCH 09:54:32 [LOSE_HOLD_OF_ITEM] The goblin pikeman loses hold of the ({troll fur sock}).
KRITISCH 09:54:32 [COMBAT_STRIKE_DETAILS] The swordsdwarf slashes the goblin pikeman in the right lower leg with her ({-bismuth bronze short sword-}) and the severed part sails off in an arc!
KRITISCH 09:54:32 [COMBAT_STRIKE_DETAILS] The goblin pikeman stabs the recruit in the head with her ({iron pike}), tearing the muscle and fracturing the skull!
KRITISCH 09:54:32 [CONFLICT_CONVERSATION] Damsto Okomosta, Goblin Pikeman: Death is all around us.  I'm so distressed about this!
KRITISCH 09:54:32 [CONFLICT_CONVERSATION] Smestre Sostrotusle, Goblin Crossbowman: Death is all around us.  This is truly horrifying.
KRITISCH 09:54:32 [COMBAT_STRIKE_DETAILS] The goblin pikeman stabs the recruit in the head with her ({iron pike}) and the injured part is cloven asunder!
KRITISCH 09:54:32 [COMBAT_STRIKE_DETAILS] The swordsdwarf scratches the goblin pikeman in the upper body, tearing the fat and bruising the muscle and bruising the left lung through the x({giant cave spider silk tunic})x!
KRITISCH 09:54:32 [CONFLICT_CONVERSATION] Nguslu Umuzuksos, Goblin Pikeman: Death...  I'm so distressed about this!
KRITISCH 09:54:32 [COMBAT_STRIKE_DETAILS] The swordsdwarf stabs the goblin pikeman in the right upper leg with her ({-bismuth bronze short sword-}), fracturing the bone through the X({giant cave spider silk tunic})X!
KRITISCH 09:54:32 [CONFLICT_CONVERSATION] Azstrog Ozastozu, Goblin Pikeman: Death...  I feel very uneasy.
KRITISCH 09:54:32 [LOSE_HOLD_OF_ITEM] The goblin pikeman loses hold of the ({giant earthworm leather left glove}).
KRITISCH 09:54:32 [COMBAT_STRIKE_DETAILS] The swordsdwarf stabs the goblin pikeman in the left upper arm with her ({-bismuth bronze short sword-}) and the severed part sails off in an arc!
KRITISCH 09:54:32 [CONFLICT_CONVERSATION] Smestre Sostrotusle, Goblin Crossbowman: Death...  This is truly horrifying.
KRITISCH 09:54:32 [COMBAT_STRIKE_DETAILS] The swordsdwarf stabs the goblin pikeman in the right upper arm with her ({-bismuth bronze short sword-}), tearing apart the muscle!
KRITISCH 09:54:32 [LOSE_HOLD_OF_ITEM] The goblin pikeman loses hold of the ({iron pike}).
KRITISCH 09:54:32 [CITIZEN_DEATH] Kosoth Mism├╗thkat, Recruit has been found dead.
KRITISCH 09:54:32 [COMBAT_STRIKE_DETAILS] The swordsdwarf stabs the goblin pikeman in the right ear with her ({-bismuth bronze short sword-}) and the severed part sails off in an arc!
KRITISCH 09:54:32 [COMBAT_STRIKE_DETAILS] The swordsdwarf stabs the goblin pikeman in the upper body with her ({-bismuth bronze short sword-}), tearing the muscle and tearing apart the liver through the XX({giant cave spider silk tunic})XX!
KRITISCH 09:54:32 [COMBAT_STRIKE_DETAILS] The swordsdwarf slashes the goblin pikeman in the upper body with her ({-bismuth bronze short sword-}), tearing apart the muscle and tearing apart the left lung through the XX({giant cave spider silk tunic})XX!
KRITISCH 09:54:32 [COMBAT_EVENT_WINDED] The goblin pikeman is having trouble breathing!
KRITISCH 09:54:32 [COMBAT_BLOCK] The goblin pikeman strikes at the swordsdwarf but the shot is blocked!
KRITISCH 09:54:32 [CONFLICT_CONVERSATION] Damsto Okomosta, Goblin Pikeman: I've been injured badly.  There is no hope!
KRITISCH 09:54:32 [COMBAT_STRIKE_DETAILS] The swordsdwarf stabs the goblin pikeman in the nose with her ({-bismuth bronze short sword-}) and the severed part sails off in an arc!
KRITISCH 09:54:32 [COMBAT_STRIKE_DETAILS] The swordsdwarf stabs the goblin pikeman in the lower body with her ({-bismuth bronze short sword-}), tearing the muscle and tearing the guts through the XX({giant cave spider silk trousers})XX!
KRITISCH 09:54:32 [COMBAT_EVENT_NAUSEATED] The goblin pikeman looks sick!
KRITISCH 09:54:32 [PAIN_KO] The goblin pikeman gives in to pain.
KRITISCH 09:54:32 [COMBAT_JUMP_DODGE_STRIKE] The swordsdwarf attacks the goblin pikeman but He jumps away!
KRITISCH 09:54:38 [COMBAT_PARRY] The swordsdwarf strikes at the goblin pikeman but the shot is parried by the ({copper pike})!
KRITISCH 09:54:38 [CONFLICT_CONVERSATION] Azstrog Ozastozu, Goblin Pikeman: Death is all around us.  I feel very uneasy.
KRITISCH 09:54:38 [CONFLICT_CONVERSATION] Nguslu Umuzuksos, Goblin Pikeman: Death...  I feel very uneasy.
KRITISCH 09:54:38 [COMBAT_BLOCK] The goblin pikeman strikes at the swordsdwarf but the shot is blocked with the ({+bismuth bronze shield+})!
KRITISCH 09:54:38 [CONFLICT_CONVERSATION] Ago Dangkug, Goblin Pikeman: Death is all around us.  I feel very uneasy.
KRITISCH 09:54:38 [COMBAT_STRIKE_DETAILS] The swordsdwarf stabs the goblin pikeman in the lower body with her ({-bismuth bronze short sword-}), tearing the muscle and tearing the guts through the x({cave spider silk tunic})x!
KRITISCH 09:54:38 [LOSE_HOLD_OF_ITEM] The goblin pikeman loses hold of the ({troll fur left glove}).
KRITISCH 09:54:38 [COMBAT_STRIKE_DETAILS] The swordsdwarf slashes the goblin pikeman in the left upper arm with her ({-bismuth bronze short sword-}) and the severed part sails off in an arc!
KRITISCH 09:54:38 [VOMIT] The goblin pikeman vomits.
KRITISCH 09:54:41 [LOSE_HOLD_OF_ITEM] The goblin pikeman loses hold of the x({cave spider silk shoe})x.
KRITISCH 09:54:41 [LOSE_HOLD_OF_ITEM] The goblin pikeman loses hold of the x({cave spider silk sock})x.
KRITISCH 09:54:41 [COMBAT_STRIKE_DETAILS] The swordsdwarf slashes the goblin pikeman in the right foot with her ({-bismuth bronze short sword-}) and the severed part sails off in an arc!
KRITISCH 09:54:41 [CONFLICT_CONVERSATION] Ago Dangkug, Goblin Pikeman: I've been wounded.  That's very annoying.
KRITISCH 09:54:41 [VOMIT] The goblin pikeman retches.
KRITISCH 09:54:41 [COMBAT_STRIKE_DETAILS] The swordsdwarf slashes the goblin pikeman in the right upper leg with her ({-bismuth bronze short sword-}) and the severed part sails off in an arc!
KRITISCH 09:54:41 [COMBAT_STRIKE_DETAILS] The swordsdwarf punches the goblin pikeman in the lower body with her right hand, bruising the muscle and bruising the left kidney through the X({cave spider silk tunic})X!
KRITISCH 09:54:41 [COMBAT_STRIKE_DETAILS] The swordsdwarf stabs the goblin pikeman in the upper body with her ({-bismuth bronze short sword-}), tearing the muscle and tearing apart the right lung through the XX({cave spider silk tunic})XX!
KRITISCH 09:54:41 [LOSE_HOLD_OF_ITEM] The goblin pikeman loses hold of the ({cave spider silk shoe}).
KRITISCH 09:54:41 [LOSE_HOLD_OF_ITEM] The goblin pikeman loses hold of the ({cave spider silk sock}).
KRITISCH 09:54:41 [COMBAT_STRIKE_DETAILS] The swordsdwarf slashes the goblin pikeman in the left upper leg with her ({-bismuth bronze short sword-}) and the severed part sails off in an arc!
KRITISCH 09:54:41 [CONFLICT_CONVERSATION] Nguslu Umuzuksos, Goblin Pikeman: Death is all around us.  I feel very uneasy.
KRITISCH 09:54:41 [CONFLICT_CONVERSATION] Smunstu Dostngospgoslust, Goblin Bowman: Death...  I feel very uneasy.
KRITISCH 09:54:41 [CONFLICT_CONVERSATION] Utes Atuspubta, Goblin Bowman: Death is all around us.  I feel very uneasy.
KRITISCH 09:54:41 [CONFLICT_CONVERSATION] Dostngosp Nguslusmob, Goblin Bowman: Death...  That's alarming!
KRITISCH 09:54:41 [CONFLICT_CONVERSATION] Asno Nusmosta, Goblin Bowman: Death...  I feel very uneasy.
KRITISCH 09:54:41 [COMBAT_PARRY] The swordsdwarf strikes at the goblin pikeman but the shot is parried by the ({iron pike})!
KRITISCH 09:54:41 [COMBAT_STRIKE_DETAILS] The swordsdwarf slashes the goblin crossbowman in the upper body with her ({-bismuth bronze short sword-}), tearing apart the muscle and tearing apart the left lung through the x({woolly rhinoceros wool tunic})x!
KRITISCH 09:54:41 [COMBAT_EVENT_WINDED] The goblin crossbowman is having trouble breathing!
KRITISCH 09:54:41 [COMBAT_STRIKE_DETAILS] The swordsdwarf stabs the goblin crossbowman in the lower body with her ({-bismuth bronze short sword-}), tearing the muscle and tearing apart the right kidney through the x({honey badger leather trousers})x!
KRITISCH 09:54:41 [COMBAT_PARRY] The swordsdwarf strikes at the goblin pikeman but the shot is narrowly deflected by the ({iron pike})!
KRITISCH 09:54:41 [COMBAT_JUMP_DODGE_STRIKE] The swordsdwarf attacks the goblin crossbowman but She jumps away!
KRITISCH 09:54:44 [CANCEL_JOB] Nil Zonr├¡bar, Stonecrafter cancels Pickup equipment: Interrupted by a goblin pikeman.
KRITISCH 09:54:44 [CANCEL_JOB] Reg Dakostum├Ñm, Administrator cancels Place item in tomb: Interrupted by a goblin pikeman.
KRITISCH 09:54:44 [COMBAT_JUMP_DODGE_STRIKE] The swordsdwarf attacks the goblin pikeman but She jumps away!
KRITISCH 09:54:44 [COMBAT_STRIKE_DETAILS] The goblin pikeman stabs the swordsdwarf in the left lower arm with his ({iron pike}), bruising the muscle through the ({+steel left gauntlet+})!
KRITISCH 09:54:44 [LOSE_HOLD_OF_ITEM] The goblin pikeman loses hold of the ({giant cave spider silk shoe}).
KRITISCH 09:54:44 [COMBAT_STRIKE_DETAILS] The swordsdwarf slashes the goblin pikeman in the left lower leg with her ({-bismuth bronze short sword-}) and the severed part sails off in an arc!
KRITISCH 09:54:44 [CANCEL_JOB] Deler N├»ngk├╗buk, Stonecrafter cancels Place item in tomb: Interrupted by a goblin pikeman.
KRITISCH 09:54:44 [COMBAT_PARRY] The swordsdwarf strikes at the goblin pikeman but the shot is deflected by the ({iron pike})!
KRITISCH 09:54:44 [CANCEL_JOB] Tekkud Ruth├╢shurdim, Herbalist cancels Place item in tomb: Interrupted by a goblin pikeman.
KRITISCH 09:54:44 [COMBAT_STRIKE_DETAILS] The goblin pikeman stabs the swordsdwarf in the right upper leg with her ({iron pike}), bruising the muscle through the ({+bismuth bronze mail shirt+})!
KRITISCH 09:54:44 [CONFLICT_CONVERSATION] Smestre Sostrotusle, Goblin Crossbowman: I've been injured badly.  There is no hope!
KRITISCH 09:54:44 [COMBAT_STRIKE_DETAILS] The swordsdwarf stabs the goblin pikeman in the lower body with her ({-bismuth bronze short sword-}), tearing the muscle and tearing apart the right kidney through the x({troll fur tunic})x!
KRITISCH 09:54:44 [COMBAT_STRIKE_DETAILS] The goblin pikeman stabs the swordsdwarf in the right lower leg with his ({iron pike}), bruising the muscle through the ({+bronze chain leggings+})!
KRITISCH 09:54:44 [CONFLICT_CONVERSATION] Atu Urar├╗rer, Goblin Pikeman: I've been injured badly.  I feel hopeless.
KRITISCH 09:54:44 [CANCEL_JOB] Id Regmozib, Recruit cancels Drink: Interrupted by a goblin pikeman.
KRITISCH 09:54:44 [COMBAT_PARRY] The goblin pikeman strikes at the swordsdwarf but the shot is deflected by the ({-bismuth bronze short sword-})!
KRITISCH 09:54:44 [COMBAT_STRIKE_DETAILS] The swordsdwarf slashes the goblin pikeman in the right foot with her ({-bismuth bronze short sword-}), tearing apart the muscle through the x({giant cave spider silk shoe})x!
KRITISCH 09:54:44 [COMBAT_STRIKE_DETAILS] The goblin pikeman stabs the swordsdwarf in the right lower arm with his ({iron pike}), bruising the fat through the ({+steel right gauntlet+})!
KRITISCH 09:54:44 [CONFLICT_CONVERSATION] Azstrog Ozastozu, Goblin Pikeman: I have improved my fighting.  That was satisfying.
KRITISCH 09:54:44 [CANCEL_JOB] Zutthan ├»ngizsirab, Mason cancels Place item in tomb: Interrupted by a goblin pikeman.
KRITISCH 09:54:44 [COMBAT_PARRY] The swordsdwarf strikes at the goblin maceman but the shot is deftly parried by the ({copper flail})!
KRITISCH 09:54:44 [COMBAT_STRIKE_DETAILS] The goblin maceman bashes the swordsdwarf in the lower body with her ({copper flail}), bruising the muscle and bruising the guts through the ({+bismuth bronze mail shirt+})!
KRITISCH 09:54:44 [COMBAT_STRIKE_DETAILS] The goblin pikeman stabs the swordsdwarf in the lower body with her ({iron pike}), bruising the muscle and bruising the pancreas through the ({+bismuth bronze mail shirt+})!
KRITISCH 09:54:44 [COMBAT_STRIKE_DETAILS] The goblin pikeman stabs the swordsdwarf in the head with his ({iron pike}), tearing the muscle and fracturing the skull through the x({┬½-bismuth bronze cap-┬╗})x!
KRITISCH 09:54:47 [COMBAT_STRIKE_DETAILS] The goblin maceman bashes the swordsdwarf in the right upper leg with her ({copper flail}) and the injured part is crushed!
KRITISCH 09:54:47 [COMBAT_STRIKE_DETAILS] The goblin pikeman scratches the swordsdwarf in the left ear and the severed part sails off in an arc!
KRITISCH 09:54:47 [COMBAT_STRIKE_DETAILS] The swordsdwarf bites the goblin pikeman in the left hand, bruising the muscle through the ({giant cave spider silk left glove})!
KRITISCH 09:54:47 [COMBAT_STRIKE_DETAILS] The goblin pikeman scratches the swordsdwarf in the left upper arm, bruising the fat through the ({+bismuth bronze mail shirt+})!
KRITISCH 09:54:47 [COMBAT_DODGE] The swordsdwarf misses the goblin pikeman!
KRITISCH 09:54:47 [COMBAT_STRIKE_DETAILS] The goblin pikeman kicks the swordsdwarf in the head with her left foot, bruising the muscle!
KRITISCH 09:54:47 [CANCEL_JOB] Vutok Avuzum, broker cancels Make unknown material bed: Interrupted by a goblin pikeman.
KRITISCH 09:54:47 [CANCEL_JOB] Iden ├àblelzatthud, Herbalist cancels Brew drink from plant: Interrupted by a goblin pikeman.
KRITISCH 09:54:47 [CANCEL_JOB] Catten Dumatk├╗buk, Herbalist cancels Drink: Interrupted by a goblin pikeman.
KRITISCH 09:54:47 [COMBAT_STRIKE_DETAILS] The goblin pikeman stabs the swordsdwarf in the left lower arm with her ({iron pike}), bruising the muscle through the ({+steel left gauntlet+})!
KRITISCH 09:54:47 [COMBAT_STRIKE_DETAILS] The goblin maceman kicks the swordsdwarf in the right eye with her right foot, but the attack glances away!
KRITISCH 09:54:47 [COMBAT_STRIKE_DETAILS] The goblin pikeman stabs the swordsdwarf in the right upper leg with his ({iron pike}), fracturing the bone and shattering the right hip's bone through the ({+bismuth bronze mail shirt+})!
KRITISCH 09:54:47 [CONFLICT_CONVERSATION] Azstrog Ozastozu, Goblin Pikeman: I've been wounded.  That's very annoying.
KRITISCH 09:54:47 [COMBAT_STRIKE_DETAILS] The goblin pikeman bashes the swordsdwarf in the left hand with the shaft of her ({iron pike}), bruising the muscle through the ({+steel left gauntlet+})!
KRITISCH 09:54:47 [COMBAT_STRIKE_DETAILS] The goblin pikeman stabs the swordsdwarf in the upper body with her ({iron pike}), bruising the muscle and bruising the left lung through the ({+bismuth bronze mail shirt+})!
KRITISCH 09:54:47 [COMBAT_STRIKE_DETAILS] The goblin pikeman stabs the swordsdwarf in the upper body with his ({iron pike}), bruising the muscle and shattering the right false ribs through the ({+bismuth bronze mail shirt+})!
KRITISCH 09:54:47 [COMBAT_STRIKE_DETAILS] The goblin maceman bashes the swordsdwarf in the head with her ({copper flail}) and the injured part explodes into gore!
KRITISCH 09:54:47 [CANCEL_JOB] Tekkud Stizashed├½m, Miner cancels Place item in tomb: Interrupted by a goblin pikeman.
KRITISCH 09:54:47 [CITIZEN_DEATH] Datan Dedukathel, Swordsdwarf has been found dead.
KRITISCH 09:54:50 [CONFLICT_CONVERSATION] Azstrog Ozastozu, Goblin Pikeman: I have improved my pike.  That was satisfying.
KRITISCH 09:54:50 [CONFLICT_CONVERSATION] Smestre Sostrotusle, Goblin Crossbowman: Death is all around us.  I feel very uneasy.
KRITISCH 09:54:50 [CANCEL_JOB] Medtob Zimkol, Jeweler cancels Store item in stockpile: Interrupted by a goblin pikeman.
KRITISCH 09:54:50 [CANCEL_JOB] Ed├½m G├¡dthurgusil, Craftsdwarf cancels Make bone crafts: Interrupted by a goblin pikeman.
KRITISCH 09:54:50 [CANCEL_JOB] Dastot Rulushdomas, Planter cancels Make unknown material bed: Interrupted by a goblin pikeman.
KRITISCH 09:54:50 [CANCEL_JOB] Domas N├«lesshem, Herbalist cancels Brew drink from plant: Interrupted by a goblin swordsman.
KRITISCH 09:54:50 [CANCEL_JOB] Adil M├╗thkatsazir, Planter cancels Brew drink from plant: Interrupted by a goblin swordsman.
KRITISCH 09:54:50 [CANCEL_JOB] Olon Kasbeninod, Carpenter cancels Drink: Interrupted by a goblin swordsman.
KRITISCH 09:54:54 [CONFLICT_CONVERSATION] Azstrog Ozastozu, Goblin Pikeman: Our time in The Eternal Domain is so brief...  Begone fear!
KRITISCH 09:54:54 [STAND_UP] The goblin bowman stands up.
KRITISCH 09:54:54 [CANCEL_JOB] Ducim Vudtharth├«kut, Surgeon cancels Place item in tomb: Interrupted by a goblin swordsman.
KRITISCH 09:54:54 [STAND_UP] The goblin bowman stands up.
KRITISCH 09:54:54 [COMBAT_DODGE] The recruit misses the goblin swordsman!
KRITISCH 09:54:54 [COMBAT_STRIKE_DETAILS] The goblin swordsman slashes the recruit in the right upper arm with her ({iron short sword}), tearing apart the muscle!
KRITISCH 09:54:54 [CONFLICT_CONVERSATION] Strodno Nakoxedub, Goblin Swordsman: Has the tide turned?  I must press on!
KRITISCH 09:54:54 [COMBAT_JUMP_DODGE_STRIKE] The recruit attacks the goblin swordsman but She jumps away!
KRITISCH 09:54:54 [COMBAT_JUMP_DODGE_STRIKE] The goblin swordsman attacks the recruit but He jumps away!
KRITISCH 09:54:54 [COMBAT_STRIKE_DETAILS] The recruit scratches the goblin swordsman in the right foot, bruising the muscle through the ({giant cave spider silk sandal})!
KRITISCH 09:54:54 [COMBAT_PARRY] The recruit strikes at the goblin swordsman but the shot is deftly parried by the ({iron short sword})!
KRITISCH 09:54:54 [COMBAT_STRIKE_DETAILS] The goblin swordsman slashes the recruit in the lower body with her ({iron short sword}), tearing apart the muscle through the X(pig tail tunic)X and spilling her guts!
KRITISCH 09:54:54 [COMBAT_JUMP_DODGE_STRIKE] The recruit attacks the goblin swordsman but She jumps away!
KRITISCH 09:54:54 [COMBAT_PARRY] The recruit strikes at the goblin swordsman but the shot is deftly parried by the ({iron short sword})!
KRITISCH 09:54:54 [COMBAT_STRIKE_DETAILS] The goblin swordsman slashes the recruit in the right upper arm with her ({iron short sword}), tearing apart the muscle!
KRITISCH 09:54:54 [COMBAT_TWIST_WEAPON] The goblin swordsman pulls on the embedded ({iron short sword}).
KRITISCH 09:54:54 [RESOLVE_SHARED_ITEMS] The goblin swordsman gains possession of the ({iron short sword}).
KRITISCH 09:54:54 [COMBAT_DODGE] The recruit misses the goblin swordsman!
KRITISCH 09:54:54 [COMBAT_DODGE] The recruit misses the goblin swordsman!
KRITISCH 09:54:54 [COMBAT_STRIKE_DETAILS] The goblin swordsman stabs the recruit in the left lower leg with her ({iron short sword}), fracturing the bone through the XX(pig tail trousers)XX!
KRITISCH 09:55:03 [COMBAT_STRIKE_DETAILS] The recruit punches the goblin swordsman in the right lower leg with his right hand, bruising the muscle through the ({cave spider silk trousers})!
KRITISCH 09:55:03 [FALL_OVER] The goblin swordsman falls over.
KRITISCH 09:55:03 [COMBAT_JUMP_DODGE_STRIKE] The goblin swordsman attacks the recruit but He jumps away!
KRITISCH 09:55:03 [COMBAT_TWIST_WEAPON] The goblin swordsman pulls on the embedded ({iron short sword}).
KRITISCH 09:55:03 [RESOLVE_SHARED_ITEMS] The goblin swordsman gains possession of the ({iron short sword}).
KRITISCH 09:55:03 [COMBAT_STRIKE_DETAILS] The goblin swordsman stabs the recruit in the head with her ({iron short sword}) and the severed part sails off in an arc!
KRITISCH 09:55:03 [COMBAT_STRIKE_DETAILS] The recruit punches the goblin swordsman in the right upper leg with his right hand, bruising the muscle through the ({eagle leather tunic})!
KRITISCH 09:55:03 [CITIZEN_DEATH] Doren Ilralshoduk, Recruit has been found dead.
KRITISCH 09:55:06 [COMBAT_STRIKE_DETAILS] The wrestler punches the goblin swordsman in the right foot with his right hand, bruising the muscle through the x({giant cave spider silk sandal})x!
KRITISCH 09:55:06 [COMBAT_STRIKE_DETAILS] The recruit punches the goblin swordsman in the right lower leg with her right hand, bruising the bone through the ({cave spider silk trousers})!
KRITISCH 09:55:06 [COMBAT_JUMP_DODGE_STRIKE] The goblin swordsman attacks the recruit but She jumps away!
KRITISCH 09:55:06 [CONFLICT_CONVERSATION] Strodno Nakoxedub, Goblin Swordsman: Death is all around us.  This is truly horrifying.
KRITISCH 09:55:06 [COMBAT_STRIKE_DETAILS] The recruit punches the goblin swordsman in the right lower arm with her right hand, bruising the muscle!
KRITISCH 09:55:06 [COMBAT_STRIKE_DETAILS] The recruit punches the goblin swordsman in the left lower leg with his left hand, bruising the muscle through the ({cave spider silk trousers})!
KRITISCH 09:55:06 [COMBAT_STRIKE_DETAILS] The recruit punches the goblin swordsman in the left upper leg with her right hand, bruising the muscle through the ({eagle leather tunic})!
KRITISCH 09:55:06 [CANCEL_JOB] Zutthan ├»ngizsirab, Mason cancels Make leather trousers: Interrupted by a goblin swordsman.
KRITISCH 09:55:06 [COMBAT_STRIKE_DETAILS] The recruit punches the goblin swordsman in the left upper arm with her right hand, bruising the muscle!
KRITISCH 09:55:06 [COMBAT_STRIKE_DETAILS] The wrestler punches the goblin swordsman in the head with his left hand, bruising the muscle!
KRITISCH 09:55:06 [COMBAT_EVENT_KNOCKED_OUT] The goblin swordsman has been knocked unconscious!
KRITISCH 09:55:06 [COMBAT_STRIKE_DETAILS] The recruit punches the goblin swordsman in the right upper arm with his right hand, bruising the bone!
KRITISCH 09:55:06 [COMBAT_STRIKE_DETAILS] The recruit strikes the goblin swordsman in the head with her (┬½iron buckler┬╗), bruising the muscle, bruising the skull!
KRITISCH 09:55:06 [COMBAT_STRIKE_DETAILS] The recruit punches the goblin swordsman in the head with her right hand, bruising the muscle!
KRITISCH 09:55:06 [COMBAT_STRIKE_DETAILS] The wrestler punches the goblin swordsman in the head with his right hand, bruising the muscle!
KRITISCH 09:55:06 [COMBAT_STRIKE_DETAILS] The recruit punches the goblin swordsman in the head with her right hand, bruising the muscle!
KRITISCH 09:55:06 [COMBAT_STRIKE_DETAILS] The recruit punches the goblin swordsman in the head with his left hand, bruising the muscle!
KRITISCH 09:55:06 [COMBAT_STRIKE_DETAILS] The recruit strikes the goblin swordsman in the head with her (┬½iron buckler┬╗), bruising the muscle and fracturing the skull!
KRITISCH 09:55:06 [LOSE_HOLD_OF_ITEM] The goblin swordsman loses hold of the ({iron short sword}).
KRITISCH 09:55:06 [COMBAT_STRIKE_DETAILS] The recruit punches the goblin swordsman in the head with her right hand, bruising the muscle!
KRITISCH 09:55:06 [COMBAT_STRIKE_DETAILS] The recruit punches the goblin swordsman in the head with her left hand, bruising the muscle!
KRITISCH 09:55:06 [COMBAT_DODGE] The marksdwarf misses the goblin bowman!
KRITISCH 09:55:06 [COMBAT_STRIKE_DETAILS] The wrestler punches the goblin swordsman in the head with his left hand, bruising the muscle!
KRITISCH 09:55:06 [COMBAT_STRIKE_DETAILS] The recruit grabs the goblin swordsman by the third toe, left foot with his left lower arm!
KRITISCH 09:55:06 [COMBAT_STRIKE_DETAILS] The recruit strikes the goblin swordsman in the head with her (┬½iron buckler┬╗) and the injured part is crushed!
KRITISCH 09:55:06 [COMBAT_DODGE] The marksdwarf misses the goblin bowman!
KRITISCH 09:55:06 [COMBAT_DODGE] The marksdwarf misses the goblin bowman!
KRITISCH 09:55:06 [COMBAT_JUMP_DODGE_STRIKE] The marksdwarf attacks the goblin bowman but She jumps away!
KRITISCH 09:55:06 [COMBAT_JUMP_DODGE_STRIKE] The marksdwarf attacks the goblin bowman but He jumps away!
KRITISCH 09:55:06 [COMBAT_JUMP_DODGE_STRIKE] The marksdwarf attacks the goblin bowman but She jumps away!
KRITISCH 09:55:06 [COMBAT_JUMP_DODGE_STRIKE] The marksdwarf attacks the goblin bowman but She jumps away!
KRITISCH 09:55:09 [COMBAT_JUMP_DODGE_STRIKE] The marksdwarf attacks the goblin bowman but She jumps away!
KRITISCH 09:55:09 [COMBAT_JUMP_DODGE_STRIKE] The marksdwarf attacks the goblin bowman but She jumps away!
KRITISCH 09:55:09 [COMBAT_STRIKE_DETAILS] The marksdwarf punches the goblin bowman in the upper body with her left hand, bruising the muscle through the ({giant cave spider silk tunic})!
KRITISCH 09:55:09 [COMBAT_STRIKE_DETAILS] The marksdwarf punches the goblin bowman in the lower body with her left hand, bruising the muscle and bruising the pancreas through the ({cave spider silk trousers})!
KRITISCH 09:55:09 [COMBAT_JUMP_DODGE_STRIKE] The marksdwarf attacks the goblin bowman but He scrambles away!
KRITISCH 09:55:09 [STAND_UP] The goblin bowman stands up.
KRITISCH 09:55:09 [COMBAT_DODGE] The marksdwarf misses the goblin bowman!
KRITISCH 09:55:09 [COMBAT_STRIKE_DETAILS] The marksdwarf grabs the goblin bowman by the left hand with her left hand!
KRITISCH 09:55:09 [COMBAT_DODGE] The marksdwarf misses the goblin bowman!
KRITISCH 09:55:09 [BREAK_GRIP] The goblin bowman breaks the grip of The marksdwarf's left hand from The goblin bowman's left hand!
KRITISCH 09:55:09 [COMBAT_DODGE] The marksdwarf misses the goblin bowman!
KRITISCH 09:55:09 [COMBAT_DODGE] The goblin maceman misses the marksdwarf!
KRITISCH 09:55:09 [COMBAT_STRIKE_DETAILS] The marksdwarf bites the goblin maceman in the lower body, tearing the fat through the x({troll fur tunic})x!
KRITISCH 09:55:09 [STAND_UP] The goblin bowman stands up.
KRITISCH 09:55:09 [COMBAT_DODGE] The goblin maceman misses the marksdwarf!
KRITISCH 09:55:09 [COMBAT_STRIKE_DETAILS] The marksdwarf grabs the goblin maceman by the x({troll fur trousers})x with her left upper arm!
KRITISCH 09:55:09 [COMBAT_DODGE] The goblin maceman misses the marksdwarf!
KRITISCH 09:55:09 [COMBAT_STRIKE_DETAILS] The marksdwarf kicks the goblin maceman in the right lower arm with her left foot, bruising the muscle!
KRITISCH 09:55:13 [CONFLICT_CONVERSATION] Tode ├┤stdang, Goblin Maceman: I've been injured badly.  I can keep it together.
KRITISCH 09:55:13 [COMBAT_STRIKE_DETAILS] The marksdwarf kicks the goblin maceman in the left hand with her left foot, bruising the muscle through the ({manera leather left glove})!
KRITISCH 09:55:13 [COMBAT_STRIKE_DETAILS] The goblin pikeman stabs the stray cat in the lower body with his ({copper pike}), tearing apart the muscle and tearing apart the right kidney!
KRITISCH 09:55:13 [COMBAT_DODGE] The goblin maceman misses the marksdwarf!
KRITISCH 09:55:13 [COMBAT_STRIKE_DETAILS] The goblin maceman kicks the stray cat in the left rear paw with her right foot and the injured part explodes into gore!
KRITISCH 09:55:13 [COMBAT_STRIKE_DETAILS] The goblin pikeman stabs the stray cat in the head with his ({copper pike}) and the severed part sails off in an arc!
KRITISCH 09:55:13 [PET_DEATH] Datan Vukrigiden, Stray Cat (Tame) has been found dead.
KRITISCH 09:55:13 [COMBAT_STRIKE_DETAILS] The marksdwarf kicks the goblin maceman in the left lower leg with her left foot, bruising the muscle through the x({troll fur trousers})x!
KRITISCH 09:55:13 [COMBAT_DODGE] The goblin maceman misses the marksdwarf!
KRITISCH 09:55:13 [CONFLICT_CONVERSATION] Utes Atuspubta, Goblin Bowman: I have improved my archery.  That was satisfying.
KRITISCH 09:55:13 [COMBAT_STRIKE_DETAILS] The goblin pikeman stabs the broker in the left foot with his ({iron pike}), tearing the fat through the x(pig tail shoe)x!
KRITISCH 09:55:13 [COMBAT_STRIKE_DETAILS] The goblin maceman bashes the broker in the left foot with her ({silver flail}) and the injured part explodes into gore!
KRITISCH 09:55:13 [STAND_UP] The goblin maceman stands up.
KRITISCH 09:55:13 [COMBAT_STRIKE_DETAILS] The marksdwarf bites the goblin maceman in the left upper leg, tearing the fat and bruising the muscle through the X({troll fur tunic})X!
KRITISCH 09:55:13 [COMBAT_TWIST_WEAPON] The goblin pikeman pulls on the embedded ({iron pike}).
KRITISCH 09:55:13 [RESOLVE_SHARED_ITEMS] The goblin pikeman gains possession of the ({iron pike}).
KRITISCH 09:55:13 [COMBAT_DODGE] The goblin maceman misses the marksdwarf!
KRITISCH 09:55:13 [CONFLICT_CONVERSATION] Utes Atuspubta, Goblin Bowman: I have improved my bow.  That was satisfying.
KRITISCH 09:55:13 [COMBAT_START_CHARGE] The marksdwarf charges at the goblin maceman!
KRITISCH 09:55:13 [COMBAT_SURPRISE_CHARGE] The goblin maceman looks surprised by the ferocity of The marksdwarf's onslaught!
KRITISCH 09:55:13 [COMBAT_CHARGE_COLLISION] The marksdwarf collides with the goblin maceman!
KRITISCH 09:55:13 [COMBAT_STRIKE_DETAILS] The goblin maceman bashes the broker in the left upper arm with her ({silver flail}), bruising the muscle through the (giant cave spider silk shirt)!
KRITISCH 09:55:13 [STAND_UP] The goblin maceman stands up.
KRITISCH 09:55:13 [COMBAT_STRIKE_DETAILS] The goblin pikeman stabs the broker in the head with his ({iron pike}), tearing the muscle, fracturing the skull and tearing the brain through the x(-rope reed hood-)x!
KRITISCH 09:55:13 [COMBAT_DODGE] The goblin maceman misses the marksdwarf!
KRITISCH 09:55:13 [CITIZEN_DEATH] Vutok Avuzum, Trader has been found dead.
KRITISCH 09:55:16 [COMBAT_WRESTLE_RELEASE_GRIP] The goblin pikeman releases the grip of The goblin pikeman's right upper arm on the dwarven child's neck.
KRITISCH 09:55:16 [STAND_UP] The goblin pikeman stands up.
KRITISCH 09:55:16 [COMBAT_DODGE] The goblin maceman misses the marksdwarf!
KRITISCH 09:55:16 [COMBAT_STRIKE_DETAILS] The goblin maceman bashes the carpenter in the right lower leg with her ({iron flail}) and the injured part is crushed!
KRITISCH 09:55:16 [COMBAT_STRIKE_DETAILS] The marksdwarf bites the goblin maceman in the right lower arm, tearing the fat and bruising the muscle!
KRITISCH 09:55:16 [CONFLICT_CONVERSATION] Nguslu Umuzuksos, Goblin Pikeman: I have improved my fighting.  That was satisfying.
KRITISCH 09:55:16 [COMBAT_STRIKE_DETAILS] The goblin maceman bashes the carpenter in the right foot with her ({copper morningstar}) and the injured part is cloven asunder!
KRITISCH 09:55:16 [COMBAT_STRIKE_DETAILS] The goblin pikeman grabs the dwarven child by the fourth toe, left foot with his left lower arm!
KRITISCH 09:55:16 [COMBAT_DODGE] The goblin swordsman misses the marksdwarf!
KRITISCH 09:55:16 [COMBAT_WRESTLE_RELEASE_GRIP] The goblin pikeman releases the grip of The goblin pikeman's left lower arm on the dwarven child's fourth toe, left foot.
KRITISCH 09:55:16 [COMBAT_STRIKE_DETAILS] The goblin pikeman stabs the dwarven child in the upper body with his ({iron pike}), tearing the muscle and tearing apart the middle spine's nervous tissue through the XXΓëíshortfin mako shark leather dressΓëíXX!
KRITISCH 09:55:16 [COMBAT_DODGE] The goblin maceman misses the marksdwarf!
KRITISCH 09:55:16 [CONFLICT_CONVERSATION] Tode ├┤stdang, Goblin Maceman: I have improved my fighting.  That was satisfying.
KRITISCH 09:55:16 [VOMIT] The goblin maceman retches.
KRITISCH 09:55:16 [COMBAT_STRIKE_DETAILS] The marksdwarf shakes the goblin maceman around by the right lower arm, tearing apart the right lower arm's fat and bruising the bone and tearing apart the right shoulder's muscle and bruising the bone!
KRITISCH 09:55:16 [COMBAT_STRIKE_DETAILS] The goblin pikeman grabs the dwarven child by the third finger, left hand with his right upper arm!
KRITISCH 09:55:16 [COMBAT_STRIKE_DETAILS] The goblin maceman bashes the carpenter in the head with her ({copper morningstar}), tearing the muscle and fracturing the skull!
KRITISCH 09:55:16 [COMBAT_WRESTLE_RELEASE_GRIP] The goblin pikeman releases the grip of The goblin pikeman's right upper arm on the dwarven child's third finger, left hand.
KRITISCH 09:55:16 [COMBAT_TWIST_WEAPON] The goblin pikeman pulls on the embedded ({iron pike}).
KRITISCH 09:55:16 [RESOLVE_SHARED_ITEMS] The goblin pikeman gains possession of the ({iron pike}).
KRITISCH 09:55:16 [COMBAT_STRIKE_DETAILS] The goblin maceman bashes the carpenter in the head with her ({iron flail}) and the injured part is crushed!
KRITISCH 09:55:16 [NOT_STUNNED] The goblin pikeman is no longer stunned.
KRITISCH 09:55:16 [COMBAT_STRIKE_DETAILS] The marksdwarf bites the goblin maceman in the right hand, tearing the muscle through the x({manera leather right glove})x!
KRITISCH 09:55:16 [COMBAT_DODGE] The goblin swordsman misses the marksdwarf!
KRITISCH 09:55:16 [COMBAT_STRIKE_DETAILS] The goblin pikeman stabs the dwarven child in the upper body with his ({iron pike}) and the injured part is cloven asunder!
KRITISCH 09:55:16 [COMBAT_DODGE] The goblin maceman misses the marksdwarf!
KRITISCH 09:55:16 [CITIZEN_DEATH] ├«ton Cemoshiden, Dwarven Child has been found dead.
KRITISCH 09:55:19 [COMBAT_STRIKE_DETAILS] The goblin pikeman stabs the mason in the upper body with his ({iron pike}), tearing the muscle and tearing the liver through the XX(cave spider silk tunic)XX!
KRITISCH 09:55:19 [COMBAT_STRIKE_DETAILS] The goblin pikeman stabs the stonecrafter in the right hand with his ({iron pike}) and the severed part sails off in an arc!
KRITISCH 09:55:19 [VOMIT] The goblin maceman retches.
KRITISCH 09:55:19 [COMBAT_STRIKE_DETAILS] The marksdwarf kicks the goblin maceman in the left lower leg with her left foot, bruising the muscle through the XX({troll fur trousers})XX!
KRITISCH 09:55:19 [COMBAT_STRIKE_DETAILS] The goblin swordsman stabs the marksdwarf in the upper body with her ({copper scimitar}), tearing the muscle, shattering the right false ribs and tearing apart the left lung through the x(alpaca wool tunic)x!
KRITISCH 09:55:19 [COMBAT_DODGE] The goblin maceman misses the marksdwarf!
KRITISCH 09:55:19 [COMBAT_STRIKE_DETAILS] The goblin pikeman stabs the mason in the upper body with his ({iron pike}), tearing the muscle and tearing the right lung through the XX(cave spider silk tunic)XX!
KRITISCH 09:55:19 [COMBAT_STRIKE_DETAILS] The goblin pikeman kicks the mason in the right ear with his left foot and the injured part explodes into gore!
KRITISCH 09:55:19 [COMBAT_STRIKE_DETAILS] The goblin pikeman punches the stonecrafter in the left upper arm with his left hand, bruising the muscle!
KRITISCH 09:55:19 [CONFLICT_CONVERSATION] Tode ├┤stdang, Goblin Maceman: I have improved my observation.  That was satisfying.
KRITISCH 09:55:19 [COMBAT_TWIST_WEAPON] The goblin pikeman pulls on the embedded ({iron pike}).
KRITISCH 09:55:19 [RESOLVE_SHARED_ITEMS] The goblin pikeman gains possession of the ({iron pike}).
KRITISCH 09:55:19 [CONFLICT_CONVERSATION] Ngerxung Smatspoolng├╢, Goblin Pikeman: I have improved my fighting.  That was satisfying.
KRITISCH 09:55:19 [COMBAT_STRIKE_DETAILS] The goblin swordsman stabs the marksdwarf in the right upper arm with her ({copper scimitar}), tearing apart the muscle!
KRITISCH 09:55:19 [COMBAT_STRIKE_DETAILS] The marksdwarf bites the goblin maceman in the right foot, tearing the muscle through the x({cave spider silk shoe})x!
KRITISCH 09:55:19 [COMBAT_STRIKE_DETAILS] The goblin maceman bashes the stonecrafter in the upper body with her ({iron flail}) and the injured part explodes into gore!
KRITISCH 09:55:19 [COMBAT_DODGE] The goblin maceman misses the marksdwarf!
KRITISCH 09:55:19 [COMBAT_STRIKE_DETAILS] The goblin pikeman stabs the mason in the left upper leg with his ({iron pike}), fracturing the bone and shattering the left hip's bone through the X(pig tail trousers)X!
KRITISCH 09:55:19 [COMBAT_STRIKE_DETAILS] The goblin pikeman stabs the mason in the upper body with his ({copper pike}), tearing the muscle and shattering the right true ribs!
KRITISCH 09:55:19 [COMBAT_TWIST_WEAPON] The goblin swordsman pulls on the embedded ({copper scimitar}).
KRITISCH 09:55:19 [RESOLVE_SHARED_ITEMS] The goblin swordsman gains possession of the ({copper scimitar}).
KRITISCH 09:55:19 [VOMIT] The goblin maceman vomits.
KRITISCH 09:55:19 [CITIZEN_DEATH] Nil Zonr├¡bar, Stonecrafter has been found dead.
KRITISCH 09:55:19 [COMBAT_STRIKE_DETAILS] The marksdwarf bites the goblin maceman in the right foot, tearing the muscle through the X({cave spider silk shoe})X!
KRITISCH 09:55:22 [COMBAT_STRIKE_DETAILS] The goblin pikeman stabs the mason in the right upper arm with his ({copper pike}), fracturing the bone and fracturing the right shoulder's bone!
KRITISCH 09:55:22 [COMBAT_STRIKE_DETAILS] The goblin pikeman stabs the mason in the left upper arm with his ({iron pike}), fracturing the bone!
KRITISCH 09:55:22 [VOMIT] The goblin maceman retches.
KRITISCH 09:55:22 [CANCEL_JOB] Tulon Kolsoloz, mayor cancels Eat: Interrupted by a goblin maceman.
KRITISCH 09:55:22 [COMBAT_TWIST_WEAPON] The goblin pikeman pulls on the embedded ({iron pike}).
KRITISCH 09:55:22 [RESOLVE_SHARED_ITEMS] The goblin pikeman gains possession of the ({iron pike}).
KRITISCH 09:55:22 [COMBAT_STRIKE_DETAILS] The goblin pikeman stabs the mason in the upper body with his ({copper pike}), tearing apart the muscle and tearing the right lung!
KRITISCH 09:55:22 [CITIZEN_DEATH] ├¿rith Olinkasben, Marksdwarf has been found dead.
KRITISCH 09:55:22 [COMBAT_STRIKE_DETAILS] The goblin pikeman stabs the mason in the head with his ({iron pike}), tearing the muscle and fracturing the skull!
KRITISCH 09:55:22 [COMBAT_TWIST_WEAPON] The goblin pikeman pulls on the embedded ({copper pike}).
KRITISCH 09:55:22 [RESOLVE_SHARED_ITEMS] The goblin pikeman gains possession of the ({copper pike}).
KRITISCH 09:55:22 [CANCEL_JOB] Feb Obokmeng, Farmer cancels Pickup equipment: Interrupted by a goblin maceman.
KRITISCH 09:55:22 [CANCEL_JOB] Cilob Cud├»st├»teb, Herbalist cancels Place item in tomb: Interrupted by a goblin maceman.
KRITISCH 09:55:22 [COMBAT_STRIKE_DETAILS] The goblin pikeman stabs the jeweler in the right foot with his ({copper pike}), tearing the muscle through the x(pig tail shoe)x!
KRITISCH 09:55:22 [VOMIT] The goblin maceman retches.
KRITISCH 09:55:22 [CANCEL_JOB] Cerol Lirukal├Ñth, Pump Operator cancels Place item in tomb: Interrupted by a goblin maceman.
KRITISCH 09:55:22 [COMBAT_STRIKE_DETAILS] The goblin pikeman stabs the jeweler in the left hand with his ({iron pike}), fracturing the bone through the x(green devourer leather left glove)x!
KRITISCH 09:55:22 [COMBAT_STRIKE_DETAILS] The goblin maceman bashes the herbalist in the upper body with her ({iron flail}), bruising the muscle and shattering the right floating ribs through the (cave spider silk dress)!
KRITISCH 09:55:22 [COMBAT_TWIST_WEAPON] The goblin pikeman pulls on the embedded ({copper pike}).
KRITISCH 09:55:22 [RESOLVE_SHARED_ITEMS] The goblin pikeman gains possession of the ({copper pike}).
KRITISCH 09:55:22 [STAND_UP] The goblin swordsman stands up.
KRITISCH 09:55:22 [COMBAT_DODGE] The mayor misses the goblin maceman!
KRITISCH 09:55:22 [CITIZEN_DEATH] Zutthan ├»ngizsirab, Mason has been found dead.
KRITISCH 09:55:22 [COMBAT_STRIKE_DETAILS] The goblin pikeman stabs the jeweler in the left upper arm with his ({iron pike}), fracturing the bone!
KRITISCH 09:55:25 [COMBAT_STRIKE_DETAILS] The goblin pikeman stabs the jeweler in the head with his ({copper pike}), tearing the muscle and fracturing the skull!
KRITISCH 09:55:25 [STAND_UP] The goblin swordsman stands up.
KRITISCH 09:55:25 [LOSE_HOLD_OF_ITEM] The goblin maceman loses hold of the ({iron flail}).
KRITISCH 09:55:25 [COMBAT_STRIKE_DETAILS] The mayor hacks the goblin maceman in the head with her (bronze battle axe) and the severed part sails off in an arc!
KRITISCH 09:55:25 [COMBAT_STRIKE_DETAILS] The goblin swordsman stabs the recruit in the upper body with her ({silver long sword}), tearing the muscle and tearing apart the right lung through the XX(sheep wool shirt)XX!
KRITISCH 09:55:25 [COMBAT_DODGE] The recruit misses the goblin swordsman!
KRITISCH 09:55:25 [COMBAT_STRIKE_DETAILS] The goblin pikeman stabs the jeweler in the head with his ({iron pike}) and the injured part is cloven asunder!
KRITISCH 09:55:25 [COMBAT_TWIST_WEAPON] The goblin swordsman pulls on the embedded ({silver long sword}).
KRITISCH 09:55:25 [RESOLVE_SHARED_ITEMS] The goblin swordsman gains possession of the ({silver long sword}).
KRITISCH 09:55:25 [COMBAT_DODGE] The recruit misses the goblin swordsman!
KRITISCH 09:55:25 [STAND_UP] The goblin bowman stands up.
KRITISCH 09:55:25 [COMBAT_STRIKE_DETAILS] The goblin swordsman slashes the recruit in the left hand with her ({copper scimitar}) and the severed part sails off in an arc!
KRITISCH 09:55:25 [COMBAT_STRIKE_DETAILS] The goblin swordsman slashes the recruit in the lower body with her ({silver long sword}), tearing apart the muscle and tearing apart the stomach through the x(coyote leather trousers)x!
KRITISCH 09:55:25 [COMBAT_TWIST_WEAPON] The goblin swordsman pulls on the embedded ({silver long sword}).
KRITISCH 09:55:25 [RESOLVE_SHARED_ITEMS] The goblin swordsman gains possession of the ({silver long sword}).
KRITISCH 09:55:25 [CITIZEN_DEATH] ├äs Adagtekkud, Recruit has been found dead.
KRITISCH 09:55:25 [CANCEL_JOB] Sarvesh Azuzmelbil, Herbalist cancels Place item in tomb: Interrupted by a goblin swordsman.
KRITISCH 09:55:28 [CONFLICT_CONVERSATION] Dostngosp Nguslusmob, Goblin Bowman: I must withdraw!
KRITISCH 09:55:28 [STAND_UP] The goblin bowman stands up.
KRITISCH 09:55:28 [COMBAT_STRIKE_DETAILS] The recruit punches the goblin swordsman in the right hand with her left hand, bruising the bone through the ({giant cave spider silk right glove})!
KRITISCH 09:55:28 [COMBAT_STRIKE_DETAILS] The goblin pikeman stabs the administrator in the right foot with his ({copper pike}), tearing the muscle through the x(llama wool shoe)x!
KRITISCH 09:55:28 [COMBAT_STRIKE_DETAILS] The goblin pikeman stabs the administrator in the right upper leg with his ({iron pike}), fracturing the bone through the x(-albatross leather cloak-)x!
KRITISCH 09:55:28 [COMBAT_DODGE] The goblin swordsman misses the recruit!
KRITISCH 09:55:28 [COMBAT_STRIKE_DETAILS] The mayor hacks the goblin pikeman in the left upper arm with her (bronze battle axe) and the injured part is cloven asunder!
KRITISCH 09:55:28 [STAND_UP] The goblin pikeman stands up.
KRITISCH 09:55:28 [COMBAT_STRIKE_DETAILS] The goblin pikeman stabs the administrator in the right lower arm with his ({iron pike}), fracturing the bone through the X(-albatross leather cloak-)X!
KRITISCH 09:55:28 [COMBAT_JUMP_DODGE_STRIKE] The goblin swordsman attacks the recruit but She jumps away!
KRITISCH 09:55:28 [COMBAT_JUMP_DODGE_STRIKE] The mayor attacks the goblin pikeman but He jumps away!
KRITISCH 09:55:28 [COMBAT_STRIKE_DETAILS] The goblin pikeman stabs the administrator in the left lower leg with his ({copper pike}), fracturing the bone through the XX(alpaca wool dress)XX!
KRITISCH 09:55:28 [CITIZEN_DEATH] Medtob Zimkol, Jeweler has been found dead.
KRITISCH 09:55:28 [COMBAT_STRIKE_DETAILS] The goblin pikeman stabs the administrator in the right lower arm with his ({iron pike}) and the injured part is cloven asunder!
KRITISCH 09:55:31 [COMBAT_STRIKE_DETAILS] The recruit punches the goblin swordsman in the upper body with her right hand, bruising the fat through the x({troll leather tunic})x!
KRITISCH 09:55:31 [COMBAT_STRIKE_DETAILS] The goblin pikeman stabs the administrator in the head with his ({iron pike}), tearing the muscle, fracturing the skull and tearing the brain through the x(┬½-sea otter leather hood-┬╗)x!
KRITISCH 09:55:31 [CONFLICT_CONVERSATION] Xuspgas Akudang, Goblin Pikeman: I was attacked.  How exhilarating!
KRITISCH 09:55:31 [COMBAT_DODGE] The mayor misses the goblin pikeman!
KRITISCH 09:55:31 [COMBAT_STRIKE_DETAILS] The recruit punches the goblin swordsman in the right lower leg with her right hand, bruising the muscle through the ({dingo leather trousers})!
KRITISCH 09:55:31 [COMBAT_STRIKE_DETAILS] The goblin swordsman stabs the recruit in the left lower arm with her ({copper scimitar}), tearing apart the fat!
KRITISCH 09:55:31 [STAND_UP] The goblin bowman stands up.
KRITISCH 09:55:31 [FALL_OVER] The goblin swordsman falls over.
KRITISCH 09:55:31 [CITIZEN_DEATH] Reg Dakostum├Ñm, Administrator has been found dead.
KRITISCH 09:55:32 [COMBAT_JUMP_DODGE_STRIKE] The goblin swordsman attacks the recruit but She jumps away!
KRITISCH 09:55:35 [COMBAT_JUMP_DODGE_STRIKE] The goblin swordsman attacks the recruit but She jumps away!
KRITISCH 09:55:35 [COMBAT_STRIKE_DETAILS] The recruit hacks the goblin swordsman in the lower body with her (bronze battle axe), tearing apart the muscle through the XX({troll leather tunic})XX!
KRITISCH 09:55:35 [COMBAT_STRIKE_DETAILS] The recruit scratches the goblin swordsman in the upper body, tearing the fat and bruising the muscle and bruising the left floating ribs through the XX({troll leather tunic})XX!
KRITISCH 09:55:35 [COMBAT_DODGE] The recruit misses the goblin swordsman!
KRITISCH 09:55:35 [COMBAT_STRIKE_DETAILS] The goblin pikeman stabs the mayor in the right lower arm with his ({iron pike}), tearing apart the muscle!
KRITISCH 09:55:35 [COMBAT_STRIKE_DETAILS] The goblin swordsman slashes the recruit in the right foot with her ({silver long sword}) and the severed part sails off in an arc!
KRITISCH 09:55:35 [CONFLICT_CONVERSATION] Dostngosp Stosb├╗bbodod, Goblin Swordsman: I've been injured badly.  There is no hope!
KRITISCH 09:55:35 [COMBAT_STRIKE_DETAILS] The goblin swordsman stabs the recruit in the right upper leg with her ({copper scimitar}), fracturing the bone!
KRITISCH 09:55:35 [COMBAT_DODGE] The mayor misses the goblin pikeman!
KRITISCH 09:55:35 [COMBAT_STRIKE_DETAILS] The goblin swordsman stabs the recruit in the right upper leg with her ({copper scimitar}), tearing the fat through the x(sheep wool tunic)x!
KRITISCH 09:55:35 [CONFLICT_CONVERSATION] Smunstu Ozasnang, Goblin Swordsman: I've been wounded.  That's very annoying.
KRITISCH 09:55:35 [COMBAT_STRIKE_DETAILS] The goblin pikeman stabs the mayor in the head with his ({copper pike}), tearing the muscle, fracturing the skull and tearing the brain through the x(┬½-bronze helm-┬╗)x!
KRITISCH 09:55:35 [COMBAT_STRIKE_DETAILS] The recruit punches the goblin swordsman in the upper body with her left hand, bruising the muscle and bruising the left lung!
KRITISCH 09:55:35 [COMBAT_STRIKE_DETAILS] The goblin swordsman scratches the recruit in the lower body, tearing the muscle!
KRITISCH 09:55:35 [COMBAT_JUMP_DODGE_STRIKE] The recruit attacks the goblin swordsman but She scrambles away!
KRITISCH 09:55:35 [COMBAT_DODGE] The recruit misses the goblin swordsman!
KRITISCH 09:55:35 [CONFLICT_CONVERSATION] Nguslu Stosm├╗atu, Goblin Crossbowman: I have improved my crossbow.  That was satisfying.
KRITISCH 09:55:35 [CONFLICT_CONVERSATION] Ngerxung Smatspoolng├╢ Smoxutngokang, Goblin Pikeman: I've been wounded.  That's very annoying.
KRITISCH 09:55:35 [COMBAT_STRIKE_DETAILS] The goblin swordsman stabs the recruit in the head with her ({copper scimitar}), tearing apart the muscle and fracturing the skull!
KRITISCH 09:55:35 [COMBAT_STRIKE_DETAILS] The goblin swordsman stabs the recruit in the right lower leg with her ({silver long sword}) and the injured part is cloven asunder!
KRITISCH 09:55:35 [CITIZEN_DEATH] Tulon Kolsoloz, Recruit has been found dead.
KRITISCH 09:55:35 [COMBAT_STRIKE_DETAILS] The recruit punches the goblin swordsman in the lower body with her right hand, bruising the muscle through the X({dingo leather trousers})X!
KRITISCH 09:55:35 [COMBAT_STRIKE_DETAILS] The goblin swordsman stabs the recruit in the right upper arm with her ({copper scimitar}), fracturing the bone!
KRITISCH 09:55:38 [COMBAT_STRIKE_DETAILS] The goblin swordsman stabs the recruit in the right hand with her ({silver long sword}), tearing apart the muscle through the x(alpaca wool right glove)x!
KRITISCH 09:55:38 [COMBAT_DODGE] The recruit misses the goblin swordsman!
KRITISCH 09:55:38 [COMBAT_STRIKE_DETAILS] The goblin swordsman slashes the recruit in the lower lip with her ({copper scimitar}) and the injured part is cloven asunder!
KRITISCH 09:55:38 [CONFLICT_CONVERSATION] Nguslu Stosm├╗atu, Goblin Crossbowman: I have improved my archery.  That was not satisfying.
KRITISCH 09:55:38 [VOMIT] The goblin maceman vomits.
KRITISCH 09:55:38 [STAND_UP] The goblin maceman stands up.
KRITISCH 09:55:38 [COMBAT_DODGE] The goblin swordsman misses the recruit!
KRITISCH 09:55:38 [COMBAT_TWIST_WEAPON] The goblin swordsman pulls on the embedded ({silver long sword}).
KRITISCH 09:55:38 [RESOLVE_SHARED_ITEMS] The goblin swordsman gains possession of the ({silver long sword}).
KRITISCH 09:55:38 [CANCEL_JOB] Dod├│k Ducimzeg, Recruit cancels Drink: Interrupted by a goblin maceman.
KRITISCH 09:55:38 [COMBAT_STRIKE_DETAILS] The recruit punches the goblin swordsman in the upper body with her right hand, bruising the muscle and bruising the left lung!
KRITISCH 09:55:38 [COMBAT_EVENT_WINDED] The goblin swordsman is having trouble breathing!
KRITISCH 09:55:38 [COMBAT_STRIKE_DETAILS] The hammerdwarf punches the goblin swordsman in the left upper arm with his left hand, bruising the bone!
KRITISCH 09:55:38 [COMBAT_DODGE] The recruit misses the goblin swordsman!
KRITISCH 09:55:38 [COMBAT_STRIKE_DETAILS] The goblin swordsman scratches the recruit in the head, tearing the muscle!
KRITISCH 09:55:38 [CONFLICT_CONVERSATION] Dostngosp Stosb├╗bbodod, Goblin Swordsman: I have improved my sword.  That was satisfying.
KRITISCH 09:55:38 [CONFLICT_CONVERSATION] Dostngosp Nguslusmob, Goblin Bowman: I must withdraw!
KRITISCH 09:55:38 [CONFLICT_CONVERSATION] Bosa St├ósostdosmu, Goblin Maceman: I was released from confinement.  Such a relief!
KRITISCH 09:55:38 [COMBAT_DODGE] The goblin swordsman misses the hammerdwarf!
KRITISCH 09:55:38 [COMBAT_STRIKE_DETAILS] The recruit kicks the goblin swordsman in the left hand with her left foot, bruising the bone through the ({woolly rhinoceros wool left glove})!
KRITISCH 09:55:38 [COMBAT_STRIKE_DETAILS] The goblin swordsman stabs the recruit in the head with her ({silver long sword}), tearing apart the muscle and fracturing the skull!
KRITISCH 09:55:38 [CONFLICT_CONVERSATION] Olng├╢ Ukgeg├┤gust, Goblin Bowman: I have improved my bow.  That was satisfying.
KRITISCH 09:55:38 [COMBAT_STRIKE_DETAILS] The hammerdwarf punches the goblin swordsman in the upper body with his right hand, bruising the muscle, jamming the right true ribs through the right lung and tearing the right lung!
KRITISCH 09:55:38 [COMBAT_EVENT_WINDED] The goblin swordsman is having more trouble breathing!
KRITISCH 09:55:38 [PAIN_KO] The goblin swordsman gives in to pain.
KRITISCH 09:55:38 [COMBAT_STRIKE_DETAILS] The recruit punches the goblin swordsman in the head with her left hand, bruising the muscle and bruising the skull!
KRITISCH 09:55:38 [COMBAT_STRIKE_DETAILS] The goblin swordsman stabs the recruit in the head with her ({silver long sword}) and the injured part is cloven asunder!
KRITISCH 09:55:38 [CITIZEN_DEATH] Unib Kinmonom, Recruit has been found dead.
KRITISCH 09:55:38 [CITIZEN_DEATH] Reg Zurs├╣llolor, Recruit has been found dead.
KRITISCH 09:55:41 [COMBAT_JUMP_DODGE_STRIKE] The goblin swordsman attacks the recruit but She jumps away!
KRITISCH 09:55:41 [COMBAT_STRIKE_DETAILS] The hammerdwarf punches the goblin swordsman in the head with his right hand, bruising the muscle!
KRITISCH 09:55:41 [STAND_UP] The goblin crossbowman stands up.
KRITISCH 09:55:41 [COMBAT_JUMP_DODGE_STRIKE] The recruit attacks the goblin swordsman but She jumps away!
KRITISCH 09:55:41 [CONFLICT_CONVERSATION] Bosa St├ósostdosmu, Goblin Maceman: I was confined.  I'm so miserable.
KRITISCH 09:55:47 [STAND_UP] The goblin pikeman stands up.
KRITISCH 09:55:47 [COMBAT_STRIKE_DETAILS] The goblin pikeman stabs the cook in the head with his ({copper pike}), tearing the muscle, fracturing the skull and tearing the brain!
KRITISCH 09:55:47 [VOMIT] The goblin maceman retches.
KRITISCH 09:55:47 [COMBAT_DODGE] The recruit misses the goblin swordsman!
KRITISCH 09:55:47 [COMBAT_STRIKE_DETAILS] The hammerdwarf punches the goblin swordsman in the head with his left hand, bruising the muscle!
KRITISCH 09:55:47 [COMBAT_JUMP_DODGE_STRIKE] The goblin swordsman attacks the recruit but She jumps away!
KRITISCH 09:55:47 [CONFLICT_CONVERSATION] Olng├╢ Ukgeg├┤gust, Goblin Bowman: I have improved my archery.  That was not satisfying.
KRITISCH 09:55:47 [CONFLICT_CONVERSATION] Dostngosp Nguslusmob, Goblin Bowman: I must withdraw!
KRITISCH 09:55:47 [CITIZEN_DEATH] Shorast Monomdoren, Cook has been found dead.
KRITISCH 09:55:50 [COMBAT_STRIKE_DETAILS] The recruit scratches the goblin swordsman in the head, tearing the muscle!
KRITISCH 09:55:50 [VOMIT] The goblin maceman retches.
KRITISCH 09:55:50 [COMBAT_STRIKE_DETAILS] The hammerdwarf punches the goblin swordsman in the head with his left hand, bruising the muscle!
KRITISCH 09:55:50 [CANCEL_JOB] S├Ñkzul Gutidsodel, Farmer cancels Make unknown material statue: Interrupted by a goblin pikeman.
KRITISCH 09:55:50 [CANCEL_JOB] Kivish G├Ñk├»zkeskal, Trapper cancels Make unknown material slab: Interrupted by a goblin pikeman.
KRITISCH 09:55:50 [CANCEL_JOB] Deler N├»ngk├╗buk, Stonecrafter cancels Brew drink from plant: Interrupted by a goblin pikeman.
KRITISCH 09:55:50 [CANCEL_JOB] Datan G├»nonoddom, Planter cancels Make bone crafts: Interrupted by a goblin pikeman.
KRITISCH 09:55:50 [COMBAT_JUMP_DODGE_STRIKE] The goblin pikeman attacks the stray kitten but She jumps away!
KRITISCH 09:55:50 [COMBAT_TWIST_WEAPON] The goblin maceman pulls on the embedded ({copper morningstar}).
KRITISCH 09:55:50 [RESOLVE_SHARED_ITEMS] The goblin maceman gains possession of the ({copper morningstar}).
KRITISCH 09:55:50 [COMBAT_STRIKE_DETAILS] The recruit scratches the goblin swordsman in the head, tearing the muscle!
KRITISCH 09:55:50 [COMBAT_STRIKE_DETAILS] The hammerdwarf punches the goblin swordsman in the head with his right hand, bruising the muscle!
KRITISCH 09:55:50 [COMBAT_STRIKE_DETAILS] The recruit bites the goblin swordsman in the head, tearing the muscle!
KRITISCH 09:55:50 [COMBAT_STRIKE_DETAILS] The goblin maceman bashes the surgeon in the upper body with her ({copper morningstar}), tearing the muscle and tearing the middle spine's nervous tissue through the XX(giant cave spider silk shirt)XX!
KRITISCH 09:55:50 [COMBAT_STRIKE_DETAILS] The goblin pikeman stabs the fishery worker in the head with his ({iron pike}), tearing the muscle, fracturing the skull and tearing the brain!
KRITISCH 09:55:50 [COMBAT_STRIKE_DETAILS] The recruit shakes the goblin swordsman around by the head, tearing apart the head's fat and bruising the muscle!
KRITISCH 09:55:50 [COMBAT_TWIST_WEAPON] The goblin maceman pulls on the embedded ({copper morningstar}).
KRITISCH 09:55:50 [RESOLVE_SHARED_ITEMS] The goblin maceman gains possession of the ({copper morningstar}).
KRITISCH 09:55:50 [COMBAT_STRIKE_DETAILS] The hammerdwarf punches the goblin swordsman in the head with his right hand, bruising the muscle!
KRITISCH 09:55:50 [COMBAT_STRIKE_DETAILS] The recruit shakes the goblin swordsman around by the head, tearing apart the head's fat and bruising the muscle and tearing apart the upper spine's nervous tissue!
KRITISCH 09:55:50 [LOSE_HOLD_OF_ITEM] The goblin swordsman loses hold of the ({copper scimitar}).
KRITISCH 09:55:50 [CONFLICT_CONVERSATION] Kutsmob Ukkarem, Goblin Crossbowman: I have improved my archery.  That was satisfying.
KRITISCH 09:55:50 [COMBAT_STRIKE_DETAILS] The recruit scratches the goblin swordsman in the head, tearing the muscle!
KRITISCH 09:55:50 [COMBAT_STRIKE_DETAILS] The goblin maceman bashes the surgeon in the head with her ({copper morningstar}), tearing the muscle, fracturing the skull and tearing the brain!
KRITISCH 09:55:50 [COMBAT_STRIKE_DETAILS] The hammerdwarf punches the goblin swordsman in the head with his left hand, bruising the muscle!
KRITISCH 09:55:50 [CITIZEN_DEATH] Logem Ethramrith, Fishery Worker has been found dead.
KRITISCH 09:55:54 [COMBAT_STRIKE_DETAILS] The recruit grabs the goblin swordsman by the left lower arm with her left upper arm!
KRITISCH 09:55:54 [CONFLICT_CONVERSATION] Utes Atuspubta, Goblin Bowman: I must withdraw!
KRITISCH 09:55:54 [COMBAT_WRESTLE_LOCK] The recruit locks the goblin swordsman's left elbow with The recruit's left upper arm!
KRITISCH 09:55:54 [COMBAT_STRIKE_DETAILS] The goblin pikeman kicks the stray cat in the head with his right foot and the injured part explodes into gore!
KRITISCH 09:55:54 [COMBAT_STRIKE_DETAILS] The recruit bends the goblin swordsman's left lower arm with The recruit's left upper arm and the left elbow collapses!
KRITISCH 09:55:54 [CANCEL_JOB] Dumat D├«shmabzanos, Miller cancels Place item in tomb: Interrupted by a goblin pikeman.
KRITISCH 09:55:54 [VOMIT] The goblin maceman retches.
KRITISCH 09:55:54 [CITIZEN_DEATH] Ducim Vudtharth├«kut, Surgeon has been found dead.
KRITISCH 09:55:54 [COMBAT_WRESTLE_RELEASE_LOCK] The recruit releases the joint lock of The recruit's left upper arm on the goblin swordsman's left lower arm.
KRITISCH 09:55:54 [COMBAT_STRIKE_DETAILS] The hammerdwarf punches the goblin swordsman in the head with his left hand, bruising the muscle!
KRITISCH 09:55:54 [PET_DEATH] The Stray Cat (Tame) has been found dead.
KRITISCH 09:55:54 [COMBAT_STRIKE_DETAILS] The recruit kicks the goblin swordsman in the head with her right foot, bruising the muscle and bruising the skull!
KRITISCH 09:55:54 [STAND_UP] The goblin pikeman stands up.
KRITISCH 09:55:54 [CONFLICT_CONVERSATION] Kutsmob Ukkarem, Goblin Crossbowman: I have improved my crossbow.  That was not satisfying.
KRITISCH 09:55:54 [COMBAT_STRIKE_DETAILS] The goblin pikeman stabs the stonecrafter in the left upper arm with his ({iron pike}), tearing the fat through the xrope reed dressx!
KRITISCH 09:55:54 [COMBAT_STRIKE_DETAILS] The goblin pikeman stabs the planter in the upper body with his ({copper pike}), tearing the muscle and tearing the middle spine's nervous tissue through the x(elk bird leather dress)x!
KRITISCH 09:55:54 [COMBAT_STRIKE_DETAILS] The hammerdwarf punches the goblin swordsman in the head with his left hand, bruising the muscle!
KRITISCH 09:55:54 [COMBAT_STRIKE_DETAILS] The recruit scratches the goblin swordsman in the head, tearing the muscle!
KRITISCH 09:55:54 [COMBAT_STRIKE_DETAILS] The goblin pikeman stabs the planter in the upper body with his ({iron pike}), tearing the muscle and tearing the left lung through the X(elk bird leather dress)X!
KRITISCH 09:55:54 [COMBAT_STRIKE_DETAILS] The goblin maceman bashes the planter in the upper body with her ({silver flail}), bruising the muscle, shattering the left true ribs, jamming the right true ribs through the left lung and tearing the left lung!
KRITISCH 09:55:54 [COMBAT_STRIKE_DETAILS] The goblin pikeman stabs the planter in the right upper arm with his ({copper pike}), fracturing the bone through the XX(elk bird leather dress)XX!
KRITISCH 09:55:54 [COMBAT_TWIST_WEAPON] The goblin pikeman pulls on the embedded ({iron pike}).
KRITISCH 09:55:54 [RESOLVE_SHARED_ITEMS] The goblin pikeman gains possession of the ({iron pike}).
KRITISCH 09:55:54 [COMBAT_STRIKE_DETAILS] The goblin pikeman stabs the herbalist in the head with his ({iron pike}), tearing the muscle and fracturing the skull!
KRITISCH 09:55:57 [COMBAT_STRIKE_DETAILS] The recruit punches the goblin pikeman in the left upper leg with her right hand, bruising the muscle through the ({giant cave spider silk tunic})!
KRITISCH 09:55:57 [COMBAT_STRIKE_DETAILS] The recruit shakes the goblin swordsman around by the head, tearing apart the head's fat and bruising the muscle!
KRITISCH 09:55:57 [COMBAT_STRIKE_DETAILS] The hammerdwarf grabs the goblin swordsman by the left upper arm with his left hand!
KRITISCH 09:55:57 [COMBAT_STRIKE_DETAILS] The goblin maceman bashes the recruit in the right foot with her ({silver flail}), bruising the fat through the (giant cave spider silk shoe)!
KRITISCH 09:55:57 [COMBAT_STRIKE_DETAILS] The recruit shakes the goblin swordsman around by the head, tearing apart the head's fat and bruising the muscle and tearing apart the upper spine's nervous tissue!
KRITISCH 09:55:57 [COMBAT_STRIKE_DETAILS] The recruit shakes the goblin swordsman around by the head, tearing apart the head's fat and bruising the muscle!
KRITISCH 09:55:57 [COMBAT_STRIKE_DETAILS] The hammerdwarf punches the goblin swordsman in the head with his right hand, bruising the muscle!
KRITISCH 09:55:57 [CITIZEN_DEATH] Limul Nang├¬sk├╗buk, Herbalist has been found dead.
KRITISCH 09:55:57 [COMBAT_STRIKE_DETAILS] The goblin pikeman stabs the recruit in the right lower leg with his ({iron pike}), fracturing the bone through the x(pig tail trousers)x!
KRITISCH 09:55:57 [COMBAT_JUMP_DODGE_STRIKE] The goblin pikeman attacks the recruit but She jumps away!
KRITISCH 09:55:57 [COMBAT_STRIKE_DETAILS] The goblin maceman bashes the recruit in the left lower arm with her ({silver flail}), bruising the muscle!
KRITISCH 09:55:57 [COMBAT_STRIKE_DETAILS] The recruit punches the goblin pikeman in the right foot, but the attack passes right through!
KRITISCH 09:55:57 [COMBAT_STRIKE_DETAILS] The goblin pikeman bashes the recruit in the left upper leg with the shaft of his ({iron pike}) and the injured part explodes into gore!
KRITISCH 09:55:57 [COMBAT_STRIKE_DETAILS] The goblin maceman bites the recruit in the left lower arm, tearing the fat and bruising the muscle!
KRITISCH 09:55:57 [COMBAT_EVENT_LATCH_GENERAL] The goblin maceman latches on firmly!
KRITISCH 09:55:57 [COMBAT_STRIKE_DETAILS] The goblin maceman shakes the recruit around by the left lower arm, tearing apart the left lower arm's muscle and bruising the bone and tearing apart the left shoulder's muscle and bruising the bone!
KRITISCH 09:55:57 [COMBAT_STRIKE_DETAILS] The goblin pikeman stabs the recruit in the head with his ({iron pike}), tearing the muscle, fracturing the skull and tearing the brain through the x(+rope reed hood+)x!
KRITISCH 09:55:57 [CANCEL_JOB] Iden ├àblelzatthud, Herbalist cancels Place item in tomb: Interrupted by a goblin maceman.
KRITISCH 09:55:57 [STAND_UP] The goblin crossbowman stands up.
KRITISCH 09:55:57 [COMBAT_STRIKE_DETAILS] The goblin maceman punches the planter in the right lower leg with her right hand, bruising the muscle through the (pig tail trousers)!
KRITISCH 09:55:57 [COMBAT_STRIKE_DETAILS] The goblin pikeman stabs the planter in the lower body with his ({iron pike}), tearing the muscle and tearing the guts through the x(pig tail trousers)x!
KRITISCH 09:55:57 [CITIZEN_DEATH] Vucar Fathlek, Recruit has been found dead.
KRITISCH 09:55:57 [COMBAT_STRIKE_DETAILS] The goblin maceman scratches the planter in the left foot, tearing the muscle through the x(pig tail shoe)x!
KRITISCH 09:56:00 [COMBAT_DODGE] The hammerdwarf misses the goblin bowman!
KRITISCH 09:56:00 [COMBAT_TWIST_WEAPON] The goblin pikeman pulls on the embedded ({iron pike}).
KRITISCH 09:56:00 [RESOLVE_SHARED_ITEMS] The goblin pikeman gains possession of the ({iron pike}).
KRITISCH 09:56:00 [COMBAT_STRIKE_DETAILS] The goblin maceman bashes the planter in the upper body with her ({silver flail}), bruising the muscle, jamming the left false ribs through the heart and tearing apart the heart!
KRITISCH 09:56:00 [COMBAT_STRIKE_DETAILS] The goblin pikeman stabs the planter in the lower body with his ({iron pike}), tearing the muscle and tearing the guts through the X(pig tail trousers)X!
KRITISCH 09:56:00 [STAND_UP] The goblin crossbowman stands up.
KRITISCH 09:56:00 [COMBAT_DODGE] The hammerdwarf misses the goblin bowman!
KRITISCH 09:56:00 [COMBAT_STRIKE_DETAILS] The goblin pikeman punches the planter in the left upper arm with his right hand, bruising the muscle!
KRITISCH 09:56:00 [COMBAT_STRIKE_DETAILS] The goblin pikeman stabs the planter in the upper body with his ({iron pike}) and the injured part is cloven asunder!
KRITISCH 09:56:00 [COMBAT_STRIKE_DETAILS] The hammerdwarf punches the goblin bowman in the lower body with his left hand, bruising the muscle and bruising the stomach through the ({smilodon leather trousers})!
KRITISCH 09:56:00 [CITIZEN_DEATH] Datan G├»nonoddom, Planter has been found dead.
KRITISCH 09:56:03 [STAND_UP] The goblin crossbowman stands up.
KRITISCH 09:56:03 [CANCEL_JOB] Zas Ecemoddom, Mechanic cancels Brew drink from plant: Interrupted by a goblin pikeman.
KRITISCH 09:56:03 [CANCEL_JOB] Domas Absambesmar, mayor cancels Make bone crafts: Interrupted by a goblin pikeman.
KRITISCH 09:56:25 [CONFLICT_CONVERSATION] Asno Nusmosta, Goblin Bowman: I must withdraw!
KRITISCH 09:56:25 [STAND_UP] The goblin pikeman stands up.
KRITISCH 09:56:25 [CANCEL_JOB] Tekkud Stizashed├½m, Miner cancels Drink: Interrupted by a goblin pikeman.
KRITISCH 09:56:25 [CANCEL_JOB] Vucar F├┤kerlolor, Wrestler cancels Drink: Interrupted by a goblin pikeman.
KRITISCH 09:56:25 [CANCEL_JOB] Olon Ilnish, Herbalist cancels Make unknown material statue: Interrupted by a goblin pikeman.
KRITISCH 09:56:25 [CANCEL_JOB] Reg ├▓nulothsin, Herbalist cancels Make unknown material slab: Interrupted by a goblin pikeman.
KRITISCH 09:56:25 [COMBAT_JUMP_DODGE_STRIKE] The dog attacks the goblin pikeman but He jumps away!
KRITISCH 09:56:25 [CANCEL_JOB] Adil Roldeth├¿rith, Wood Burner cancels Place item in tomb: Interrupted by a goblin pikeman.
KRITISCH 09:56:25 [CANCEL_JOB] Ast K├╗bukroder, Fish Dissector cancels Make wooden crafts: Interrupted by a goblin pikeman.
KRITISCH 09:56:25 [COMBAT_DODGE] The recruit misses the goblin pikeman!
KRITISCH 09:56:25 [BUILDING_DESTROYED_OR_TOPPLED] Still toppled by Ngerxung Smatspoolng├╢ Smoxutngokang, Goblin Pikeman.
KRITISCH 09:56:25 [COMBAT_STRIKE_DETAILS] The goblin pikeman stabs the dog in the right rear leg with his ({copper pike}), tearing the muscle!
KRITISCH 09:56:25 [STAND_UP] The goblin crossbowman stands up.
KRITISCH 09:56:25 [COMBAT_JUMP_DODGE_STRIKE] The recruit attacks the goblin pikeman but He jumps away!
KRITISCH 09:56:25 [VOMIT] The goblin maceman vomits.
KRITISCH 09:56:25 [VOMIT] The goblin maceman retches.
KRITISCH 09:56:25 [COMBAT_JUMP_DODGE_STRIKE] The stray hunting dog attacks the goblin pikeman but He jumps away!
KRITISCH 09:56:25 [COMBAT_DODGE] The recruit misses the goblin pikeman!
KRITISCH 09:56:25 [COMBAT_STRIKE_DETAILS] The goblin maceman bashes the recruit in the upper body with her ({copper flail}), bruising the muscle and bruising the right lung through the (alpaca leather shirt)!
KRITISCH 09:56:25 [COMBAT_STRIKE_DETAILS] The goblin maceman bashes the recruit in the neck with her ({silver flail}) and the injured part is smashed into the body, an unrecognizable mass!
KRITISCH 09:56:25 [VOMIT] The goblin maceman retches.
KRITISCH 09:56:25 [COMBAT_STRIKE_DETAILS] The recruit bites the goblin pikeman in the lower body, bruising the fat through the ({woolly rhinoceros wool tunic})!
KRITISCH 09:56:25 [COMBAT_STRIKE_DETAILS] The goblin pikeman bites the recruit in the neck, tearing the fat and bruising the muscle and bruising the upper spine's nervous tissue through the x(alpaca leather shirt)x!
KRITISCH 09:56:25 [COMBAT_EVENT_LATCH_GENERAL] The goblin pikeman latches on firmly!
KRITISCH 09:56:25 [COMBAT_STRIKE_DETAILS] The goblin pikeman stabs the recruit in the neck with his ({iron pike}) and the severed part sails off in an arc!
KRITISCH 09:56:25 [COMBAT_JUMP_DODGE_STRIKE] The axedwarf attacks the goblin pikeman but He jumps away!
KRITISCH 09:56:25 [COMBAT_STRIKE_DETAILS] The goblin pikeman stabs the dog in the right front leg with his ({iron pike}), tearing the muscle!
KRITISCH 09:56:25 [COMBAT_STRIKE_DETAILS] The goblin pikeman stabs the dog in the lower body with his ({iron pike}), tearing the muscle and tearing apart the pancreas!
KRITISCH 09:56:25 [COMBAT_STRIKE_DETAILS] The goblin maceman bashes the dog in the left front paw with her ({copper flail}) and the injured part explodes into gore!
KRITISCH 09:56:25 [STAND_UP] The goblin crossbowman stands up.
KRITISCH 09:56:25 [CITIZEN_DEATH] Aban Nishotung, Recruit has been found dead.
KRITISCH 09:56:25 [COMBAT_STRIKE_DETAILS] The goblin maceman bashes the dog in the right front leg with her ({silver flail}), bruising the muscle!
KRITISCH 09:56:28 [COMBAT_STRIKE_DETAILS] The goblin maceman scratches the hammerdwarf in the upper body, tearing the fat through the X(ibex leather tunic)X!
KRITISCH 09:56:28 [BUILDING_DESTROYED_OR_TOPPLED] Carpenter's Workshop toppled by Nguslu Umuzuksos, Goblin Pikeman.
KRITISCH 09:56:28 [COMBAT_STRIKE_DETAILS] The goblin maceman bashes the herbalist in the right lower arm with her ({copper flail}) and the injured part is crushed!
KRITISCH 09:56:28 [COMBAT_DODGE] The stray dog misses the goblin pikeman!
KRITISCH 09:56:28 [COMBAT_STRIKE_DETAILS] The goblin pikeman stabs the stray dog in the lower body with his ({copper pike}), tearing the muscle and tearing the guts!
KRITISCH 09:56:28 [COMBAT_DODGE] The axedwarf misses the goblin maceman!
KRITISCH 09:56:28 [COMBAT_STRIKE_DETAILS] The goblin maceman bashes the fish dissector in the left lower leg with her ({silver flail}), fracturing the bone through the (platybelodon leather dress)!
KRITISCH 09:56:28 [COMBAT_STRIKE_DETAILS] The goblin maceman scratches the hammerdwarf in the right lower arm, tearing the fat and bruising the muscle!
KRITISCH 09:56:28 [COMBAT_DODGE] The marksdwarf misses the goblin maceman!
KRITISCH 09:56:28 [COMBAT_JUMP_DODGE_STRIKE] The wrestler attacks the goblin pikeman but He jumps away!
KRITISCH 09:56:28 [COMBAT_DODGE] The goblin pikeman misses the marksdwarf!
KRITISCH 09:56:28 [COMBAT_STRIKE_DETAILS] The goblin pikeman stabs the wrestler in the left foot with his ({iron pike}), tearing the muscle through the x(cave spider silk shoe)x!
KRITISCH 09:56:28 [COMBAT_TWIST_WEAPON] The goblin pikeman pulls on the embedded ({copper pike}).
KRITISCH 09:56:28 [RESOLVE_SHARED_ITEMS] The goblin pikeman gains possession of the ({copper pike}).
KRITISCH 09:56:28 [COMBAT_STRIKE_DETAILS] The goblin maceman bashes the axedwarf in the left lower arm with her ({copper flail}) and the injured part explodes into gore!
KRITISCH 09:56:28 [COMBAT_JUMP_DODGE_STRIKE] The dog attacks the goblin pikeman but He jumps away!
KRITISCH 09:56:28 [COMBAT_STRIKE_DETAILS] The hammerdwarf punches the goblin maceman in the head with his right hand, bruising the muscle!
KRITISCH 09:56:28 [COMBAT_JUMP_DODGE_STRIKE] The goblin pikeman attacks the marksdwarf but She rolls away!
KRITISCH 09:56:28 [CONFLICT_CONVERSATION] Nako Osnunazstrog, Goblin Maceman: I was attacked.  How exhilarating!
KRITISCH 09:56:28 [COMBAT_STRIKE_DETAILS] The goblin maceman bashes the fish dissector in the head with her ({silver flail}) and the injured part explodes into gore!
KRITISCH 09:56:28 [COMBAT_STRIKE_DETAILS] The axedwarf scratches the goblin maceman in the head, tearing the fat and bruising the muscle!
KRITISCH 09:56:28 [COMBAT_TWIST_WEAPON] The goblin pikeman pulls on the embedded ({iron pike}).
KRITISCH 09:56:28 [RESOLVE_SHARED_ITEMS] The goblin pikeman gains possession of the ({iron pike}).
KRITISCH 09:56:28 [CITIZEN_DEATH] Ast K├╗bukroder, Fish Dissector has been found dead.
KRITISCH 09:56:28 [COMBAT_DODGE] The stray dog misses the goblin pikeman!
KRITISCH 09:56:28 [COMBAT_DODGE] The marksdwarf misses the goblin maceman!
KRITISCH 09:56:28 [COMBAT_STRIKE_DETAILS] The goblin pikeman punches the stray dog in the head with his right hand, bruising the muscle!
KRITISCH 09:56:28 [COMBAT_STRIKE_DETAILS] The goblin maceman scratches the hammerdwarf in the left foot, tearing the fat through the x(rutherer leather shoe)x!
KRITISCH 09:56:31 [COMBAT_STRIKE_DETAILS] The goblin pikeman stabs the wrestler in the lower body with his ({iron pike}), tearing the muscle and tearing the lower spine's nervous tissue through the x(cow leather shirt)x!
KRITISCH 09:56:31 [COMBAT_STRIKE_DETAILS] The goblin pikeman punches the woodcutter in the head with his right hand, bruising the muscle!
KRITISCH 09:56:31 [COMBAT_STRIKE_DETAILS] The hammerdwarf punches the goblin maceman in the left lower leg with his left hand, bruising the muscle through the XX({troll fur trousers})XX!
KRITISCH 09:56:31 [COMBAT_TWIST_WEAPON] The goblin pikeman pulls on the embedded ({iron pike}).
KRITISCH 09:56:31 [RESOLVE_SHARED_ITEMS] The goblin pikeman gains possession of the ({iron pike}).
KRITISCH 09:56:31 [COMBAT_STRIKE_DETAILS] The goblin maceman bashes the marksdwarf in the left upper leg with her ({copper flail}), bruising the muscle through the x(cave spider silk dress)x!
KRITISCH 09:56:31 [COMBAT_STRIKE_DETAILS] The goblin maceman punches the herbalist in the left ear with her right hand and the injured part collapses into a lump of gore!
KRITISCH 09:56:31 [COMBAT_JUMP_DODGE_STRIKE] The marksdwarf attacks the goblin maceman but She jumps away!
KRITISCH 09:56:31 [COMBAT_JUMP_DODGE_STRIKE] The wrestler attacks the goblin pikeman but He jumps away!
KRITISCH 09:56:31 [COMBAT_STRIKE_DETAILS] The goblin pikeman stabs the woodcutter in the left upper leg with his ({copper pike}), tearing the muscle through the x(cave spider silk dress)x!
KRITISCH 09:56:31 [COMBAT_STRIKE_DETAILS] The goblin maceman bites the hammerdwarf in the right upper arm, tearing the fat!
KRITISCH 09:56:31 [COMBAT_STRIKE_DETAILS] The goblin pikeman stabs the herbalist in the lower body with his ({iron pike}), tearing the muscle and tearing the stomach through the x(cave spider silk shirt)x!
KRITISCH 09:56:31 [COMBAT_STRIKE_DETAILS] The goblin pikeman punches the herbalist in the lower body with his left hand, bruising the muscle and bruising the right kidney through the x(cave spider silk shirt)x!
KRITISCH 09:56:31 [COMBAT_DODGE] The dog misses the goblin pikeman!
KRITISCH 09:56:31 [COMBAT_STRIKE_DETAILS] The hammerdwarf punches the goblin maceman in the left lower leg with his left hand, bruising the fat through the XX({troll fur trousers})XX!
KRITISCH 09:56:31 [COMBAT_DODGE] The axedwarf misses the goblin maceman!
KRITISCH 09:56:31 [COMBAT_STRIKE_DETAILS] The goblin maceman bashes the marksdwarf in the lower body with her ({copper flail}), bruising the fat through the x(cave spider silk dress)x!
KRITISCH 09:56:31 [COMBAT_STRIKE_DETAILS] The goblin pikeman kicks the wrestler in the left upper leg with his left foot, bruising the muscle through the X(pig tail trousers)X!
KRITISCH 09:56:31 [COMBAT_STRIKE_DETAILS] The goblin maceman bashes the herbalist in the right lower leg with her ({silver flail}) and the injured part explodes into gore!
KRITISCH 09:56:31 [COMBAT_JUMP_DODGE_STRIKE] The marksdwarf attacks the goblin maceman but She jumps away!
KRITISCH 09:56:31 [COMBAT_DODGE] The dog misses the goblin pikeman!
KRITISCH 09:56:31 [COMBAT_JUMP_DODGE_STRIKE] The wrestler attacks the goblin pikeman but He jumps away!
KRITISCH 09:56:31 [COMBAT_STRIKE_DETAILS] The goblin pikeman stabs the herbalist in the head with his ({iron pike}), tearing the muscle, fracturing the skull and tearing the brain!
KRITISCH 09:56:31 [COMBAT_STRIKE_DETAILS] The goblin pikeman stabs the dog in the upper body with his ({copper pike}), tearing the muscle and tearing apart the liver!
KRITISCH 09:56:31 [COMBAT_STRIKE_DETAILS] The goblin maceman scratches the hammerdwarf in the left foot, tearing the fat and bruising the muscle through the X(rutherer leather shoe)X!
KRITISCH 09:56:31 [STAND_UP] The goblin crossbowman stands up.
KRITISCH 09:56:31 [COMBAT_STRIKE_DETAILS] The goblin maceman bashes the marksdwarf in the left lower leg with her ({copper flail}), bruising the fat through the x(cave spider silk dress)x!
KRITISCH 09:56:31 [COMBAT_WRESTLE_STRUGGLE] The hammerdwarf struggles in vain against the grip of the goblin maceman's left upper leg on The hammerdwarf's lower body.
KRITISCH 09:56:31 [COMBAT_STRIKE_DETAILS] The goblin pikeman stabs the wrestler in the left hand with his ({iron pike}) and the severed part sails off in an arc!
KRITISCH 09:56:31 [COMBAT_DODGE] The axedwarf misses the goblin crossbowman!
KRITISCH 09:56:31 [CITIZEN_DEATH] D├┤bar Tileshdeduk, Herbalist has been found dead.
KRITISCH 09:56:35 [COMBAT_STRIKE_DETAILS] The hammerdwarf punches the goblin maceman in the left lower arm with his right hand, bruising the skin!
KRITISCH 09:56:35 [COMBAT_STRIKE_DETAILS] The goblin pikeman stabs the herbalist in the left lower arm with his ({iron pike}), fracturing the bone through the X(green devourer leather shirt)X!
KRITISCH 09:56:35 [COMBAT_JUMP_DODGE_STRIKE] The goblin maceman attacks the recruit but She rolls away!
KRITISCH 09:56:35 [COMBAT_STRIKE_DETAILS] The goblin pikeman punches the herbalist in the lower body with his left hand, bruising the muscle and bruising the guts through the X(green devourer leather shirt)X!
KRITISCH 09:56:35 [CONFLICT_CONVERSATION] Smunstu Uznukatu, Goblin Maceman: I have improved my mace.  That was not satisfying.
KRITISCH 09:56:35 [COMBAT_STRIKE_DETAILS] The goblin pikeman bites the herbalist in the left lower arm, tearing the muscle!
KRITISCH 09:56:35 [COMBAT_EVENT_LATCH_GENERAL] The goblin pikeman latches on firmly!
KRITISCH 09:56:35 [COMBAT_STRIKE_DETAILS] The goblin pikeman stabs the boar in the head with his ({copper pike}) and the injured part is cloven asunder!
KRITISCH 09:56:35 [COMBAT_STRIKE_DETAILS] The goblin maceman bashes the herbalist in the upper body with her ({copper flail}), bruising the muscle, jamming the right false ribs through the liver and tearing apart the liver!
KRITISCH 09:56:35 [COMBAT_DODGE] The recruit misses the goblin pikeman!
KRITISCH 09:56:35 [COMBAT_STRIKE_DETAILS] The wrestler grabs the goblin pikeman by the lower left back teeth with his right hand!
KRITISCH 09:56:35 [COMBAT_STRIKE_DETAILS] The goblin pikeman punches the wrestler in the upper body with his right hand, bruising the muscle and bruising the right lung through the x(cow leather shirt)x!
KRITISCH 09:56:35 [CONFLICT_CONVERSATION] Ngerxung Smatspoolng├╢ Smoxutngokang, Goblin Pikeman: I have improved my observation.  That was satisfying.
KRITISCH 09:56:35 [COMBAT_STRIKE_DETAILS] The goblin maceman bashes the herbalist in the right hand with her ({silver flail}) and the injured part is crushed!
KRITISCH 09:56:35 [PET_DEATH] Aban Kolothlest, Boar (Tame) has been found dead.
KRITISCH 09:56:35 [COMBAT_DODGE] The herbalist misses the goblin pikeman!
KRITISCH 09:56:35 [COMBAT_STRIKE_DETAILS] The goblin maceman kicks the herbalist in the left lower leg with her left foot, bruising the muscle through the (pig tail trousers)!
KRITISCH 09:56:35 [COMBAT_STRIKE_DETAILS] The wrestler punches the goblin pikeman in the right upper leg with his right hand, bruising the muscle through the ({woolly rhinoceros wool tunic})!
KRITISCH 09:56:35 [COMBAT_STRIKE_DETAILS] The hammerdwarf grabs the goblin maceman by the head with his left upper leg!
KRITISCH 09:56:35 [COMBAT_WRESTLE_RELEASE_LATCH] The herbalist breaks the grip of The goblin pikeman's upper front teeth on the herbalist's left lower arm.
KRITISCH 09:56:35 [COMBAT_STRIKE_DETAILS] The goblin pikeman stabs the herbalist in the right lower arm with his ({iron pike}), fracturing the bone through the XX(green devourer leather shirt)XX!
KRITISCH 09:56:35 [COMBAT_STRIKE_DETAILS] The goblin maceman bites the hammerdwarf in the left upper arm, tearing the fat and bruising the muscle!
KRITISCH 09:56:35 [COMBAT_EVENT_LATCH_GENERAL] The goblin maceman latches on firmly!
KRITISCH 09:56:35 [COMBAT_PARRY] The recruit strikes at the goblin pikeman but the shot is effortlessly deflected by the ({iron pike})!
KRITISCH 09:56:35 [STAND_UP] The goblin crossbowman stands up.
KRITISCH 09:56:35 [COMBAT_STRIKE_DETAILS] The goblin maceman bashes the herbalist in the upper body with her ({copper flail}) and the injured part explodes into gore!
KRITISCH 09:56:35 [COMBAT_STRIKE_DETAILS] The hammerdwarf punches the goblin maceman in the left lower arm with his right hand, bruising the fat!
KRITISCH 09:56:35 [CONFLICT_CONVERSATION] Tode ├┤stdang, Goblin Maceman: I was attacked.  How exhilarating!
KRITISCH 09:56:35 [COMBAT_STRIKE_DETAILS] The goblin pikeman stabs the herbalist in the left lower leg with her ({iron pike}), fracturing the bone through the x(pig tail trousers)x!
KRITISCH 09:56:35 [COMBAT_STRIKE_DETAILS] The goblin maceman bashes the herbalist in the upper body with her ({silver mace}), bruising the muscle and bruising the heart through the (sheep wool tunic)!
KRITISCH 09:56:35 [COMBAT_STRIKE_DETAILS] The goblin pikeman stabs the stray dog in the right rear paw with his ({copper pike}) and the severed part sails off in an arc!
KRITISCH 09:56:35 [CITIZEN_DEATH] Olon Ilnish, Herbalist has been found dead.
KRITISCH 09:56:35 [COMBAT_STRIKE_DETAILS] The wrestler punches the goblin pikeman in the right lower arm with his right hand, bruising the muscle!
KRITISCH 09:56:35 [COMBAT_STRIKE_DETAILS] The goblin pikeman punches the wrestler in the upper body with his right hand, bruising the muscle and bruising the left lung through the x(cow leather shirt)x!
KRITISCH 09:56:38 [COMBAT_TWIST_WEAPON] The goblin pikeman pulls on the embedded ({iron pike}).
KRITISCH 09:56:38 [RESOLVE_SHARED_ITEMS] The goblin pikeman gains possession of the ({iron pike}).
KRITISCH 09:56:38 [COMBAT_STRIKE_DETAILS] The goblin pikeman stabs the miner in the neck with his ({iron pike}), tearing the muscle and tearing the upper spine's nervous tissue!
KRITISCH 09:56:38 [COMBAT_STRIKE_DETAILS] The goblin maceman bashes the miner in the right hand with her ({copper flail}), bruising the muscle through the (giant cave spider silk right glove)!
KRITISCH 09:56:38 [COMBAT_STRIKE_DETAILS] The goblin pikeman kicks the miner in the right foot with his left foot, bruising the bone through the (draltha leather shoe)!
KRITISCH 09:56:38 [COMBAT_WRESTLE_RELEASE_LATCH] The hammerdwarf breaks the grip of The goblin maceman's upper front teeth on the hammerdwarf's left upper leg.
KRITISCH 09:56:38 [COMBAT_PARRY] The recruit strikes at the goblin pikeman but the shot is effortlessly deflected by the ({iron pike})!
KRITISCH 09:56:38 [COMBAT_STRIKE_DETAILS] The hammerdwarf scratches the goblin maceman in the left hand, tearing the muscle through the XX({manera leather left glove})XX!
KRITISCH 09:56:38 [COMBAT_STRIKE_DETAILS] The goblin maceman bashes the miner in the right upper leg with her ({silver flail}) and the injured part is smashed into the body, an unrecognizable mass!
KRITISCH 09:56:38 [COMBAT_STRIKE_DETAILS] The goblin pikeman punches the wrestler in the right lower leg with his right hand, bruising the muscle through the X(pig tail trousers)X!
KRITISCH 09:56:38 [COMBAT_STRIKE_DETAILS] The goblin maceman scratches the hammerdwarf in the right lower leg, tearing the fat!
KRITISCH 09:56:38 [COMBAT_STRIKE_DETAILS] The goblin pikeman stabs the herbalist in the head with her ({iron pike}), tearing the muscle, fracturing the skull and tearing the brain!
KRITISCH 09:56:38 [COMBAT_STRIKE_DETAILS] The goblin pikeman stabs the herbalist in the right lower leg with his ({iron pike}), tearing the muscle through the x(two-humped camel leather dress)x!
KRITISCH 09:56:38 [COMBAT_STRIKE_DETAILS] The goblin pikeman stabs the herbalist in the left hand with his ({copper pike}), tearing apart the fat through the x(llama wool left glove)x!
KRITISCH 09:56:38 [COMBAT_DODGE] The recruit misses the goblin pikeman!
KRITISCH 09:56:38 [COMBAT_STRIKE_DETAILS] The wrestler scratches the goblin pikeman in the left foot, tearing the muscle through the x({giant cave spider silk sandal})x!
KRITISCH 09:56:38 [COMBAT_STRIKE_DETAILS] The hammerdwarf punches the goblin maceman in the right upper arm with his right hand, bruising the muscle!
KRITISCH 09:56:38 [COMBAT_STRIKE_DETAILS] The goblin maceman bites the herbalist in the left eyelid, bruising the skin through the x(two-humped camel leather dress)x!
KRITISCH 09:56:38 [COMBAT_EVENT_LATCH_GENERAL] The goblin maceman latches on firmly!
KRITISCH 09:56:38 [COMBAT_STRIKE_DETAILS] The goblin pikeman punches the wrestler in the upper body with his right hand, bruising the muscle and bruising the right lung through the x(cow leather shirt)x!
KRITISCH 09:56:38 [COMBAT_STRIKE_DETAILS] The goblin maceman bashes the herbalist in the upper body with her ({silver flail}), bruising the muscle and shattering the left true ribs through the x(two-humped camel leather dress)x!
KRITISCH 09:56:38 [COMBAT_STRIKE_DETAILS] The herbalist punches the goblin maceman in the right lower arm with his right hand, bruising the fat!
KRITISCH 09:56:38 [COMBAT_STRIKE_DETAILS] The goblin pikeman stabs the dyer in the lower body with her ({iron pike}), tearing the muscle and tearing the guts through the x(giant cave spider silk shirt)x!
KRITISCH 09:56:38 [COMBAT_STRIKE_DETAILS] The goblin pikeman stabs the herbalist in the right lower arm with his ({iron pike}), fracturing the bone through the X(two-humped camel leather dress)X!
KRITISCH 09:56:38 [COMBAT_STRIKE_DETAILS] The goblin maceman scratches the hammerdwarf in the right upper leg, tearing the fat!
KRITISCH 09:56:38 [CITIZEN_DEATH] Ustuth Nokim├»lun, Herbalist has been found dead.
KRITISCH 09:56:38 [COMBAT_PARRY] The recruit strikes at the goblin pikeman but the shot is effortlessly deflected by the ({iron pike})!
KRITISCH 09:56:38 [COMBAT_STRIKE_DETAILS] The goblin pikeman stabs the herbalist in the right upper arm with his ({iron pike}), tearing the muscle through the XX(two-humped camel leather dress)XX!
KRITISCH 09:56:41 [COMBAT_WRESTLE_RELEASE_LATCH] The herbalist breaks the grip of The goblin maceman's upper front teeth on the herbalist's left eyelid.
KRITISCH 09:56:41 [COMBAT_STRIKE_DETAILS] The recruit grabs the goblin maceman by the lower right back teeth with her left upper arm!
KRITISCH 09:56:41 [COMBAT_STRIKE_DETAILS] The goblin pikeman punches the wrestler in the upper body with his right hand, bruising the muscle and bruising the left lung through the x(cow leather shirt)x!
KRITISCH 09:56:41 [COMBAT_PARRY] The recruit strikes at the goblin pikeman but the shot is easily deflected by the ({iron pike})!
KRITISCH 09:56:41 [COMBAT_TWIST_WEAPON] The goblin pikeman pulls on the embedded ({iron pike}).
KRITISCH 09:56:41 [RESOLVE_SHARED_ITEMS] The goblin pikeman gains possession of the ({iron pike}).
KRITISCH 09:56:41 [COMBAT_STRIKE_DETAILS] The recruit scratches the goblin maceman in the lower body, tearing the fat and bruising the muscle and bruising the pancreas!
KRITISCH 09:56:41 [COMBAT_STRIKE_DETAILS] The hammerdwarf punches the goblin maceman in the right lower leg with his left hand, bruising the muscle!
KRITISCH 09:56:41 [COMBAT_STRIKE_DETAILS] The goblin pikeman stabs the miner in the left foot with her ({iron pike}), fracturing the bone through the x(draltha leather shoe)x!
KRITISCH 09:56:41 [COMBAT_STRIKE_DETAILS] The goblin pikeman stabs the herbalist in the right hand with his ({iron pike}) and the severed part sails off in an arc!
KRITISCH 09:56:41 [COMBAT_STRIKE_DETAILS] The goblin maceman bashes the herbalist in the right lower leg with her ({silver flail}), bruising the muscle through the XX(two-humped camel leather dress)XX!
KRITISCH 09:56:41 [COMBAT_STRIKE_DETAILS] The goblin maceman bites the hammerdwarf in the lower body, tearing the fat and bruising the muscle and bruising the guts!
KRITISCH 09:56:41 [COMBAT_EVENT_LATCH_GENERAL] The goblin maceman latches on firmly!
KRITISCH 09:56:41 [COMBAT_STRIKE_DETAILS] The goblin pikeman punches the wrestler in the upper body with his right hand, bruising the muscle and bruising the left lung through the x(cow leather shirt)x!
KRITISCH 09:56:41 [COMBAT_TWIST_WEAPON] The goblin pikeman pulls on the embedded ({copper pike}).
KRITISCH 09:56:41 [RESOLVE_SHARED_ITEMS] The goblin pikeman gains possession of the ({copper pike}).
KRITISCH 09:56:41 [COMBAT_STRIKE_DETAILS] The goblin maceman bashes the herbalist in the right lower leg with her ({copper flail}), fracturing the bone through the XX(two-humped camel leather dress)XX!
KRITISCH 09:56:41 [COMBAT_STRIKE_DETAILS] The wrestler scratches the goblin pikeman in the left lower leg, tearing the skin through the X({troll fur trousers})X!
KRITISCH 09:56:41 [COMBAT_STRIKE_DETAILS] The goblin maceman kicks the miner in the head with her left foot, bruising the muscle!
KRITISCH 09:56:41 [COMBAT_PARRY] The recruit strikes at the goblin pikeman but the shot is easily deflected by the ({iron pike})!
KRITISCH 09:56:41 [COMBAT_STRIKE_DETAILS] The goblin pikeman stabs the herbalist in the left upper leg with his ({iron pike}), fracturing the bone through the XX(two-humped camel leather dress)XX!
KRITISCH 09:56:41 [COMBAT_STRIKE_DETAILS] The goblin pikeman stabs the herbalist in the left upper arm with his ({copper pike}), tearing the fat through the X(pig tail dress)X!
KRITISCH 09:56:41 [STAND_UP] The goblin maceman stands up.
KRITISCH 09:56:41 [COMBAT_STRIKE_DETAILS] The hammerdwarf punches the goblin maceman in the left upper leg with his right hand, bruising the muscle!
KRITISCH 09:56:41 [COMBAT_STRIKE_DETAILS] The goblin pikeman grabs the herbalist by the second toe, left foot with her right upper arm!
KRITISCH 09:56:41 [COMBAT_STRIKE_DETAILS] The goblin pikeman stabs the herbalist in the head with his ({iron pike}), tearing the muscle and fracturing the skull!
KRITISCH 09:56:41 [VOMIT] The goblin maceman vomits.
KRITISCH 09:56:41 [COMBAT_STRIKE_DETAILS] The recruit bites the goblin maceman in the upper body, tearing the fat!
KRITISCH 09:56:41 [COMBAT_STRIKE_DETAILS] The goblin maceman bashes the herbalist in the head with her ({copper flail}) and the injured part explodes into gore!
KRITISCH 09:56:41 [CONFLICT_CONVERSATION] Asno Nusmosta, Goblin Bowman: I got caught in a miasma.  It'll take more than that to disgust me.
KRITISCH 09:56:41 [CITIZEN_DEATH] Reg ├▓nulothsin, Herbalist has been found dead.
KRITISCH 09:56:41 [COMBAT_WRESTLE_RELEASE_LATCH] The hammerdwarf breaks the grip of The goblin maceman's upper front teeth on the hammerdwarf's lower body.
KRITISCH 09:56:44 [COMBAT_STRIKE_DETAILS] The hammerdwarf punches the goblin maceman in the right upper arm with his right hand, bruising the fat!
KRITISCH 09:56:44 [COMBAT_STRIKE_DETAILS] The goblin pikeman stabs the herbalist in the right upper leg with his ({iron pike}), tearing the muscle through the x(cave spider silk dress)x!
KRITISCH 09:56:44 [COMBAT_STRIKE_DETAILS] The goblin pikeman punches the wrestler in the upper body with his right hand and the injured part explodes into gore!
KRITISCH 09:56:44 [COMBAT_STRIKE_DETAILS] The recruit strikes the goblin pikeman in the right lower leg with his (bismuth bronze shield), bruising the muscle through the X({troll fur trousers})X!
KRITISCH 09:56:44 [COMBAT_STRIKE_DETAILS] The goblin maceman scratches the hammerdwarf in the left hand, tearing the fat and bruising the bone through the x(giant cave spider silk left glove)x!
KRITISCH 09:56:44 [COMBAT_WRESTLE_RELEASE_LATCH] The goblin maceman breaks the grip of The recruit's upper front teeth on the goblin maceman's upper body.
KRITISCH 09:56:44 [COMBAT_STRIKE_DETAILS] The goblin maceman punches the miner in the lower body with her left hand, bruising the muscle and bruising the spleen through the (bugbat leather trousers)!
KRITISCH 09:56:44 [CITIZEN_DEATH] Vucar F├┤kerlolor, Wrestler has been found dead.
KRITISCH 09:56:44 [COMBAT_TWIST_WEAPON] The goblin pikeman pulls on the embedded ({iron pike}).
KRITISCH 09:56:44 [RESOLVE_SHARED_ITEMS] The goblin pikeman gains possession of the ({iron pike}).
KRITISCH 09:56:44 [COMBAT_STRIKE_DETAILS] The goblin pikeman stabs the herbalist in the neck with his ({iron pike}), tearing the muscle and tearing the upper spine's nervous tissue through the X(cave spider silk dress)X!
KRITISCH 09:56:47 [COMBAT_STRIKE_DETAILS] The goblin pikeman stabs the herbalist in the upper body with his ({iron pike}), tearing the muscle, shattering the right false ribs and tearing the left lung through the XX(cave spider silk dress)XX!
KRITISCH 09:56:47 [COMBAT_STRIKE_DETAILS] The recruit strikes the goblin pikeman in the right lower leg with his (bismuth bronze shield), bruising the muscle through the X({troll fur trousers})X!
KRITISCH 09:56:47 [COMBAT_JUMP_DODGE_STRIKE] The herbalist attacks the goblin pikeman but She jumps away!
KRITISCH 09:56:47 [COMBAT_STRIKE_DETAILS] The goblin pikeman bashes the nanny goat in the right front hoof with the shaft of his ({copper pike}) and the severed part sails off in an arc!
KRITISCH 09:56:47 [COMBAT_STRIKE_DETAILS] The goblin maceman punches the herbalist in the lower body with her left hand, bruising the muscle and bruising the stomach through the XX(cave spider silk dress)XX!
KRITISCH 09:56:47 [COMBAT_WRESTLE_RELEASE_LATCH] The goblin maceman breaks the grip of The recruit's upper front teeth on the goblin maceman's left foot.
KRITISCH 09:56:47 [COMBAT_STRIKE_DETAILS] The goblin maceman bashes the herbalist in the right upper leg with her ({copper flail}), fracturing the bone through the XX(cave spider silk dress)XX!
KRITISCH 09:56:47 [COMBAT_DODGE] The recruit misses the goblin pikeman!
KRITISCH 09:56:47 [COMBAT_STRIKE_DETAILS] The recruit bites the goblin maceman in the left lower arm, tearing the muscle!
KRITISCH 09:56:47 [COMBAT_STRIKE_DETAILS] The goblin pikeman punches the miner in the right lower arm with his right hand, bruising the muscle through the -rope reed dress-!
KRITISCH 09:56:47 [COMBAT_STRIKE_DETAILS] The goblin maceman bashes the herbalist in the lower body with her ({silver flail}), bruising the muscle and bruising the guts through the XX(cave spider silk dress)XX!
KRITISCH 09:56:47 [COMBAT_DODGE] The axedwarf misses the goblin pikeman!
KRITISCH 09:56:47 [COMBAT_TWIST_WEAPON] The goblin pikeman pulls on the embedded ({iron pike}).
KRITISCH 09:56:47 [RESOLVE_SHARED_ITEMS] The goblin pikeman gains possession of the ({iron pike}).
KRITISCH 09:56:47 [COMBAT_STRIKE_DETAILS] The goblin maceman scratches the recruit in the left foot, tearing the skin through the X(giant cave spider silk shoe)X!
KRITISCH 09:56:47 [COMBAT_STRIKE_DETAILS] The goblin pikeman stabs the herbalist in the right lower leg with his ({iron pike}), fracturing the bone through the XX(cave spider silk dress)XX!
KRITISCH 09:56:47 [COMBAT_STRIKE_DETAILS] The goblin pikeman stabs the herbalist in the upper body with his ({iron pike}), tearing the muscle and shattering the left floating ribs!
KRITISCH 09:56:47 [COMBAT_START_CHARGE] The goblin pikeman charges at the nanny goat!
KRITISCH 09:56:47 [COMBAT_CHARGE_COLLISION] The goblin pikeman collides with the nanny goat!
KRITISCH 09:56:47 [COMBAT_STRIKE_DETAILS] The recruit strikes the goblin pikeman in the left lower leg with his (bismuth bronze shield), fracturing the bone through the X({troll fur trousers})X!
KRITISCH 09:56:47 [COMBAT_JUMP_DODGE_STRIKE] The herbalist attacks the goblin pikeman but He scrambles away!
KRITISCH 09:56:47 [COMBAT_TWIST_WEAPON] The goblin pikeman pulls on the embedded ({iron pike}).
KRITISCH 09:56:47 [RESOLVE_SHARED_ITEMS] The goblin pikeman gains possession of the ({iron pike}).
KRITISCH 09:56:47 [FALL_OVER] The goblin pikeman falls over.
KRITISCH 09:56:47 [COMBAT_STRIKE_DETAILS] The goblin maceman bashes the herbalist in the head with her ({silver mace}), bruising the muscle, jamming the skull through the brain and tearing the brain!
KRITISCH 09:56:47 [CITIZEN_DEATH] Iden Thobk├Ñt├ók, Herbalist has been found dead.
KRITISCH 09:56:47 [COMBAT_STRIKE_DETAILS] The goblin pikeman stabs the stray dog in the lower body with his ({copper pike}), tearing the muscle and spilling her guts!
KRITISCH 09:56:47 [COMBAT_STRIKE_DETAILS] The goblin maceman bashes the herbalist in the lower body with her ({silver flail}), bruising the muscle and bruising the guts through the X(pig tail dress)X!
KRITISCH 09:56:50 [COMBAT_DODGE] The axedwarf misses the goblin pikeman!
KRITISCH 09:56:50 [COMBAT_STRIKE_DETAILS] The goblin pikeman stabs the dyer in the upper body with his ({iron pike}), tearing the muscle and tearing the heart through the X(giant cave spider silk shirt)X!
KRITISCH 09:56:50 [COMBAT_STRIKE_DETAILS] The goblin maceman scratches the recruit in the left upper leg, tearing the fat!
KRITISCH 09:56:50 [COMBAT_STRIKE_DETAILS] The recruit bites the goblin maceman in the right hand, tearing the muscle through the X({manera leather right glove})X!
KRITISCH 09:56:50 [COMBAT_STRIKE_DETAILS] The goblin pikeman bashes the recruit in the mouth with the shaft of his ({iron pike}), bruising the left cheek's skin through the x(pig tail shirt)x!
KRITISCH 09:56:50 [STAND_UP] The goblin maceman stands up.
KRITISCH 09:56:50 [EXHAUSTION] The goblin maceman passes out from exhaustion.
KRITISCH 09:56:50 [COMBAT_JUMP_DODGE_STRIKE] The recruit attacks the goblin pikeman but He rolls away!
KRITISCH 09:56:50 [COMBAT_STRIKE_DETAILS] The goblin maceman bashes the miner in the lower body with her ({silver mace}), bruising the muscle and bruising the guts through the (bugbat leather trousers)!
KRITISCH 09:56:50 [COMBAT_STRIKE_DETAILS] The goblin pikeman stabs the herbalist in the right upper leg with his ({iron pike}), tearing the muscle through the XX(pig tail dress)XX!
KRITISCH 09:56:50 [COMBAT_STRIKE_DETAILS] The goblin maceman bashes the herbalist in the left hand with her ({copper flail}) and the injured part explodes into gore!
KRITISCH 09:56:50 [COMBAT_TWIST_WEAPON] The goblin pikeman pulls on the embedded ({iron pike}).
KRITISCH 09:56:50 [RESOLVE_SHARED_ITEMS] The goblin pikeman gains possession of the ({iron pike}).
KRITISCH 09:56:50 [COMBAT_STRIKE_DETAILS] The goblin pikeman stabs the stray dog in the head with his ({copper pike}), tearing the muscle and shattering the skull!
KRITISCH 09:56:50 [COMBAT_DODGE] The axedwarf misses the goblin crossbowman!
KRITISCH 09:56:50 [COMBAT_STRIKE_DETAILS] The goblin pikeman stabs the recruit in the right hand with his ({iron pike}), tearing apart the muscle through the x(llama wool right glove)x!
KRITISCH 09:56:50 [COMBAT_DODGE] The recruit misses the goblin pikeman!
KRITISCH 09:56:50 [COMBAT_STRIKE_DETAILS] The recruit bites the goblin maceman in the head, tearing the muscle!
KRITISCH 09:56:50 [COMBAT_STRIKE_DETAILS] The goblin maceman scratches the miner in the right lower leg, tearing the muscle through the x(bugbat leather trousers)x!
KRITISCH 09:56:50 [COMBAT_STRIKE_DETAILS] The goblin pikeman stabs the dyer in the right upper leg with his ({iron pike}), fracturing the bone through the X(white stork leather trousers)X!
KRITISCH 09:56:50 [COMBAT_STRIKE_DETAILS] The goblin maceman bashes the woodcutter in the right upper leg with her ({copper flail}), fracturing the bone through the x(cave spider silk dress)x!
KRITISCH 09:56:50 [COMBAT_STRIKE_DETAILS] The goblin maceman bashes the woodcutter in the upper body with her ({silver flail}), bruising the muscle, jamming the left false ribs through the liver and tearing the liver!
KRITISCH 09:57:03 [COMBAT_STRIKE_DETAILS] The goblin pikeman stabs the woodcutter in the right lower arm with his ({iron pike}), fracturing the bone through the X(cave spider silk dress)X!
KRITISCH 09:57:03 [COMBAT_TWIST_WEAPON] The goblin pikeman pulls on the embedded ({iron pike}).
KRITISCH 09:57:03 [RESOLVE_SHARED_ITEMS] The goblin pikeman gains possession of the ({iron pike}).
KRITISCH 09:57:03 [COMBAT_STRIKE_DETAILS] The recruit shakes the goblin maceman around by the head, tearing apart the head's fat and bruising the muscle and tearing apart the upper spine's nervous tissue!
KRITISCH 09:57:03 [COMBAT_STRIKE_DETAILS] The goblin pikeman stabs the stray dog in the head with his ({copper pike}) and the severed part sails off in an arc!
KRITISCH 09:57:03 [PET_DEATH] The Stray Dog (Tame) has been found dead.
KRITISCH 09:57:03 [CONFLICT_CONVERSATION] Asno Nusmosta, Goblin Bowman: I must withdraw!
KRITISCH 09:57:03 [COMBAT_DODGE] The recruit misses the goblin pikeman!
KRITISCH 09:57:03 [COMBAT_STRIKE_DETAILS] The goblin maceman bashes the miner in the lower body with her ({silver mace}), bruising the muscle and bruising the guts through the x(bugbat leather trousers)x!
KRITISCH 09:57:03 [COMBAT_STRIKE_DETAILS] The goblin maceman bashes the woodcutter in the head with her ({copper flail}) and the injured part explodes into gore!
KRITISCH 09:57:03 [CITIZEN_DEATH] Goden Nun├╣rzon, Woodcutter has been found dead.
KRITISCH 09:57:03 [COMBAT_STRIKE_DETAILS] The recruit bites the goblin maceman in the head, tearing the muscle!
KRITISCH 09:57:03 [COMBAT_STRIKE_DETAILS] The goblin pikeman stabs the dyer in the head with his ({iron pike}), tearing the muscle, fracturing the skull and tearing the brain through the x(┬½+sheep wool hood+┬╗)x!
KRITISCH 09:57:03 [COMBAT_STRIKE_DETAILS] The goblin pikeman stabs the recruit in the upper left back teeth with his ({iron pike}) and the severed part sails off in an arc!
KRITISCH 09:57:06 [CITIZEN_DEATH] Shorast Kiblecad, Dyer has been found dead.
KRITISCH 09:57:09 [COMBAT_STRIKE_DETAILS] The goblin pikeman stabs the dwarven baby in the lower body with his ({iron pike}), tearing the muscle and spilling her guts!
KRITISCH 09:57:09 [COMBAT_STRIKE_DETAILS] The goblin pikeman stabs the hen in the left upper leg with his ({copper pike}) and the severed part sails off in an arc!
KRITISCH 09:57:09 [COMBAT_STRIKE_DETAILS] The goblin maceman bashes the miner in the left lower arm with her ({silver mace}), jamming the bone through the left elbow's muscle and shattering the left elbow's bone!
KRITISCH 09:57:09 [COMBAT_DODGE] The recruit misses the goblin pikeman!
KRITISCH 09:57:09 [COMBAT_STRIKE_DETAILS] The recruit shakes the goblin maceman around by the head, tearing apart the head's fat and bruising the muscle!
KRITISCH 09:57:09 [CONFLICT_CONVERSATION] Nguslu Stosm├╗atu, Goblin Crossbowman: I was attacked.  How exhilarating!
KRITISCH 09:57:09 [COMBAT_STRIKE_DETAILS] The goblin pikeman stabs the recruit in the left upper arm with his ({iron pike}) and the severed part sails off in an arc!
KRITISCH 09:57:09 [COMBAT_STRIKE_DETAILS] The goblin maceman bashes the miner in the right lower leg with her ({silver flail}), fracturing the bone through the x(bugbat leather trousers)x!
KRITISCH 09:57:09 [COMBAT_STRIKE_DETAILS] The goblin maceman bashes the dwarven baby in the lower body with her ({copper flail}), bruising the muscle!
KRITISCH 09:57:09 [COMBAT_STRIKE_DETAILS] The recruit scratches the goblin maceman in the head, tearing the muscle!
KRITISCH 09:57:09 [COMBAT_JUMP_DODGE_STRIKE] The recruit attacks the goblin pikeman but He scrambles away!
KRITISCH 09:57:09 [COMBAT_STRIKE_DETAILS] The goblin maceman bashes the miner in the right foot with her ({silver mace}), fracturing the bone through the (draltha leather shoe)!
KRITISCH 09:57:09 [COMBAT_STRIKE_DETAILS] The goblin maceman bashes the miner in the left hand with her ({silver flail}) and the injured part is crushed!
KRITISCH 09:57:09 [CITIZEN_DEATH] Zasit Oddomirtir, Recruit has been found dead.
KRITISCH 09:57:12 [COMBAT_STRIKE_DETAILS] The goblin maceman bashes the miner in the left upper arm with her ({copper flail}) and the injured part is crushed!
KRITISCH 09:57:12 [COMBAT_STRIKE_DETAILS] The goblin maceman bashes the miner in the upper body with her ({silver flail}), bruising the muscle and shattering the right false ribs through the XX(llama wool tunic)XX!
KRITISCH 09:57:12 [COMBAT_STRIKE_DETAILS] The recruit shakes the goblin maceman around by the head, tearing apart the head's fat and bruising the muscle!
KRITISCH 09:57:12 [COMBAT_STRIKE_DETAILS] The goblin pikeman stabs the miner in the lower body with his ({iron pike}), tearing the muscle and tearing the guts through the X(bugbat leather trousers)X!
KRITISCH 09:57:12 [COMBAT_STRIKE_DETAILS] The recruit shakes the goblin maceman around by the head, tearing apart the head's fat and bruising the muscle!
KRITISCH 09:57:12 [COMBAT_STRIKE_DETAILS] The goblin maceman bashes the miner in the left upper arm with her ({silver mace}), shattering the bone and shattering the left shoulder's bone!
KRITISCH 09:57:12 [COMBAT_JUMP_DODGE_STRIKE] The goblin pikeman attacks the miner but He scrambles away!
KRITISCH 09:57:12 [COMBAT_STRIKE_DETAILS] The recruit shakes the goblin maceman around by the head, tearing apart the head's fat and bruising the muscle!
KRITISCH 09:57:12 [COMBAT_STRIKE_DETAILS] The goblin maceman bashes the miner in the head with her ({silver flail}) and the injured part is crushed!
KRITISCH 09:57:12 [COMBAT_STRIKE_DETAILS] The goblin pikeman stabs the herbalist in the left upper leg with his ({copper pike}), tearing the muscle through the x(pig tail dress)x!
KRITISCH 09:57:12 [COMBAT_STRIKE_DETAILS] The recruit scratches the goblin maceman in the head, tearing the muscle!
KRITISCH 09:57:12 [COMBAT_STRIKE_DETAILS] The goblin pikeman stabs the herbalist in the right lower arm with his ({copper pike}), tearing the muscle through the X(pig tail dress)X!
KRITISCH 09:57:12 [CONFLICT_CONVERSATION] Smunstu Uznukatu, Goblin Maceman: I have improved my observation.  That was satisfying.
KRITISCH 09:57:12 [COMBAT_STRIKE_DETAILS] The goblin pikeman punches the farmer in the left lower leg with his right hand, bruising the muscle through the (giant cave spider silk trousers)!
KRITISCH 09:57:12 [COMBAT_STRIKE_DETAILS] The goblin pikeman stabs the farmer in the left lower leg with his ({iron pike}), fracturing the bone through the x(giant cave spider silk trousers)x!
KRITISCH 09:57:12 [COMBAT_STRIKE_DETAILS] The goblin maceman bashes the axedwarf in the head with her ({copper flail}) and the injured part explodes into gore!
KRITISCH 09:57:12 [CITIZEN_DEATH] Tekkud Stizashed├½m, Miner has been found dead.
KRITISCH 09:57:12 [CITIZEN_DEATH] Lorbam Zonzokun, Axedwarf has been found dead.
KRITISCH 09:57:12 [CANCEL_JOB] Reg Dod├│ktilesh, Recruit cancels Sleep: Interrupted by a goblin crossbowman.
KRITISCH 09:57:12 [COMBAT_STRIKE_DETAILS] The recruit scratches the goblin maceman in the head, tearing the muscle!
KRITISCH 09:57:12 [COMBAT_STRIKE_DETAILS] The goblin maceman bashes the farmer in the head with her ({silver flail}) and the injured part is crushed!
KRITISCH 09:57:16 [COMBAT_STRIKE_DETAILS] The goblin pikeman stabs the herbalist in the right lower arm with his ({copper pike}), fracturing the bone through the XX(pig tail dress)XX!
KRITISCH 09:57:16 [COMBAT_JUMP_DODGE_STRIKE] The goblin pikeman attacks the woodcutter but He jumps away!
KRITISCH 09:57:16 [CITIZEN_DEATH] D├┤bar Tulonas├ás, Farmer has been found dead.
KRITISCH 09:57:16 [COMBAT_STRIKE_DETAILS] The goblin pikeman stabs the woodcutter in the neck with his ({iron pike}) and the severed part sails off in an arc!
KRITISCH 09:57:16 [COMBAT_STRIKE_DETAILS] The goblin maceman bashes the dwarven baby in the lower body with her ({copper morningstar}) and it is mostly cut away from the rest of the torso!
KRITISCH 09:57:16 [COMBAT_STRIKE_DETAILS] The recruit scratches the goblin maceman in the head, tearing the muscle!
KRITISCH 09:57:16 [CITIZEN_DEATH] Sarvesh Al├Ñthtalin, Woodcutter has been found dead.
KRITISCH 09:57:16 [COMBAT_STRIKE_DETAILS] The goblin pikeman stabs the herbalist in the left hand with his ({copper pike}), tearing apart the muscle through the x(pig tail left glove)x!
KRITISCH 09:57:19 [CONFLICT_CONVERSATION] Nguslu Umuzuksos, Goblin Pikeman: I have improved my pike.  That was satisfying.
KRITISCH 09:57:19 [COMBAT_STRIKE_DETAILS] The goblin maceman bashes the animal dissector in the lower body with her ({silver flail}), bruising the muscle and bruising the guts through the XX(pig tail dress)XX!
KRITISCH 09:57:19 [COMBAT_STRIKE_DETAILS] The goblin pikeman stabs the stray cat in the lower body with his ({iron pike}), tearing apart the muscle and tearing apart the stomach!
KRITISCH 09:57:19 [COMBAT_STRIKE_DETAILS] The goblin pikeman stabs the herbalist in the right upper arm with his ({copper pike}), tearing the muscle through the XX(pig tail dress)XX!
KRITISCH 09:57:19 [CONFLICT_CONVERSATION] Bomrek Balcerol, Herbalist: Lorbam Helmsiege is dead.  I am not feeling sad right now.
KRITISCH 09:57:19 [COMBAT_STRIKE_DETAILS] The goblin maceman bashes the animal dissector in the left upper leg with her ({copper flail}) and the injured part is smashed into the body, an unrecognizable mass!
KRITISCH 09:57:19 [STAND_UP] The goblin crossbowman stands up.
KRITISCH 09:57:19 [COMBAT_STRIKE_DETAILS] The recruit scratches the goblin maceman in the head, tearing the muscle!
KRITISCH 09:57:19 [COMBAT_STRIKE_DETAILS] The goblin pikeman stabs the stray cat in the upper body with his ({iron pike}), tearing apart the muscle, shattering the left true ribs and tearing apart the right lung!
KRITISCH 09:57:19 [COMBAT_STRIKE_DETAILS] The goblin pikeman stabs the animal dissector in the head with his ({iron pike}), tearing the muscle and fracturing the skull!
KRITISCH 09:57:19 [CONFLICT_CONVERSATION] Nguslu Stosm├╗atu, Goblin Crossbowman: I must withdraw!
KRITISCH 09:57:19 [CONFLICT_CONVERSATION] Catten Dumatk├╗buk, Herbalist: Lorbam Helmsiege is dead.  I am not feeling sad right now.
KRITISCH 09:57:19 [COMBAT_STRIKE_DETAILS] The goblin pikeman bashes the herbalist in the upper left back teeth with the shaft of his ({copper pike}) and the severed part sails off in an arc!
KRITISCH 09:57:19 [COMBAT_TWIST_WEAPON] The goblin pikeman pulls on the embedded ({iron pike}).
KRITISCH 09:57:19 [RESOLVE_SHARED_ITEMS] The goblin pikeman gains possession of the ({iron pike}).
KRITISCH 09:57:19 [COMBAT_STRIKE_DETAILS] The goblin maceman bashes the animal dissector in the head with her ({copper flail}), bruising the muscle and fracturing the skull!
KRITISCH 09:57:19 [COMBAT_STRIKE_DETAILS] The recruit scratches the goblin maceman in the head, tearing the muscle!
KRITISCH 09:57:19 [COMBAT_STRIKE_DETAILS] The goblin maceman bashes the animal dissector in the head with her ({silver flail}) and the injured part is crushed!
KRITISCH 09:57:19 [CITIZEN_DEATH] Mosus Avuzromek, Animal Dissector has been found dead.
KRITISCH 09:57:19 [COMBAT_STRIKE_DETAILS] The goblin pikeman punches the peasant in the right upper arm with his right hand, bruising the muscle!
KRITISCH 09:57:19 [COMBAT_STRIKE_DETAILS] The goblin pikeman stabs the milker in the upper body with his ({copper pike}), tearing the muscle and tearing the right lung through the x(opossum leather tunic)x!
KRITISCH 09:57:19 [COMBAT_STRIKE_DETAILS] The goblin maceman bashes the peasant in the head with her ({copper flail}) and the injured part is crushed!
KRITISCH 09:57:19 [CITIZEN_DEATH] Shamsig Rashcatcasot, Peasant has been found dead.
KRITISCH 09:57:19 [COMBAT_STRIKE_DETAILS] The recruit bites the goblin maceman in the head, tearing apart the muscle!
KRITISCH 09:57:19 [COMBAT_STRIKE_DETAILS] The goblin pikeman stabs the stray cat in the left rear leg with his ({iron pike}) and the severed part sails off in an arc!
KRITISCH 09:57:22 [COMBAT_STRIKE_DETAILS] The goblin pikeman stabs the mechanic in the left lower leg with his ({iron pike}), fracturing the bone through the x(alpaca wool dress)x!
KRITISCH 09:57:22 [COMBAT_STRIKE_DETAILS] The goblin maceman bashes the mechanic in the left lower arm with her ({copper morningstar}), tearing the fat through the X(alpaca wool dress)X!
KRITISCH 09:57:22 [COMBAT_STRIKE_DETAILS] The goblin maceman bashes the mechanic in the right hand with her ({silver flail}), bruising the muscle through the (megacerops leather right glove)!
KRITISCH 09:57:22 [COMBAT_STRIKE_DETAILS] The goblin maceman scratches the mechanic in the right foot, tearing the fat and bruising the muscle through the x(alpaca wool shoe)x!
KRITISCH 09:57:22 [COMBAT_STRIKE_DETAILS] The recruit shakes the goblin maceman around by the head, tearing apart the head's fat and bruising the muscle!
KRITISCH 09:57:22 [COMBAT_STRIKE_DETAILS] The goblin pikeman punches the mechanic in the left lower arm with his left hand, bruising the bone through the X(alpaca wool dress)X!
KRITISCH 09:57:22 [COMBAT_STRIKE_DETAILS] The goblin pikeman stabs the milker in the upper body with his ({copper pike}), tearing the muscle and tearing apart the right lung through the X(opossum leather tunic)X!
KRITISCH 09:57:22 [COMBAT_TWIST_WEAPON] The goblin maceman pulls on the embedded ({copper morningstar}).
KRITISCH 09:57:22 [RESOLVE_SHARED_ITEMS] The goblin maceman gains possession of the ({copper morningstar}).
KRITISCH 09:57:22 [COMBAT_STRIKE_DETAILS] The goblin pikeman scratches the mechanic in the right lower arm, tearing the fat and bruising the muscle through the XX(alpaca wool dress)XX!
KRITISCH 09:57:22 [COMBAT_STRIKE_DETAILS] The recruit shakes the goblin maceman around by the head, tearing apart the head's fat and bruising the muscle!
KRITISCH 09:57:22 [COMBAT_STRIKE_DETAILS] The recruit grabs the goblin maceman by the second toe, right foot with her right upper arm!
KRITISCH 09:57:22 [COMBAT_STRIKE_DETAILS] The goblin pikeman stabs the milker in the left upper leg with his ({copper pike}), fracturing the bone and shattering the left hip's bone through the XX(opossum leather tunic)XX!
KRITISCH 09:57:22 [CITIZEN_DEATH] Zefon Z├ígodetur, Dwarven Baby has been found dead.
KRITISCH 09:57:22 [CONFLICT_CONVERSATION] Dastot Shorastsebs├║r, Herbalist: Lorbam Helmsiege is dead.  I am not feeling sad right now.
KRITISCH 09:57:22 [COMBAT_STRIKE_DETAILS] The goblin pikeman stabs the mechanic in the lower body with his ({iron pike}), tearing the muscle and tearing the right kidney through the XX(alpaca wool dress)XX!
KRITISCH 09:57:22 [COMBAT_STRIKE_DETAILS] The recruit scratches the goblin maceman in the head, tearing the muscle!
KRITISCH 09:57:22 [CONFLICT_CONVERSATION] Ilral Lenodathel, Farmer: Lorbam Helmsiege is really dead.  I am not feeling sad right now.
KRITISCH 09:57:22 [COMBAT_STRIKE_DETAILS] The goblin pikeman stabs the mechanic in the lower body with his ({iron pike}), tearing the muscle and tearing the pancreas through the XX(sheep wool trousers)XX!
KRITISCH 09:57:22 [COMBAT_STRIKE_DETAILS] The goblin pikeman stabs the milker in the upper body with his ({copper pike}), tearing the muscle and tearing the liver through the XX(opossum leather tunic)XX!
KRITISCH 09:57:22 [COMBAT_TWIST_WEAPON] The goblin pikeman pulls on the embedded ({iron pike}).
KRITISCH 09:57:22 [RESOLVE_SHARED_ITEMS] The goblin pikeman gains possession of the ({iron pike}).
KRITISCH 09:57:22 [STAND_UP] The goblin maceman stands up.
KRITISCH 09:57:25 [COMBAT_STRIKE_DETAILS] The recruit scratches the goblin maceman in the head, tearing apart the muscle!
KRITISCH 09:57:25 [COMBAT_STRIKE_DETAILS] The goblin pikeman stabs the mechanic in the head with his ({iron pike}), tearing the muscle, fracturing the skull and tearing the brain!
KRITISCH 09:57:25 [CONFLICT_CONVERSATION] ├¿zum Isakbomrek, Miner: Lorbam Helmsiege is really dead.  I am not feeling sad right now.
KRITISCH 09:57:25 [COMBAT_STRIKE_DETAILS] The goblin pikeman stabs the herbalist in the left upper arm with his ({iron pike}), tearing the fat!
KRITISCH 09:57:25 [COMBAT_STRIKE_DETAILS] The goblin maceman bashes the herbalist in the right upper leg with her ({copper flail}), bruising the fat through the (giant cave spider silk tunic)!
KRITISCH 09:57:25 [COMBAT_STRIKE_DETAILS] The goblin maceman bashes the herbalist in the head with her ({silver flail}) and the injured part is crushed!
KRITISCH 09:57:25 [STAND_UP] The goblin crossbowman stands up.
KRITISCH 09:57:25 [CITIZEN_DEATH] Iden ├àblelzatthud, Herbalist has been found dead.
KRITISCH 09:57:25 [COMBAT_STRIKE_DETAILS] The goblin pikeman stabs the milker in the head with his ({copper pike}), tearing the muscle and fracturing the skull!
KRITISCH 09:57:25 [COMBAT_STRIKE_DETAILS] The recruit scratches the goblin maceman in the head, tearing apart the muscle!
KRITISCH 09:57:25 [COMBAT_STRIKE_DETAILS] The goblin pikeman stabs the stray kitten in the right rear leg with his ({iron pike}), tearing apart the fat!
KRITISCH 09:57:25 [COMBAT_STRIKE_DETAILS] The goblin maceman bashes the stray kitten in the left rear paw with her ({copper flail}), but the attack glances away!
KRITISCH 09:57:25 [CITIZEN_DEATH] Zefon Ostukshorast, Mechanic has been found dead.
KRITISCH 09:57:25 [COMBAT_STRIKE_DETAILS] The goblin pikeman stabs the stray kitten in the lower body with his ({iron pike}), tearing apart the skin!
KRITISCH 09:57:25 [COMBAT_STRIKE_DETAILS] The goblin maceman bashes the stray kitten in the left front leg with her ({silver mace}) and the injured part is crushed!
KRITISCH 09:57:25 [CONFLICT_CONVERSATION] Asno Nusmosta, Goblin Bowman: I must withdraw!
KRITISCH 09:57:28 [COMBAT_STRIKE_DETAILS] The goblin pikeman stabs the milker in the head with his ({copper pike}) and the injured part is cloven asunder!
KRITISCH 09:57:28 [COMBAT_STRIKE_DETAILS] The recruit scratches the goblin maceman in the head, tearing apart the muscle!
KRITISCH 09:57:28 [CONFLICT_CONVERSATION] Nako Osnunazstrog Kugatuntust Sp├Ñs, Goblin Maceman: I have improved my fighting.  That was not satisfying.
KRITISCH 09:57:28 [COMBAT_STRIKE_DETAILS] The recruit scratches the goblin maceman in the head, tearing apart the muscle!
KRITISCH 09:57:28 [COMBAT_STRIKE_DETAILS] The goblin pikeman stabs the herbalist in the right foot with his ({copper pike}), fracturing the bone and shattering the right ankle's bone through the x(sheep wool shoe)x!
KRITISCH 09:57:28 [COMBAT_STRIKE_DETAILS] The recruit scratches the goblin maceman in the head, tearing the muscle!
KRITISCH 09:57:28 [COMBAT_PARRY] The goblin pikeman strikes at the miner but the shot is effortlessly deflected by the (iron pick)!
KRITISCH 09:57:28 [COMBAT_PARRY] The goblin maceman strikes at the miner but the shot is effortlessly deflected by the (iron pick)!
KRITISCH 09:57:28 [COMBAT_PARRY] The goblin maceman strikes at the miner but the shot is effortlessly deflected by the (iron pick)!
KRITISCH 09:57:28 [COMBAT_JUMP_DODGE_STRIKE] The goblin maceman attacks the miner but He jumps away!
KRITISCH 09:57:28 [STAND_UP] The goblin maceman stands up.
KRITISCH 09:57:28 [COMBAT_PARRY] The goblin pikeman strikes at the miner but the shot is effortlessly deflected by the (iron pick)!
KRITISCH 09:57:28 [COMBAT_DODGE] The goblin pikeman misses the miner!
KRITISCH 09:57:28 [COMBAT_STRIKE_DETAILS] The goblin pikeman scratches the herbalist in the lower left back teeth and the severed part sails off in an arc!
KRITISCH 09:57:28 [CITIZEN_DEATH] Shem Stinber, Milker has been found dead.
KRITISCH 09:57:31 [CONFLICT_CONVERSATION] Nguslu Stosm├╗atu, Goblin Crossbowman: I got caught in a miasma.  It'll take more than that to disgust me.
KRITISCH 09:57:31 [COMBAT_STRIKE_DETAILS] The recruit scratches the goblin maceman in the head, tearing apart the muscle!
KRITISCH 09:57:31 [COMBAT_STRIKE_DETAILS] The goblin pikeman stabs the herbalist in the right foot with his ({iron pike}) and the severed part sails off in an arc!
KRITISCH 09:57:31 [COMBAT_STRIKE_DETAILS] The goblin pikeman stabs the herbalist in the left upper leg with his ({copper pike}), fracturing the bone through the XX(yak leather trousers)XX!
KRITISCH 09:57:31 [COMBAT_STRIKE_DETAILS] The goblin maceman bashes the mechanic in the left hand with her ({copper flail}) and the injured part is crushed!
KRITISCH 09:57:31 [COMBAT_STRIKE_DETAILS] The goblin maceman kicks the mechanic in the right hand with her left foot and the injured part explodes into gore!
KRITISCH 09:57:31 [COMBAT_TWIST_WEAPON] The goblin pikeman pulls on the embedded ({iron pike}).
KRITISCH 09:57:31 [RESOLVE_SHARED_ITEMS] The goblin pikeman gains possession of the ({iron pike}).
KRITISCH 09:57:31 [COMBAT_STRIKE_DETAILS] The goblin pikeman punches the mechanic in the left upper arm with his right hand, bruising the muscle through the x(bobcat leather shirt)x!
KRITISCH 09:57:31 [COMBAT_STRIKE_DETAILS] The goblin maceman bashes the herbalist in the left foot with her ({copper morningstar}), fracturing the bone through the x(giant cave spider silk shoe)x!
KRITISCH 09:57:31 [PET_DEATH] Udil Kelasteb, Goose (Tame) has been found dead.
KRITISCH 09:57:31 [COMBAT_PARRY] The goblin pikeman strikes at the miner but the shot is effortlessly deflected by the (iron pick)!
KRITISCH 09:57:31 [COMBAT_STRIKE_DETAILS] The goblin pikeman stabs the herbalist in the left lower arm with his ({iron pike}), fracturing the bone!
KRITISCH 09:57:31 [COMBAT_STRIKE_DETAILS] The goblin pikeman stabs the herbalist in the lower body with his ({iron pike}), tearing the muscle and tearing the guts through the X(giant cave spider silk tunic)X!
KRITISCH 09:57:31 [COMBAT_STRIKE_DETAILS] The goblin pikeman stabs the herbalist in the head with his ({copper pike}), tearing the muscle and fracturing the skull!
KRITISCH 09:57:31 [COMBAT_STRIKE_DETAILS] The goblin maceman bashes the herbalist in the left lower leg with her ({silver flail}) and the injured part is crushed!
KRITISCH 09:57:31 [COMBAT_STRIKE_DETAILS] The recruit scratches the goblin maceman in the head, tearing apart the muscle!
KRITISCH 09:57:32 [COMBAT_STRIKE_DETAILS] The goblin maceman bashes the mechanic in the head with her ({copper flail}) and the injured part is crushed!
KRITISCH 09:57:32 [CITIZEN_DEATH] Zas Ecemoddom, Mechanic has been found dead.
KRITISCH 09:57:32 [COMBAT_STRIKE_DETAILS] The goblin maceman bashes the herbalist in the head with her ({copper morningstar}), tearing the muscle, fracturing the skull and tearing the brain!
KRITISCH 09:57:35 [CITIZEN_DEATH] Dastot Shorastsebs├║r, Herbalist has been found dead.
KRITISCH 09:57:35 [STAND_UP] The goblin crossbowman stands up.
KRITISCH 09:57:38 [COMBAT_STRIKE_DETAILS] The recruit scratches the goblin maceman in the head, tearing apart the muscle!
KRITISCH 09:57:38 [COMBAT_STRIKE_DETAILS] The goblin pikeman stabs the herbalist in the head with his ({copper pike}) and the injured part is cloven asunder!
KRITISCH 09:57:38 [COMBAT_STRIKE_DETAILS] The goblin pikeman stabs the herbalist in the left foot with his ({iron pike}), tearing the muscle through the x(llama wool shoe)x!
KRITISCH 09:57:38 [COMBAT_STRIKE_DETAILS] The goblin pikeman stabs the beekeeper in the left upper arm with his ({iron pike}), fracturing the bone through the x(sheep wool dress)x!
KRITISCH 09:57:38 [CITIZEN_DEATH] Bomrek Balcerol, Herbalist has been found dead.
KRITISCH 09:57:38 [COMBAT_DODGE] The goblin pikeman misses the herbalist!
KRITISCH 09:57:38 [COMBAT_JUMP_DODGE_STRIKE] The goblin pikeman attacks the herbalist but He jumps away!
KRITISCH 09:57:38 [COMBAT_STRIKE_DETAILS] The goblin maceman scratches the beekeeper in the head, tearing the muscle!
KRITISCH 09:57:38 [COMBAT_STRIKE_DETAILS] The goblin maceman bashes the beekeeper in the left foot with her ({copper flail}), bruising the muscle through the (pig tail shoe)!
KRITISCH 09:57:41 [COMBAT_STRIKE_DETAILS] The goblin maceman bashes the herbalist in the left lower leg with her ({silver mace}), fracturing the bone through the (pig tail trousers)!
KRITISCH 09:57:41 [COMBAT_STRIKE_DETAILS] The goblin maceman bashes the herbalist in the upper body with her ({silver flail}), bruising the muscle and bruising the heart through the (sheep wool tunic)!
KRITISCH 09:57:41 [COMBAT_STRIKE_DETAILS] The goblin maceman bashes the herbalist in the right lower leg with her ({copper flail}), fracturing the bone and bruising the right knee's muscle through the (pig tail trousers)!
KRITISCH 09:57:41 [COMBAT_STRIKE_DETAILS] The goblin maceman bashes the herbalist in the left hand with her ({copper morningstar}), fracturing the bone through the x(giant cave spider silk left glove)x!
KRITISCH 09:57:41 [COMBAT_JUMP_DODGE_STRIKE] The goblin pikeman attacks the wood burner but He jumps away!
KRITISCH 09:57:41 [COMBAT_STRIKE_DETAILS] The goblin pikeman stabs the herbalist in the head with her ({iron pike}), tearing the muscle and fracturing the skull!
KRITISCH 09:57:41 [COMBAT_STRIKE_DETAILS] The goblin pikeman stabs the herbalist in the head with his ({iron pike}) and the injured part is cloven asunder!
KRITISCH 09:57:41 [COMBAT_DODGE] The goblin pikeman misses the herbalist!
KRITISCH 09:57:41 [COMBAT_STRIKE_DETAILS] The recruit shakes the goblin maceman around by the head, tearing apart the head's fat and bruising the muscle and tearing apart the upper spine's nervous tissue!
KRITISCH 09:57:41 [COMBAT_STRIKE_DETAILS] The goblin maceman bashes the beekeeper in the right lower leg with her ({copper flail}) and the injured part is crushed!
KRITISCH 09:57:41 [COMBAT_STRIKE_DETAILS] The goblin maceman bashes the beekeeper in the lower body with her ({copper morningstar}), tearing the muscle and tearing the guts through the X(sheep wool dress)X!
KRITISCH 09:57:41 [COMBAT_STRIKE_DETAILS] The goblin pikeman scratches the herbalist in the left lower leg, tearing the fat and bruising the muscle through the x(alpaca wool trousers)x!
KRITISCH 09:57:41 [COMBAT_STRIKE_DETAILS] The goblin maceman bashes the beekeeper in the right upper leg with her ({silver flail}) and the injured part is crushed!
KRITISCH 09:57:41 [COMBAT_STRIKE_DETAILS] The recruit shakes the goblin maceman around by the head, tearing apart the head's fat and bruising the muscle!
KRITISCH 09:57:41 [CITIZEN_DEATH] Ingish Etarkilrud, Herbalist has been found dead.
KRITISCH 09:57:41 [COMBAT_STRIKE_DETAILS] The recruit shakes the goblin maceman around by the head, tearing apart the head's fat and bruising the muscle and tearing apart the upper spine's nervous tissue!
KRITISCH 09:57:41 [COMBAT_STRIKE_DETAILS] The goblin pikeman stabs the beekeeper in the head with his ({iron pike}), tearing the muscle and fracturing the skull!
KRITISCH 09:57:41 [COMBAT_STRIKE_DETAILS] The goblin maceman bashes the beekeeper in the head with her ({silver mace}), bruising the muscle, jamming the skull through the brain and tearing the brain!
KRITISCH 09:57:44 [COMBAT_STRIKE_DETAILS] The goblin pikeman stabs the herbalist in the left lower leg with his ({iron pike}), tearing the fat through the X(alpaca wool trousers)X!
KRITISCH 09:57:44 [COMBAT_STRIKE_DETAILS] The goblin pikeman stabs the wood burner in the right hand with his ({copper pike}), tearing apart the fat through the x(cave spider silk right glove)x!
KRITISCH 09:57:44 [COMBAT_JUMP_DODGE_STRIKE] The goblin maceman attacks the herbalist but He jumps away!
KRITISCH 09:57:44 [COMBAT_STRIKE_DETAILS] The recruit shakes the goblin maceman around by the head, tearing apart the head's fat and bruising the muscle and tearing apart the upper spine's nervous tissue!
KRITISCH 09:57:44 [COMBAT_STRIKE_DETAILS] The goblin pikeman stabs the herbalist in the left upper leg with his ({iron pike}), tearing the fat through the x(giant cave spider silk tunic)x!
KRITISCH 09:57:44 [COMBAT_STRIKE_DETAILS] The goblin maceman bashes the mayor in the upper body with her ({silver flail}), bruising the muscle and bruising the liver through the (pig tail shirt)!
KRITISCH 09:57:44 [CITIZEN_DEATH] Deler Gatinamost, Beekeeper has been found dead.
KRITISCH 09:57:47 [COMBAT_STRIKE_DETAILS] The recruit scratches the goblin maceman in the head, tearing apart the muscle!
KRITISCH 09:57:47 [COMBAT_STRIKE_DETAILS] The goblin pikeman stabs the herbalist in the upper body with his ({iron pike}), tearing the muscle and tearing the liver through the X(giant cave spider silk tunic)X!
KRITISCH 09:57:47 [COMBAT_STRIKE_DETAILS] The goblin maceman bashes the herbalist in the lower body with her ({copper flail}), bruising the muscle and bruising the stomach through the X(giant cave spider silk tunic)X!
KRITISCH 09:57:47 [COMBAT_STRIKE_DETAILS] The goblin maceman bashes the herbalist in the left hand with her ({silver mace}), bruising the fat through the (cave fish leather left glove)!
KRITISCH 09:57:47 [COMBAT_STRIKE_DETAILS] The goblin maceman bashes the herbalist in the left hand with her ({copper morningstar}), fracturing the bone through the x(cave fish leather left glove)x!
KRITISCH 09:57:47 [COMBAT_TWIST_WEAPON] The goblin pikeman pulls on the embedded ({iron pike}).
KRITISCH 09:57:47 [RESOLVE_SHARED_ITEMS] The goblin pikeman gains possession of the ({iron pike}).
KRITISCH 09:57:47 [COMBAT_JUMP_DODGE_STRIKE] The goblin pikeman attacks the manager but He jumps away!
KRITISCH 09:57:47 [COMBAT_STRIKE_DETAILS] The recruit scratches the goblin maceman in the head, tearing apart the muscle!
KRITISCH 09:57:47 [COMBAT_JUMP_DODGE_STRIKE] The goblin pikeman attacks the herbalist but He jumps away!
KRITISCH 09:57:47 [COMBAT_STRIKE_DETAILS] The goblin maceman bashes the mayor in the right upper leg with her ({silver flail}) and the injured part explodes into gore!
KRITISCH 09:57:47 [COMBAT_JUMP_DODGE_STRIKE] The goblin maceman attacks the dwarven child but He rolls away!
KRITISCH 09:57:47 [COMBAT_STRIKE_DETAILS] The goblin maceman bashes the mayor in the head with her ({silver mace}), bruising the muscle and fracturing the skull!
KRITISCH 09:57:47 [CONFLICT_CONVERSATION] Nguslu Stosm├╗atu, Goblin Crossbowman: I must withdraw!
KRITISCH 09:57:47 [COMBAT_STRIKE_DETAILS] The goblin maceman bashes the mayor in the head with her ({copper flail}) and the injured part explodes into gore!
KRITISCH 09:57:47 [CITIZEN_DEATH] Domas Absambesmar, Glassmaker has been found dead.
KRITISCH 09:57:47 [COMBAT_DODGE] The goblin pikeman misses the wood burner!
KRITISCH 09:57:50 [COMBAT_STRIKE_DETAILS] The recruit scratches the goblin maceman in the head, tearing apart the muscle!
KRITISCH 10:01:13 [COMBAT_STRIKE_DETAILS] The recruit scratches the goblin maceman in the head, tearing apart the muscle!
KRITISCH 10:01:13 [COMBAT_STRIKE_DETAILS] The mayor punches the goblin maceman in the head with his right hand, bruising the muscle!
KRITISCH 10:01:13 [COMBAT_STRIKE_DETAILS] The goblin pikeman stabs the dwarven child in the right upper arm with his ({iron pike}) and the severed part sails off in an arc!
KRITISCH 10:01:13 [COMBAT_STRIKE_DETAILS] The goblin maceman bashes the herbalist in the upper body with her ({copper flail}), bruising the muscle and bruising the left lung through the X(giant cave spider silk tunic)X!
KRITISCH 10:01:13 [COMBAT_STRIKE_DETAILS] The goblin pikeman punches the herbalist in the upper body with his left hand, bruising the muscle and bruising the liver through the X(giant cave spider silk tunic)X!
KRITISCH 10:01:13 [COMBAT_STRIKE_DETAILS] The goblin maceman bashes the dwarven child in the right upper arm with her ({copper morningstar})!
KRITISCH 10:01:13 [LOSE_EMOTION] Tode ├┤stdang, Goblin Maceman is no longer enraged.
KRITISCH 10:01:13 [COMBAT_STRIKE_DETAILS] The mayor punches the goblin maceman in the head with his right hand, bruising the muscle!
KRITISCH 10:01:13 [COMBAT_STRIKE_DETAILS] The goblin pikeman scratches the miller in the right lower arm, tearing the muscle and bruising the bone!
KRITISCH 10:01:13 [COMBAT_STRIKE_DETAILS] The goblin maceman bashes the herbalist in the left hand with her ({silver mace}), bruising the muscle through the x(cave fish leather left glove)x!
KRITISCH 10:01:13 [COMBAT_STRIKE_DETAILS] The goblin pikeman punches the herbalist in the upper body with his right hand, bruising the muscle, bruising the left true ribs through the X(giant cave spider silk tunic)X!
KRITISCH 10:01:13 [COMBAT_STRIKE_DETAILS] The goblin pikeman stabs the manager in the right hand with his ({copper pike}), tearing the muscle through the x(leopard leather right glove)x!
KRITISCH 10:01:13 [COMBAT_STRIKE_DETAILS] The recruit grabs the goblin maceman by the first toe, left foot with her left upper arm!
KRITISCH 10:01:13 [COMBAT_STRIKE_DETAILS] The goblin maceman scratches the herbalist in the right upper leg, bruising the skin through the X(giant cave spider silk tunic)X!
KRITISCH 10:01:13 [COMBAT_STRIKE_DETAILS] The goblin maceman bashes the herbalist in the head with her ({silver flail}) and the injured part is crushed!
KRITISCH 10:01:13 [REGAIN_CONSCIOUSNESS] The goblin maceman regains consciousness.
KRITISCH 10:01:13 [PAIN_KO] The goblin maceman gives in to pain.
KRITISCH 10:01:13 [COMBAT_STRIKE_DETAILS] The goblin pikeman punches the herbalist in the right upper arm with his left hand, bruising the muscle!
KRITISCH 10:01:13 [COMBAT_STRIKE_DETAILS] The recruit scratches the goblin maceman in the head, tearing apart the muscle!
KRITISCH 10:01:13 [COMBAT_STRIKE_DETAILS] The goblin pikeman punches the herbalist in the lower body with his right hand, bruising the muscle and bruising the guts through the X(giant cave spider silk tunic)X!
KRITISCH 10:01:13 [COMBAT_STRIKE_DETAILS] The goblin maceman bashes the herbalist in the right hand with her ({silver mace}) and the injured part explodes into gore!
KRITISCH 10:01:13 [COMBAT_STRIKE_DETAILS] The goblin maceman bashes the dwarven child in the left upper leg with her ({copper morningstar}), fracturing the bone and shattering the left hip's bone through the X(giant cave spider silk trousers)X!
KRITISCH 10:01:13 [COMBAT_STRIKE_DETAILS] The mayor punches the goblin maceman in the head with his left hand, bruising the muscle!
KRITISCH 10:01:13 [COMBAT_STRIKE_DETAILS] The goblin pikeman stabs the miller in the lower body with her ({iron pike}), tearing the muscle and tearing apart the spleen through the X(bugbat leather tunic)X!
KRITISCH 10:01:13 [CITIZEN_DEATH] Catten Dumatk├╗buk, Herbalist has been found dead.
KRITISCH 10:01:13 [COMBAT_STRIKE_DETAILS] The goblin pikeman grabs the herbalist by the third finger, right hand with his right lower arm!
KRITISCH 10:01:16 [COMBAT_STRIKE_DETAILS] The goblin pikeman stabs the herbalist in the nose with his ({iron pike}) and the severed part sails off in an arc!
KRITISCH 10:01:16 [COMBAT_STRIKE_DETAILS] The goblin pikeman stabs the manager in the upper body with his ({copper pike}), tearing the muscle and tearing the liver through the x(pig tail tunic)x!
KRITISCH 10:01:16 [COMBAT_STRIKE_DETAILS] The goblin maceman bashes the herbalist in the head with her ({silver flail}) and the injured part explodes into gore!
KRITISCH 10:01:16 [CITIZEN_DEATH] L├▓r Bersat, Herbalist has been found dead.
KRITISCH 10:01:16 [COMBAT_STRIKE_DETAILS] The goblin pikeman stabs the pump operator in the lower body with his ({iron pike}), tearing the muscle and tearing the left kidney through the x(chicken leather shirt)x!
KRITISCH 10:01:16 [COMBAT_STRIKE_DETAILS] The goblin pikeman punches the pump operator in the left foot with his right hand, bruising the fat through the (giant cave spider silk shoe)!
KRITISCH 10:01:16 [COMBAT_STRIKE_DETAILS] The goblin maceman bashes the pump operator in the right foot with her ({silver mace}), bruising the muscle through the (giant cave spider silk shoe)!
KRITISCH 10:01:16 [COMBAT_STRIKE_DETAILS] The goblin pikeman punches the pump operator in the left lower leg with her right hand, bruising the bone through the x(grizzly bear leather trousers)x!
KRITISCH 10:01:16 [COMBAT_TWIST_WEAPON] The goblin pikeman pulls on the embedded ({copper pike}).
KRITISCH 10:01:16 [RESOLVE_SHARED_ITEMS] The goblin pikeman gains possession of the ({copper pike}).
KRITISCH 10:01:16 [COMBAT_JUMP_DODGE_STRIKE] The goblin maceman attacks the pump operator but She rolls away!
KRITISCH 10:01:16 [CONFLICT_CONVERSATION] Atu Urar├╗rer, Goblin Pikeman: I have improved my observation.  That was not satisfying.
KRITISCH 10:01:16 [COMBAT_STRIKE_DETAILS] The goblin pikeman stabs the pump operator in the left upper leg with his ({iron pike}), tearing the muscle through the X(grizzly bear leather trousers)X!
KRITISCH 10:01:16 [COMBAT_JUMP_DODGE_STRIKE] The goblin pikeman attacks the dwarven child but He jumps away!
KRITISCH 10:01:16 [CONFLICT_CONVERSATION] Asno Nusmosta, Goblin Bowman: I must withdraw!
info 10:01:16 [CONFLICT_CONVERSATION] Dastot Rulushdomas, Planter: Oddom Cleanmerchant is dead.  I am not feeling sad right now.
KRITISCH 10:01:16 [COMBAT_STRIKE_DETAILS] The goblin maceman bashes the dwarven child in the left eye with her ({copper morningstar}) and the injured part is cloven asunder!
KRITISCH 10:01:16 [COMBAT_TWIST_WEAPON] The goblin pikeman pulls on the embedded ({iron pike}).
KRITISCH 10:01:17 [RESOLVE_SHARED_ITEMS] The goblin pikeman gains possession of the ({iron pike}).
KRITISCH 10:01:17 [COMBAT_JUMP_DODGE_STRIKE] The goblin pikeman attacks the animal dissector but She jumps away!
KRITISCH 10:01:17 [COMBAT_STRIKE_DETAILS] The goblin maceman bashes the farmer in the left lower leg with her ({silver flail}) and the injured part is crushed!
KRITISCH 10:01:17 [COMBAT_TWIST_WEAPON] The goblin pikeman pulls on the embedded ({iron pike}).
KRITISCH 10:01:17 [RESOLVE_SHARED_ITEMS] The goblin pikeman gains possession of the ({iron pike}).
KRITISCH 10:01:17 [COMBAT_STRIKE_DETAILS] The goblin maceman bashes the dwarven child in the head with her ({silver mace}) and the injured part is crushed!
KRITISCH 10:01:17 [CITIZEN_DEATH] Obok Sarveshthalal, Dwarven Child has been found dead.
KRITISCH 10:01:17 [COMBAT_STRIKE_DETAILS] The goblin pikeman stabs the pump operator in the left foot with his ({iron pike}), tearing the fat through the x(giant cave spider silk shoe)x!
KRITISCH 10:01:17 [COMBAT_DODGE] The goblin pikeman misses the wood burner!
KRITISCH 10:01:17 [COMBAT_TWIST_WEAPON] The goblin maceman pulls on the embedded ({copper morningstar}).
KRITISCH 10:01:17 [RESOLVE_SHARED_ITEMS] The goblin maceman gains possession of the ({copper morningstar}).
KRITISCH 10:01:20 [COMBAT_TWIST_WEAPON] The goblin maceman pulls on the embedded ({copper morningstar}).
KRITISCH 10:01:20 [RESOLVE_SHARED_ITEMS] The goblin maceman gains possession of the ({copper morningstar}).
KRITISCH 10:01:20 [COMBAT_TWIST_WEAPON] The goblin pikeman pulls on the embedded ({iron pike}).
KRITISCH 10:01:20 [RESOLVE_SHARED_ITEMS] The goblin pikeman gains possession of the ({iron pike}).
KRITISCH 10:01:20 [COMBAT_STRIKE_DETAILS] The goblin pikeman stabs the stonecrafter in the lower body with her ({iron pike}), tearing the muscle and tearing the guts through the xrope reed trousersx!
KRITISCH 10:01:20 [COMBAT_DODGE] The goblin pikeman misses the wood burner!
KRITISCH 10:01:20 [COMBAT_STRIKE_DETAILS] The goblin pikeman stabs the stonecrafter in the left upper arm with his ({iron pike}), tearing the muscle through the XXrope reed dressXX!
KRITISCH 10:01:20 [COMBAT_STRIKE_DETAILS] The goblin maceman bashes the stonecrafter in the head with her ({copper flail}), bruising the muscle, fracturing the skull!
KRITISCH 10:01:20 [COMBAT_STRIKE_DETAILS] The goblin pikeman stabs the pump operator in the right upper arm with his ({iron pike}), fracturing the bone through the X(chicken leather shirt)X!
KRITISCH 10:01:20 [COMBAT_STRIKE_DETAILS] The goblin maceman bashes the farmer in the upper body with her ({silver flail}), bruising the muscle and bruising the right lung through the x(giant cave spider silk dress)x!
KRITISCH 10:01:20 [COMBAT_STRIKE_DETAILS] The goblin maceman bashes the dwarven child in the right hand with her ({copper morningstar}), tearing apart the muscle through the x(pig tail right glove)x!
KRITISCH 10:01:20 [COMBAT_STRIKE_DETAILS] The goblin pikeman scratches the dwarven child in the second finger, right hand, tearing apart the skin through the X(pig tail right glove)X!
KRITISCH 10:01:20 [COMBAT_STRIKE_DETAILS] The goblin maceman bashes the dwarven child in the right lower leg with her ({silver mace}), fracturing the bone through the x(sheep wool trousers)x!
KRITISCH 10:01:20 [COMBAT_TWIST_WEAPON] The goblin pikeman pulls on the embedded ({iron pike}).
KRITISCH 10:01:20 [RESOLVE_SHARED_ITEMS] The goblin pikeman gains possession of the ({iron pike}).
KRITISCH 10:01:20 [COMBAT_STRIKE_DETAILS] The goblin pikeman stabs the dwarven child in the head with his ({iron pike}) and the injured part is cloven asunder!
KRITISCH 10:01:20 [COMBAT_TWIST_WEAPON] The goblin pikeman pulls on the embedded ({iron pike}).
KRITISCH 10:01:20 [RESOLVE_SHARED_ITEMS] The goblin pikeman gains possession of the ({iron pike}).
KRITISCH 10:01:20 [COMBAT_JUMP_DODGE_STRIKE] The goblin pikeman attacks the pump operator but She scrambles away!
KRITISCH 10:01:20 [CITIZEN_DEATH] Asob ├¿rithakam, Dwarven Child has been found dead.
KRITISCH 10:01:20 [COMBAT_STRIKE_DETAILS] The goblin maceman bashes the stonecrafter in the right upper arm with her ({silver mace}), jamming the bone through the right shoulder's muscle and fracturing the right shoulder's bone!
KRITISCH 10:01:23 [COMBAT_STRIKE_DETAILS] The goblin pikeman stabs the stonecrafter in the upper body with her ({iron pike}), tearing the muscle and tearing the liver!
KRITISCH 10:01:23 [COMBAT_STRIKE_DETAILS] The goblin maceman bashes the farmer in the lower body with her ({silver flail}) and the injured part explodes into gore!
KRITISCH 10:01:23 [COMBAT_STRIKE_DETAILS] The goblin pikeman punches the stonecrafter in the right foot with his right hand, bruising the bone through the (pig tail shoe)!
KRITISCH 10:01:23 [CITIZEN_DEATH] Ilral Lenodathel, Farmer has been found dead.
KRITISCH 10:01:26 [COMBAT_STRIKE_DETAILS] The goblin pikeman stabs the pump operator in the lower body with his ({iron pike}), tearing the muscle and tearing the pancreas through the XX(chicken leather shirt)XX!
KRITISCH 10:01:26 [COMBAT_STRIKE_DETAILS] The goblin maceman bashes the stonecrafter in the left upper arm with her ({silver mace}), shattering the bone!
KRITISCH 10:01:26 [COMBAT_STRIKE_DETAILS] The goblin pikeman stabs the stonecrafter in the lower body with his ({iron pike}), tearing the muscle and tearing the lower spine's nervous tissue!
KRITISCH 10:01:26 [COMBAT_STRIKE_DETAILS] The goblin maceman bashes the stonecrafter in the upper body with her ({silver flail}), bruising the muscle and bruising the right lung!
KRITISCH 10:01:26 [COMBAT_JUMP_DODGE_STRIKE] The goblin maceman attacks the wood burner but He rolls away!
KRITISCH 10:01:26 [COMBAT_STRIKE_DETAILS] The goblin maceman bashes the stonecrafter in the left lower leg with her ({copper flail}) and the injured part is crushed!
KRITISCH 10:01:26 [COMBAT_STRIKE_DETAILS] The goblin maceman bashes the stonecrafter in the left upper leg with her ({silver mace}), shattering the bone!
KRITISCH 10:01:26 [COMBAT_STRIKE_DETAILS] The goblin pikeman stabs the stonecrafter in the right upper arm with her ({iron pike}) and the injured part is cloven asunder!
KRITISCH 10:01:26 [COMBAT_STRIKE_DETAILS] The goblin maceman bashes the manager in the lower body with her ({silver flail}), bruising the muscle and bruising the guts through the x(pig tail tunic)x!
KRITISCH 10:01:26 [COMBAT_STRIKE_DETAILS] The goblin maceman bashes the stonecrafter in the upper body with her ({copper morningstar}), tearing the muscle, shattering the right false ribs and tearing the liver!
KRITISCH 10:01:26 [COMBAT_STRIKE_DETAILS] The goblin pikeman stabs the stonecrafter in the head with his ({iron pike}) and the injured part is cloven asunder!
KRITISCH 10:01:26 [COMBAT_STRIKE_DETAILS] The goblin pikeman stabs the manager in the left foot with his ({iron pike}), fracturing the bone through the x(llama wool shoe)x!
KRITISCH 10:01:26 [COMBAT_STRIKE_DETAILS] The goblin maceman bashes the manager in the head with her ({copper flail}), bruising the muscle, fracturing the skull!
KRITISCH 10:01:26 [COMBAT_STRIKE_DETAILS] The goblin pikeman stabs the manager in the left upper leg with his ({iron pike}), fracturing the bone through the X(pig tail tunic)X!
KRITISCH 10:01:26 [COMBAT_STRIKE_DETAILS] The goblin pikeman stabs the animal dissector in the right lower arm with his ({copper pike}), fracturing the bone through the x(hungry head leather dress)x!
KRITISCH 10:01:26 [CITIZEN_DEATH] Deler N├»ngk├╗buk, Stonecrafter has been found dead.
KRITISCH 10:01:26 [COMBAT_STRIKE_DETAILS] The goblin maceman bashes the manager in the left lower arm with her ({silver mace}), fracturing the bone!
KRITISCH 10:01:29 [COMBAT_STRIKE_DETAILS] The goblin pikeman stabs the animal dissector in the upper body with his ({copper pike}), tearing the muscle and tearing the heart through the X(hungry head leather dress)X!
KRITISCH 10:01:29 [COMBAT_STRIKE_DETAILS] The goblin maceman bashes the manager in the upper body with her ({copper flail}), bruising the muscle and bruising the right lung through the X(pig tail tunic)X!
KRITISCH 10:01:29 [COMBAT_TWIST_WEAPON] The goblin pikeman pulls on the embedded ({iron pike}).
KRITISCH 10:01:29 [RESOLVE_SHARED_ITEMS] The goblin pikeman gains possession of the ({iron pike}).
KRITISCH 10:01:29 [COMBAT_STRIKE_DETAILS] The goblin maceman bashes the manager in the lower body with her ({silver mace}), bruising the muscle and bruising the guts through the X(pig tail tunic)X!
KRITISCH 10:01:29 [CONFLICT_CONVERSATION] Ngoso Urar├╗mu, Goblin Maceman: I have improved my observation.  That was satisfying.
KRITISCH 10:01:29 [COMBAT_STRIKE_DETAILS] The goblin pikeman stabs the manager in the lower body with his ({iron pike}), tearing the muscle and tearing the guts through the XX(pig tail tunic)XX!
KRITISCH 10:01:29 [COMBAT_STRIKE_DETAILS] The goblin pikeman stabs the planter in the lower body with his ({iron pike}), tearing the muscle and tearing the guts through the x(pig tail tunic)x!
KRITISCH 10:01:29 [COMBAT_STRIKE_DETAILS] The goblin maceman bashes the manager in the head with her ({silver flail}) and the injured part explodes into gore!
KRITISCH 10:01:29 [COMBAT_STRIKE_DETAILS] The goblin maceman bashes the pump operator in the left lower leg with her ({copper flail}), bruising the muscle through the XX(grizzly bear leather trousers)XX!
KRITISCH 10:01:29 [COMBAT_STRIKE_DETAILS] The goblin maceman bashes the herbalist in the right lower leg with her ({copper morningstar}), chipping the bone through the x(pig tail dress)x!
KRITISCH 10:01:29 [COMBAT_TWIST_WEAPON] The goblin pikeman pulls on the embedded ({copper pike}).
KRITISCH 10:01:29 [RESOLVE_SHARED_ITEMS] The goblin pikeman gains possession of the ({copper pike}).
KRITISCH 10:01:29 [COMBAT_STRIKE_DETAILS] The goblin pikeman stabs the pump operator in the right hand with her ({iron pike}), tearing apart the muscle through the x(cave spider silk right glove)x!
KRITISCH 10:01:29 [COMBAT_STRIKE_DETAILS] The goblin pikeman stabs the animal dissector in the left lower arm with his ({copper pike}), fracturing the bone through the XX(hungry head leather dress)XX!
KRITISCH 10:01:29 [COMBAT_STRIKE_DETAILS] The goblin pikeman stabs the pump operator in the head with his ({iron pike}), tearing the muscle, fracturing the skull and tearing the brain!
KRITISCH 10:01:29 [COMBAT_JUMP_DODGE_STRIKE] The goblin pikeman attacks the wood burner but He rolls away!
KRITISCH 10:01:29 [COMBAT_STRIKE_DETAILS] The goblin maceman bashes the herbalist in the right hand with her ({copper morningstar}), fracturing the bone through the x(pond grabber leather right glove)x!
KRITISCH 10:01:29 [CONFLICT_CONVERSATION] Ngoso Urar├╗mu, Goblin Maceman: I have improved my fighting.  That was satisfying.
KRITISCH 10:01:29 [CITIZEN_DEATH] Unib Rig├▓thrab, Administrator has been found dead.
KRITISCH 10:01:29 [COMBAT_STRIKE_DETAILS] The goblin pikeman stabs the dwarven child in the first finger, right hand with her ({iron pike}), shattering the nail through the x(pig tail right glove)x!
KRITISCH 10:01:29 [COMBAT_STRIKE_DETAILS] The goblin maceman bashes the dwarven child in the lower body with her ({silver flail}), bruising the muscle and bruising the guts through the rope reed trousers!
KRITISCH 10:01:32 [CITIZEN_DEATH] Cerol Lirukal├Ñth, Pump Operator has been found dead.
KRITISCH 10:01:35 [COMBAT_STRIKE_DETAILS] The goblin pikeman stabs the animal dissector in the upper body with his ({copper pike}), tearing the muscle and tearing the left lung through the XX(hungry head leather dress)XX!
KRITISCH 10:01:35 [COMBAT_STRIKE_DETAILS] The goblin maceman bashes the dwarven child in the right lower arm with her ({silver mace}) and the injured part explodes into gore!
KRITISCH 10:01:35 [COMBAT_STRIKE_DETAILS] The goblin maceman kicks the dwarven child in the upper body with her right foot, bruising the muscle, jamming the left floating ribs through the liver and tearing the liver!
KRITISCH 10:01:35 [COMBAT_STRIKE_DETAILS] The goblin pikeman stabs the dwarven child in the upper body with his ({iron pike}), tearing the muscle and tearing apart the liver through the Xrope reed dressX!
KRITISCH 10:01:35 [COMBAT_STRIKE_DETAILS] The goblin maceman bashes the dwarven child in the left upper arm with her ({silver flail}) and the injured part is smashed into the body, an unrecognizable mass!
KRITISCH 10:01:39 [COMBAT_STRIKE_DETAILS] The goblin pikeman stabs the dwarven child in the left upper arm with his ({iron pike}) and the severed part sails off in an arc!
KRITISCH 10:01:39 [COMBAT_STRIKE_DETAILS] The goblin pikeman stabs the dwarven child in the left lower leg with his ({iron pike}) and the severed part sails off in an arc!
KRITISCH 10:01:39 [COMBAT_STRIKE_DETAILS] The goblin maceman bashes the herbalist in the left hand with her ({copper morningstar}), fracturing the bone and shattering the left wrist's bone through the x(pond grabber leather left glove)x!
KRITISCH 10:01:39 [COMBAT_STRIKE_DETAILS] The goblin pikeman grabs the fisherdwarf by the upper body with his right hand!
KRITISCH 10:01:39 [CONFLICT_CONVERSATION] Nguslu Stosm├╗atu, Goblin Crossbowman: I must withdraw!
KRITISCH 10:01:39 [COMBAT_STRIKE_DETAILS] The goblin pikeman stabs the dwarven child in the head with her ({iron pike}) and the severed part sails off in an arc!
KRITISCH 10:01:39 [COMBAT_STRIKE_DETAILS] The goblin pikeman punches the fisherdwarf in the lower body with his right hand, bruising the muscle and bruising the right kidney through the X(alpaca wool dress)X!
KRITISCH 10:01:39 [COMBAT_STRIKE_DETAILS] The goblin pikeman stabs the herbalist in the head with his ({iron pike}), tearing the muscle and fracturing the skull!
KRITISCH 10:01:39 [COMBAT_STRIKE_DETAILS] The goblin maceman bashes the herbalist in the head with her ({silver mace}), bruising the muscle and shattering the skull!
KRITISCH 10:01:39 [COMBAT_STRIKE_DETAILS] The goblin maceman bashes the herbalist in the head with her ({copper flail}) and the injured part is crushed!
KRITISCH 10:01:39 [CONFLICT_CONVERSATION] Bosa St├ósostdosmu, Goblin Maceman: I have improved my fighting.  That was satisfying.
KRITISCH 10:01:39 [CITIZEN_DEATH] Sarvesh Azuzmelbil, Herbalist has been found dead.
KRITISCH 10:01:42 [COMBAT_STRIKE_DETAILS] The goblin pikeman stabs the potter in the lower body with his ({iron pike}), tearing the muscle and tearing the pancreas through the XX(pig tail dress)XX!
KRITISCH 10:01:42 [COMBAT_STRIKE_DETAILS] The goblin maceman bashes the lye maker in the right upper arm with her ({silver flail}) and the injured part is smashed into the body, an unrecognizable mass!
KRITISCH 10:01:42 [COMBAT_STRIKE_DETAILS] The goblin pikeman stabs the fishery worker in the left upper arm with her ({iron pike}), tearing the muscle through the X(jaguar leather dress)X!
KRITISCH 10:01:42 [COMBAT_STRIKE_DETAILS] The goblin pikeman stabs the lye maker in the right lower arm with his ({iron pike}), tearing the muscle through the x(cave spider silk shirt)x!
KRITISCH 10:01:42 [COMBAT_JUMP_DODGE_STRIKE] The goblin maceman attacks the lye maker but He jumps away!
KRITISCH 10:01:42 [COMBAT_STRIKE_DETAILS] The goblin pikeman punches the fisherdwarf in the left foot with his left hand, bruising the muscle through the (pig tail shoe)!
KRITISCH 10:01:42 [COMBAT_JUMP_DODGE_STRIKE] The goblin maceman attacks the dwarven child but He jumps away!
KRITISCH 10:01:42 [COMBAT_STRIKE_DETAILS] The goblin maceman bashes the potter in the left upper leg with her ({copper flail}), fracturing the bone through the XX(pig tail dress)XX!
KRITISCH 10:01:42 [CITIZEN_DEATH] Ingish Bakustkib, Dwarven Child has been found dead.
KRITISCH 10:01:42 [COMBAT_TWIST_WEAPON] The goblin pikeman pulls on the embedded ({iron pike}).
KRITISCH 10:01:42 [RESOLVE_SHARED_ITEMS] The goblin pikeman gains possession of the ({iron pike}).
KRITISCH 10:01:42 [COMBAT_STRIKE_DETAILS] The goblin pikeman stabs the potter in the left foot with his ({iron pike}), tearing the muscle through the x(sheep wool shoe)x!
KRITISCH 10:01:42 [COMBAT_STRIKE_DETAILS] The goblin maceman bashes the potter in the left foot with her ({silver flail}), bruising the muscle through the x(sheep wool shoe)x!
KRITISCH 10:01:42 [COMBAT_STRIKE_DETAILS] The goblin pikeman stabs the potter in the left upper leg with his ({iron pike}), fracturing the bone through the XX(pig tail dress)XX!
KRITISCH 10:01:42 [COMBAT_STRIKE_DETAILS] The goblin pikeman stabs the potter in the upper body with his ({iron pike}), tearing the muscle and shattering the right false ribs!
KRITISCH 10:01:42 [COMBAT_STRIKE_DETAILS] The goblin pikeman stabs the fishery worker in the head with her ({iron pike}), tearing the muscle and fracturing the skull!
KRITISCH 10:01:42 [COMBAT_STRIKE_DETAILS] The goblin pikeman punches the fisherdwarf in the left lower leg with his left hand, bruising the muscle through the X(alpaca wool dress)X!
KRITISCH 10:01:42 [COMBAT_STRIKE_DETAILS] The goblin maceman bashes the potter in the head with her ({copper flail}) and the injured part explodes into gore!
KRITISCH 10:01:42 [CITIZEN_DEATH] L├▓r Lanlarasob, Potter has been found dead.
KRITISCH 10:01:45 [COMBAT_TWIST_WEAPON] The goblin pikeman pulls on the embedded ({iron pike}).
KRITISCH 10:01:45 [RESOLVE_SHARED_ITEMS] The goblin pikeman gains possession of the ({iron pike}).
KRITISCH 10:01:45 [COMBAT_STRIKE_DETAILS] The goblin pikeman stabs the wood burner in the right lower leg with his ({iron pike}), tearing the fat through the x(alpaca wool dress)x!
KRITISCH 10:01:45 [COMBAT_STRIKE_DETAILS] The goblin maceman bashes the wood burner in the right upper arm with her ({copper morningstar}), tearing the fat through the X(alpaca wool dress)X!
KRITISCH 10:01:45 [COMBAT_STRIKE_DETAILS] The goblin pikeman stabs the fishery worker in the lower body with her ({iron pike}), tearing the muscle and tearing the left kidney through the XX(jaguar leather dress)XX!
KRITISCH 10:01:45 [COMBAT_STRIKE_DETAILS] The goblin pikeman punches the fisherdwarf in the left upper leg with his right hand, bruising the muscle through the X(alpaca wool dress)X!
KRITISCH 10:01:45 [CONFLICT_CONVERSATION] Bosa St├ósostdosmu, Goblin Maceman: I have improved my mace.  That was satisfying.
KRITISCH 10:01:45 [COMBAT_STRIKE_DETAILS] The goblin maceman bashes the fishery worker in the left lower arm with her ({silver flail}), bruising the muscle!
KRITISCH 10:01:45 [COMBAT_STRIKE_DETAILS] The goblin pikeman stabs the fishery worker in the left foot with his ({iron pike}), fracturing the bone through the x(opossum leather shoe)x!
KRITISCH 10:01:45 [COMBAT_STRIKE_DETAILS] The goblin pikeman stabs the fishery worker in the left upper leg with his ({iron pike}), fracturing the bone through the XX(sheep wool trousers)XX!
KRITISCH 10:01:45 [COMBAT_STRIKE_DETAILS] The goblin pikeman stabs the wood burner in the left foot with his ({iron pike}), tearing the fat through the x(great horned owl leather shoe)x!
KRITISCH 10:01:45 [COMBAT_STRIKE_DETAILS] The goblin maceman bashes the fishery worker in the lower body with her ({copper flail}), bruising the muscle and bruising the pancreas through the XX(sheep wool trousers)XX!
KRITISCH 10:01:45 [COMBAT_STRIKE_DETAILS] The goblin maceman bashes the fishery worker in the head with her ({silver mace}), bruising the muscle and fracturing the skull!
KRITISCH 10:01:45 [COMBAT_STRIKE_DETAILS] The goblin maceman bashes the fishery worker in the head with her ({silver flail}) and the injured part is crushed!
KRITISCH 10:01:45 [COMBAT_STRIKE_DETAILS] The goblin maceman bashes the wood burner in the right upper arm with her ({copper morningstar}), tearing the muscle through the XX(alpaca wool dress)XX!
KRITISCH 10:01:45 [COMBAT_STRIKE_DETAILS] The goblin maceman bashes the wood burner in the upper body with her ({copper flail}), bruising the muscle and shattering the right true ribs through the XX(alpaca wool dress)XX!
KRITISCH 10:01:45 [COMBAT_TWIST_WEAPON] The goblin pikeman pulls on the embedded ({iron pike}).
KRITISCH 10:01:45 [RESOLVE_SHARED_ITEMS] The goblin pikeman gains possession of the ({iron pike}).
KRITISCH 10:01:45 [COMBAT_DODGE] The goblin pikeman misses the wood burner!
KRITISCH 10:01:45 [COMBAT_STRIKE_DETAILS] The goblin pikeman punches the fisherdwarf in the upper body with his right hand, bruising the muscle and bruising the right floating ribs through the X(alpaca wool dress)X!
KRITISCH 10:01:45 [COMBAT_STRIKE_DETAILS] The goblin maceman bashes the farmer in the right lower arm with her ({silver flail}) and the injured part explodes into gore!
KRITISCH 10:01:45 [CITIZEN_DEATH] ├╣shrir Nokimesis, Fishery Worker has been found dead.
KRITISCH 10:01:45 [COMBAT_STRIKE_DETAILS] The goblin pikeman stabs the farmer in the fourth finger, right hand with his ({iron pike}), tearing apart the muscle through the x(elk bird leather right glove)x!
KRITISCH 10:01:45 [COMBAT_JUMP_DODGE_STRIKE] The goblin maceman attacks the wood burner but He rolls away!
KRITISCH 10:01:48 [COMBAT_DODGE] The goblin pikeman misses the wood burner!
KRITISCH 10:01:48 [COMBAT_WRESTLE_RELEASE_GRIP] The goblin pikeman releases the grip of The goblin pikeman's right hand on the fisherdwarf's upper body.
KRITISCH 10:01:48 [COMBAT_STRIKE_DETAILS] The goblin maceman bashes the farmer in the right upper arm with her ({silver mace}), jamming the bone through the right shoulder's muscle and fracturing the right shoulder's bone!
KRITISCH 10:01:48 [COMBAT_STRIKE_DETAILS] The goblin pikeman stabs the farmer in the left upper leg with her ({iron pike}), fracturing the bone!
KRITISCH 10:01:48 [COMBAT_STRIKE_DETAILS] The goblin pikeman stabs the dwarven child in the right hand with his ({iron pike}), tearing apart the muscle through the xΓëísheep leather right gloveΓëíx!
KRITISCH 10:01:48 [COMBAT_STRIKE_DETAILS] The goblin pikeman punches the fisherdwarf in the right lower arm with his left hand, bruising the muscle through the X(alpaca wool dress)X!
KRITISCH 10:01:48 [COMBAT_STRIKE_DETAILS] The goblin maceman bashes the dwarven child in the left lower leg with her ({silver flail}) and the injured part explodes into gore!
KRITISCH 10:01:48 [COMBAT_STRIKE_DETAILS] The goblin pikeman stabs the dwarven child in the right upper leg with his ({iron pike}), fracturing the bone and shattering the right hip's bone through the x+shortfin mako shark leather trousers+x!
KRITISCH 10:01:48 [COMBAT_STRIKE_DETAILS] The goblin maceman bashes the dwarven child in the right hand with her ({copper flail}) and the injured part explodes into gore!
KRITISCH 10:01:48 [COMBAT_STRIKE_DETAILS] The goblin pikeman stabs the planter in the left lower leg with his ({iron pike}), fracturing the bone and shattering the left knee's bone through the X(llama wool trousers)X!
KRITISCH 10:01:48 [COMBAT_STRIKE_DETAILS] The goblin maceman bashes the planter in the left upper leg with her ({silver mace}), fracturing the bone through the x(pig tail tunic)x!
KRITISCH 10:01:48 [COMBAT_STRIKE_DETAILS] The goblin maceman bashes the planter in the upper body with her ({copper morningstar}), tearing the muscle and shattering the left floating ribs through the X(pig tail tunic)X!
KRITISCH 10:01:48 [COMBAT_STRIKE_DETAILS] The goblin pikeman stabs the planter in the head with her ({iron pike}), tearing the muscle and fracturing the skull!
KRITISCH 10:01:48 [COMBAT_STRIKE_DETAILS] The goblin pikeman stabs the planter in the head with her ({iron pike}) and the injured part is cloven asunder!
KRITISCH 10:01:48 [CITIZEN_DEATH] Dastot Rulushdomas, Planter has been found dead.
KRITISCH 10:01:48 [COMBAT_TWIST_WEAPON] The goblin pikeman pulls on the embedded ({iron pike}).
KRITISCH 10:01:48 [RESOLVE_SHARED_ITEMS] The goblin pikeman gains possession of the ({iron pike}).
KRITISCH 10:01:48 [COMBAT_TWIST_WEAPON] The goblin pikeman pulls on the embedded ({iron pike}).
KRITISCH 10:01:48 [RESOLVE_SHARED_ITEMS] The goblin pikeman gains possession of the ({iron pike}).
KRITISCH 10:01:51 [COMBAT_STRIKE_DETAILS] The goblin pikeman punches the bookkeeper in the right foot with his right hand, bruising the fat through the (alpaca wool shoe)!
KRITISCH 10:01:51 [COMBAT_STRIKE_DETAILS] The goblin maceman bashes the dwarven child in the head with her ({copper flail}) and the injured part is crushed!
KRITISCH 10:01:51 [CITIZEN_DEATH] Ast Akmamrakust, Dwarven Child has been found dead.
KRITISCH 10:01:54 [COMBAT_STRIKE_DETAILS] The goblin pikeman stabs the herbalist in the upper body with his ({iron pike}), tearing the muscle and shattering the right false ribs through the x(sheep wool tunic)x!
KRITISCH 10:01:54 [COMBAT_STRIKE_DETAILS] The goblin maceman bashes the farmer in the head with her ({silver flail}) and the injured part explodes into gore!
KRITISCH 10:01:54 [COMBAT_STRIKE_DETAILS] The goblin maceman bashes the herbalist in the upper body with her ({copper morningstar}), tearing the muscle and tearing the liver through the X(sheep wool tunic)X!
KRITISCH 10:01:54 [CITIZEN_DEATH] Feb Obokmeng, Farmer has been found dead.
KRITISCH 10:01:58 [COMBAT_STRIKE_DETAILS] The goblin maceman punches the dwarven child in the right foot with her right hand, bruising the bone through the (cave spider silk shoe)!
KRITISCH 10:01:58 [COMBAT_STRIKE_DETAILS] The goblin maceman bashes the herbalist in the right hand with her ({copper morningstar}), fracturing the bone through the x(cave spider silk right glove)x!
KRITISCH 10:01:58 [COMBAT_STRIKE_DETAILS] The goblin pikeman stabs the herbalist in the head with her ({iron pike}), tearing the muscle and fracturing the skull!
KRITISCH 10:01:58 [CONFLICT_CONVERSATION] Asno Nusmosta, Goblin Bowman: I must withdraw!
KRITISCH 10:01:58 [COMBAT_TWIST_WEAPON] The goblin pikeman pulls on the embedded ({iron pike}).
KRITISCH 10:01:58 [RESOLVE_SHARED_ITEMS] The goblin pikeman gains possession of the ({iron pike}).
KRITISCH 10:01:58 [COMBAT_STRIKE_DETAILS] The goblin pikeman stabs the herbalist in the head with his ({iron pike}) and the injured part is cloven asunder!
KRITISCH 10:01:58 [COMBAT_STRIKE_DETAILS] The goblin pikeman punches the bookkeeper in the left lower leg with his left hand, bruising the muscle through the Xrope reed dressX!
KRITISCH 10:01:58 [CITIZEN_DEATH] Tekkud Ruth├╢shurdim, Herbalist has been found dead.
KRITISCH 10:01:58 [COMBAT_STRIKE_DETAILS] The goblin pikeman stabs the dwarven child in the right lower arm with her ({iron pike}), tearing the muscle!
KRITISCH 10:01:58 [COMBAT_STRIKE_DETAILS] The goblin pikeman stabs the dwarven child in the left upper leg with his ({iron pike}), tearing the muscle through the x(ibex leather trousers)x!
KRITISCH 10:01:58 [COMBAT_STRIKE_DETAILS] The goblin maceman bashes the dwarven child in the left hand with her ({silver flail}), bruising the muscle through the (llama wool left glove)!
KRITISCH 10:01:58 [STAND_UP] The goblin maceman stands up.
KRITISCH 10:01:58 [COMBAT_STRIKE_DETAILS] The goblin maceman scratches the fisherdwarf in the right lower leg, bruising the muscle through the XX(alpaca wool dress)XX!
KRITISCH 10:01:58 [COMBAT_STRIKE_DETAILS] The goblin pikeman kicks the dwarven child in the nose with his right foot and the injured part explodes into gore!
KRITISCH 10:01:58 [COMBAT_STRIKE_DETAILS] The goblin maceman bashes the dwarven child in the lower body with her ({silver flail}), bruising the muscle and bruising the guts through the x(ibex leather trousers)x!
KRITISCH 10:01:58 [COMBAT_STRIKE_DETAILS] The goblin maceman bashes the dwarven child in the left hand with her ({copper morningstar}), fracturing the bone through the x(llama wool left glove)x!
KRITISCH 10:01:58 [COMBAT_STRIKE_DETAILS] The goblin pikeman bites the dwarven child in the left upper arm, tearing the fat and bruising the muscle!
KRITISCH 10:01:58 [COMBAT_STRIKE_DETAILS] The goblin maceman bashes the dwarven child in the right foot with her ({silver mace}) and the injured part explodes into gore!
KRITISCH 10:01:58 [COMBAT_STRIKE_DETAILS] The goblin maceman bashes the fisherdwarf in the right lower leg with her ({copper flail}), bruising the muscle through the XX(alpaca wool dress)XX!
KRITISCH 10:01:58 [COMBAT_STRIKE_DETAILS] The goblin pikeman punches the cat in the lower body with his left hand and the injured part explodes into gore!
KRITISCH 10:01:58 [COMBAT_STRIKE_DETAILS] The goblin pikeman punches the bookkeeper in the left lower leg with his right hand, bruising the muscle through the Xrope reed dressX!
KRITISCH 10:01:58 [COMBAT_STRIKE_DETAILS] The goblin maceman bashes the dwarven child in the head with her ({silver flail}) and the injured part is crushed!
KRITISCH 10:01:58 [CITIZEN_DEATH] Zulban Rinallikot, Dwarven Child has been found dead.
KRITISCH 10:01:58 [CONFLICT_CONVERSATION] Bosa St├ósostdosmu, Goblin Maceman: I have improved my observation.  That was satisfying.
KRITISCH 10:02:01 [COMBAT_STRIKE_DETAILS] The goblin pikeman stabs the fisherdwarf in the upper body with his ({iron pike}), tearing the muscle and tearing the liver through the XX(alpaca wool dress)XX!
KRITISCH 10:02:01 [COMBAT_TWIST_WEAPON] The goblin pikeman pulls on the embedded ({copper pike}).
KRITISCH 10:02:01 [RESOLVE_SHARED_ITEMS] The goblin pikeman gains possession of the ({copper pike}).
KRITISCH 10:02:01 [CONFLICT_CONVERSATION] Nguslu Stosm├╗atu, Goblin Crossbowman: I must withdraw!
KRITISCH 10:02:01 [COMBAT_DODGE] The goblin pikeman misses the wood burner!
KRITISCH 10:02:01 [COMBAT_DODGE] The goblin pikeman misses the wood burner!
KRITISCH 10:02:01 [COMBAT_STRIKE_DETAILS] The goblin pikeman stabs the animal dissector in the head with his ({copper pike}), tearing the muscle, fracturing the skull and tearing the brain!
KRITISCH 10:02:01 [COMBAT_JUMP_DODGE_STRIKE] The goblin pikeman attacks the weaponsmith but She jumps away!
KRITISCH 10:02:01 [COMBAT_DODGE] The goblin maceman misses the weaponsmith!
KRITISCH 10:02:01 [CONFLICT_CONVERSATION] Ngoso Urar├╗mu, Goblin Maceman: I have improved my mace.  That was not satisfying.
KRITISCH 10:02:01 [COMBAT_STRIKE_DETAILS] The goblin maceman bashes the weaponsmith in the lower body with her ({silver flail}), bruising the muscle and bruising the stomach through the (pig tail shirt)!
KRITISCH 10:02:01 [COMBAT_STRIKE_DETAILS] The goblin maceman bashes the wood burner in the left lower leg with her ({copper flail}), bruising the fat through the XX(alpaca wool dress)XX!
KRITISCH 10:02:01 [COMBAT_DODGE] The goblin pikeman misses the wood burner!
KRITISCH 10:02:01 [COMBAT_STRIKE_DETAILS] The goblin maceman bashes the weaponsmith in the lower body with her ({silver flail}), bruising the muscle and bruising the right kidney through the (pig tail shirt)!
KRITISCH 10:02:01 [PET_DEATH] Sazir Dod├│knimar, Cat (Tame) has been found dead.
KRITISCH 10:02:01 [CITIZEN_DEATH] Moldath ├¿rith├Ñm, Animal Dissector has been found dead.
KRITISCH 10:02:01 [COMBAT_STRIKE_DETAILS] The goblin pikeman stabs the weaponsmith in the left eye with her ({iron pike}), tearing apart the left eyelid's skin through the x(pig tail shirt)x!
KRITISCH 10:02:01 [COMBAT_STRIKE_DETAILS] The goblin pikeman stabs the fisherdwarf in the lower body with his ({copper pike}), tearing the muscle and tearing the right kidney through the x(giant cave toad leather trousers)x!
KRITISCH 10:02:01 [COMBAT_STRIKE_DETAILS] The goblin maceman bashes the weaponsmith in the left hand with her ({copper morningstar}), tearing the muscle through the x(cave spider silk left glove)x!
KRITISCH 10:02:01 [CONFLICT_CONVERSATION] Aslot Nax├┤burar, Goblin Crossbowman: I must withdraw!
KRITISCH 10:02:01 [COMBAT_STRIKE_DETAILS] The goblin maceman bashes the fisherdwarf in the right upper arm with her ({silver mace}), jamming the bone through the right shoulder's muscle and fracturing the right shoulder's bone!
KRITISCH 10:02:01 [COMBAT_TWIST_WEAPON] The goblin maceman pulls on the embedded ({copper morningstar}).
KRITISCH 10:02:01 [RESOLVE_SHARED_ITEMS] The goblin maceman gains possession of the ({copper morningstar}).
KRITISCH 10:02:01 [COMBAT_STRIKE_DETAILS] The goblin maceman bashes the weaponsmith in the right lower arm with her ({silver flail}) and the injured part is crushed!
KRITISCH 10:02:01 [COMBAT_STRIKE_DETAILS] The goblin pikeman stabs the weaponsmith in the right lower leg with her ({iron pike}), tearing the muscle through the X(cave spider silk trousers)X!
KRITISCH 10:02:01 [COMBAT_STRIKE_DETAILS] The goblin pikeman stabs the fisherdwarf in the head with his ({copper pike}) and the injured part is cloven asunder!
KRITISCH 10:02:01 [COMBAT_STRIKE_DETAILS] The goblin maceman bashes the weaponsmith in the lower body with her ({copper morningstar}), tearing the muscle and tearing the guts through the X(pig tail shirt)X!
KRITISCH 10:02:01 [STAND_UP] The goblin crossbowman stands up.
KRITISCH 10:02:01 [CITIZEN_DEATH] R├«sen L├╗kasmel, Fisherdwarf has been found dead.
KRITISCH 10:02:01 [COMBAT_TWIST_WEAPON] The goblin pikeman pulls on the embedded ({iron pike}).
KRITISCH 10:02:01 [RESOLVE_SHARED_ITEMS] The goblin pikeman gains possession of the ({iron pike}).
KRITISCH 10:02:01 [COMBAT_STRIKE_DETAILS] The goblin maceman bashes the weaponsmith in the upper body with her ({copper morningstar}), tearing the muscle and tearing the liver through the XX(pig tail shirt)XX!
KRITISCH 10:02:04 [COMBAT_TWIST_WEAPON] The goblin pikeman pulls on the embedded ({iron pike}).
KRITISCH 10:02:04 [RESOLVE_SHARED_ITEMS] The goblin pikeman gains possession of the ({iron pike}).
KRITISCH 10:02:04 [COMBAT_STRIKE_DETAILS] The goblin maceman bashes the bookkeeper in the upper body with her ({silver mace}), bruising the muscle and bruising the liver through the Xrope reed dressX!
KRITISCH 10:02:04 [COMBAT_STRIKE_DETAILS] The goblin maceman bashes the weaponsmith in the head with her ({copper morningstar}), tearing the muscle and fracturing the skull!
KRITISCH 10:02:04 [COMBAT_STRIKE_DETAILS] The goblin maceman bashes the weaponsmith in the head with her ({iron morningstar}) and the injured part is cloven asunder!
info 10:02:04 [CONFLICT_CONVERSATION] Zaneg Onoludos, Lye Maker: R├«sen Insightsmerchants is really dead.  I am not feeling sad right now.
KRITISCH 10:02:04 [CITIZEN_DEATH] Ingish Zonabsam, Weaponsmith has been found dead.
KRITISCH 10:02:04 [CONFLICT_CONVERSATION] Aslot Nax├┤burar, Goblin Crossbowman: I must withdraw!
KRITISCH 10:02:04 [COMBAT_STRIKE_DETAILS] The goblin pikeman stabs the dog in the lower body with his ({iron pike}), tearing the muscle and tearing apart the right kidney!
KRITISCH 10:02:04 [COMBAT_STRIKE_DETAILS] The goblin pikeman stabs the dog in the left front paw with his ({copper pike}) and the severed part sails off in an arc!
KRITISCH 10:02:04 [STAND_UP] The goblin maceman stands up.
KRITISCH 10:02:04 [COMBAT_STRIKE_DETAILS] The goblin maceman bashes the dog in the right rear paw with her ({copper flail}), bruising the muscle!
KRITISCH 10:02:04 [COMBAT_STRIKE_DETAILS] The goblin pikeman stabs the dog in the lower body with his ({iron pike}), tearing apart the muscle and tearing apart the left kidney!
KRITISCH 10:02:04 [COMBAT_STRIKE_DETAILS] The goblin pikeman stabs the bookkeeper in the upper body with his ({copper pike}), tearing the muscle and tearing the right lung through the XXrope reed dressXX!
KRITISCH 10:02:04 [COMBAT_STRIKE_DETAILS] The goblin pikeman stabs the dog in the right front paw with his ({iron pike}), tearing apart the muscle!
info 10:02:04 [CONFLICT_CONVERSATION] Dastot Stizashlorbam, bookkeeper: R├«sen Insightsmerchants is really dead.  I am not feeling sad right now.
KRITISCH 10:02:04 [COMBAT_STRIKE_DETAILS] The goblin pikeman stabs the dog in the upper body with his ({iron pike}), tearing apart the muscle and tearing apart the liver!
KRITISCH 10:02:04 [COMBAT_STRIKE_DETAILS] The goblin maceman bashes the dog in the lower body with her ({copper flail}) and the injured part explodes into gore!
KRITISCH 10:02:04 [COMBAT_STRIKE_DETAILS] The goblin pikeman stabs the bookkeeper in the upper body with his ({copper pike}), tearing the muscle and shattering the right false ribs through the XXrope reed dressXX!
KRITISCH 10:02:04 [COMBAT_STRIKE_DETAILS] The goblin maceman bashes the bookkeeper in the left upper leg with her ({silver mace}), jamming the bone through the left hip's muscle and shattering the left hip's bone!
KRITISCH 10:02:04 [PET_DEATH] Ingish Kedavuz, Dog (Tame) has been found dead.
KRITISCH 10:02:04 [COMBAT_STRIKE_DETAILS] The goblin pikeman stabs the bookkeeper in the head with his ({copper pike}), tearing the muscle and fracturing the skull!
KRITISCH 10:02:04 [COMBAT_STRIKE_DETAILS] The goblin maceman bashes the bookkeeper in the head with her ({silver mace}), bruising the muscle and shattering the skull!
KRITISCH 10:02:04 [COMBAT_STRIKE_DETAILS] The goblin maceman bashes the bookkeeper in the head with her ({silver mace}), bruising the muscle, jamming the skull through the brain and tearing the brain!
KRITISCH 10:02:04 [CITIZEN_DEATH] Dastot Stizashlorbam, Woodcutter has been found dead.
KRITISCH 10:02:07 [CONFLICT_CONVERSATION] Asno Nusmosta, Goblin Bowman: I must withdraw!
KRITISCH 10:02:07 [CONFLICT_CONVERSATION] Nguslu Stosm├╗atu, Goblin Crossbowman: I must withdraw!
KRITISCH 10:02:07 [PET_DEATH] Urvad Astcagith, Doe Rabbit (Tame) has been found dead.
KRITISCH 10:02:07 [BUILDING_DESTROYED_OR_TOPPLED] Jeweler's Workshop toppled by Ngoso Urar├╗mu Stasnasmangba Snulut, Goblin Maceman.
KRITISCH 10:02:07 [COMBAT_STRIKE_DETAILS] The goblin maceman bashes the stray kitten in the lower body with her ({silver flail}) and the injured part explodes into gore!
KRITISCH 10:02:07 [COMBAT_STRIKE_DETAILS] The goblin pikeman stabs the lye maker in the right hand with his ({iron pike}) and the severed part sails off in an arc!
KRITISCH 10:02:07 [CANCEL_JOB] Adil M├╗thkatsazir, Planter cancels Place item in tomb: Interrupted by a goblin maceman.
KRITISCH 10:02:07 [COMBAT_STRIKE_DETAILS] The goblin pikeman stabs the lye maker in the left foot with his ({iron pike}), tearing the muscle through the x(coyote leather shoe)x!
KRITISCH 10:02:07 [COMBAT_STRIKE_DETAILS] The goblin maceman bashes the lye maker in the left foot with her ({copper flail}) and the injured part explodes into gore!
KRITISCH 10:02:07 [COMBAT_STRIKE_DETAILS] The goblin maceman punches the lye maker in the lower right back teeth with her right hand and the severed part sails off in an arc!
KRITISCH 10:02:07 [COMBAT_STRIKE_DETAILS] The goblin pikeman stabs the lye maker in the right lower arm with his ({iron pike}), fracturing the bone through the X(cave spider silk shirt)X!
KRITISCH 10:02:07 [CONFLICT_CONVERSATION] Nguslu Stosm├╗atu, Goblin Crossbowman: I must withdraw!
KRITISCH 10:02:07 [COMBAT_STRIKE_DETAILS] The goblin maceman kicks the lye maker in the head with her right foot, bruising the muscle!
KRITISCH 10:02:07 [COMBAT_STRIKE_DETAILS] The goblin maceman bashes the lye maker in the right lower leg with her ({copper flail}), fracturing the bone through the (cave spider silk trousers)!
KRITISCH 10:02:07 [COMBAT_STRIKE_DETAILS] The goblin pikeman stabs the lye maker in the right upper leg with his ({iron pike}), fracturing the bone through the x(cave spider silk trousers)x!
KRITISCH 10:02:07 [COMBAT_TWIST_WEAPON] The goblin pikeman pulls on the embedded ({iron pike}).
KRITISCH 10:02:07 [RESOLVE_SHARED_ITEMS] The goblin pikeman gains possession of the ({iron pike}).
KRITISCH 10:02:07 [COMBAT_STRIKE_DETAILS] The goblin maceman bashes the lye maker in the head with her ({silver mace}), bruising the muscle and fracturing the skull!
KRITISCH 10:02:07 [COMBAT_STRIKE_DETAILS] The goblin pikeman stabs the lye maker in the head with his ({iron pike}) and the injured part is cloven asunder!
KRITISCH 10:02:07 [STAND_UP] The goblin crossbowman stands up.
KRITISCH 10:02:07 [COMBAT_STRIKE_DETAILS] The goblin pikeman stabs the sow in the left rear hoof with his ({iron pike}) and the severed part sails off in an arc!
KRITISCH 10:02:07 [CITIZEN_DEATH] Zaneg Onoludos, Lye Maker has been found dead.
KRITISCH 10:02:07 [STAND_UP] The goblin crossbowman stands up.
KRITISCH 10:02:10 [COMBAT_STRIKE_DETAILS] The goblin maceman bashes the sow in the lower body with her ({silver mace}), bruising the muscle and bruising the stomach!
KRITISCH 10:02:10 [CANCEL_JOB] Dumat D├«shmabzanos, Miller cancels Mill plants: Interrupted by a goblin maceman.
KRITISCH 10:02:10 [COMBAT_STRIKE_DETAILS] The goblin pikeman stabs the sow in the neck with his ({iron pike}), tearing apart the muscle!
KRITISCH 10:02:10 [COMBAT_STRIKE_DETAILS] The goblin maceman bashes the sow in the lower body with her ({iron morningstar}), tearing the muscle and tearing the right kidney!
KRITISCH 10:02:10 [COMBAT_STRIKE_DETAILS] The goblin maceman bashes the sow in the right front leg with her ({silver mace}), bruising the muscle!
KRITISCH 10:02:10 [COMBAT_TWIST_WEAPON] The goblin maceman pulls on the embedded ({iron morningstar}).
KRITISCH 10:02:10 [RESOLVE_SHARED_ITEMS] The goblin maceman gains possession of the ({iron morningstar}).
KRITISCH 10:02:10 [COMBAT_STRIKE_DETAILS] The goblin pikeman stabs the sow in the lower body with his ({iron pike}), tearing the muscle and spilling her guts!
KRITISCH 10:02:10 [CONFLICT_CONVERSATION] Nguslu Stosm├╗atu, Goblin Crossbowman: I must withdraw!
KRITISCH 10:02:10 [COMBAT_STRIKE_DETAILS] The goblin maceman bashes the sow in the tail with her ({copper flail}) and the injured part is crushed!
KRITISCH 10:02:10 [COMBAT_STRIKE_DETAILS] The goblin maceman bashes the sow in the right front hoof with her ({iron morningstar}), fracturing it!
KRITISCH 10:02:10 [COMBAT_STRIKE_DETAILS] The goblin pikeman stabs the sow in the lower body with his ({iron pike}), tearing the muscle and tearing apart the spleen!
KRITISCH 10:02:10 [COMBAT_STRIKE_DETAILS] The goblin maceman scratches the sow in the upper body, tearing the fat and bruising the muscle and bruising the left lung!
KRITISCH 10:02:10 [STAND_UP] The goblin crossbowman stands up.
KRITISCH 10:02:10 [COMBAT_TWIST_WEAPON] The goblin maceman pulls on the embedded ({iron morningstar}).
KRITISCH 10:02:10 [RESOLVE_SHARED_ITEMS] The goblin maceman gains possession of the ({iron morningstar}).
KRITISCH 10:02:10 [COMBAT_STRIKE_DETAILS] The goblin maceman bashes the sow in the head with her ({iron morningstar}), tearing the muscle and fracturing the skull!
KRITISCH 10:02:10 [COMBAT_STRIKE_DETAILS] The goblin pikeman stabs the sow in the head with his ({iron pike}) and the severed part sails off in an arc!
KRITISCH 10:02:10 [CONFLICT_CONVERSATION] Asno Nusmosta, Goblin Bowman: I must withdraw!
info 10:02:10 [CONFLICT_CONVERSATION] Tobul Letmosmamot, Recruit: R├«sen Insightsmerchants is dead.  I am not feeling sad right now.
KRITISCH 10:02:20 [COMBAT_STRIKE_DETAILS] The goblin maceman bashes the stray kitten in the lower body with her ({copper flail}), bruising the muscle and shattering the lower spine's bone!
KRITISCH 10:02:20 [COMBAT_STRIKE_DETAILS] The goblin pikeman stabs the craftsdwarf in the upper body with his ({copper pike}), tearing the muscle and tearing the left lung through the x(llama wool tunic)x!
KRITISCH 10:02:20 [COMBAT_STRIKE_DETAILS] The goblin maceman kicks the stray kitten in the left front paw with her left foot, but the attack glances away!
KRITISCH 10:02:20 [STAND_UP] The goblin crossbowman stands up.
KRITISCH 10:02:20 [STAND_UP] The goblin maceman stands up.
KRITISCH 10:02:20 [COMBAT_STRIKE_DETAILS] The goblin pikeman stabs the wood burner in the right upper leg with his ({iron pike}), tearing the skin through the XX(pig tail trousers)XX!
KRITISCH 10:02:20 [COMBAT_STRIKE_DETAILS] The goblin maceman bashes the stray kitten in the lower body with her ({copper flail}), bruising the muscle and bruising the guts!
KRITISCH 10:02:20 [COMBAT_STRIKE_DETAILS] The goblin pikeman stabs the craftsdwarf in the right upper leg with his ({iron pike}), fracturing the bone and shattering the right hip's bone through the X(llama wool tunic)X!
KRITISCH 10:02:20 [COMBAT_STRIKE_DETAILS] The goblin maceman bashes the craftsdwarf in the left upper leg with her ({copper morningstar}), chipping the bone through the XX(llama wool tunic)XX!
KRITISCH 10:02:20 [COMBAT_STRIKE_DETAILS] The goblin pikeman stabs the craftsdwarf in the lower body with her ({iron pike}), tearing the muscle and tearing the guts through the XX(llama wool tunic)XX!
KRITISCH 10:02:20 [COMBAT_STRIKE_DETAILS] The goblin pikeman stabs the craftsdwarf in the right hand with his ({iron pike}) and the severed part sails off in an arc!
KRITISCH 10:02:20 [COMBAT_STRIKE_DETAILS] The goblin maceman bashes the stray kitten in the right front paw with her ({silver mace}), but the attack glances away!
KRITISCH 10:02:20 [COMBAT_STRIKE_DETAILS] The goblin maceman bashes the stray kitten in the left front paw with her ({copper flail}), but the attack glances away!
KRITISCH 10:02:20 [STAND_UP] The goblin pikeman stands up.
KRITISCH 10:02:20 [COMBAT_TWIST_WEAPON] The goblin pikeman pulls on the embedded ({iron pike}).
KRITISCH 10:02:20 [RESOLVE_SHARED_ITEMS] The goblin pikeman gains possession of the ({iron pike}).
KRITISCH 10:02:20 [COMBAT_TWIST_WEAPON] The goblin pikeman pulls on the embedded ({iron pike}).
KRITISCH 10:02:20 [RESOLVE_SHARED_ITEMS] The goblin pikeman gains possession of the ({iron pike}).
KRITISCH 10:02:20 [COMBAT_STRIKE_DETAILS] The goblin maceman bashes the craftsdwarf in the head with her ({copper morningstar}), tearing the muscle and fracturing the skull!
KRITISCH 10:02:20 [COMBAT_STRIKE_DETAILS] The goblin pikeman stabs the craftsdwarf in the head with his ({iron pike}), tearing the muscle, fracturing the skull and tearing the brain through the x*yak bone crown*x!
KRITISCH 10:02:20 [COMBAT_STRIKE_DETAILS] The goblin maceman bashes the turkey gobbler in the right wing with her ({iron morningstar}), fracturing the bone!
KRITISCH 10:02:20 [CITIZEN_DEATH] Ed├½m G├¡dthurgusil, Craftsdwarf has been found dead.
KRITISCH 10:02:23 [CONFLICT_CONVERSATION] Aslot Nax├┤burar, Goblin Crossbowman: I must withdraw!
KRITISCH 10:02:23 [STAND_UP] The goblin crossbowman stands up.
KRITISCH 10:02:23 [COMBAT_STRIKE_DETAILS] The goblin maceman bashes the turkey gobbler in the head with her ({iron morningstar}) and the severed part sails off in an arc!
KRITISCH 10:02:23 [PET_DEATH] Kivish Sazirbomrek, Turkey Gobbler (Tame) has been found dead.
KRITISCH 10:02:23 [CONFLICT_CONVERSATION] Aslot Nax├┤burar, Goblin Crossbowman: I must withdraw!
KRITISCH 10:02:23 [COMBAT_JUMP_DODGE_STRIKE] The goblin pikeman attacks the wood burner but He jumps away!
KRITISCH 10:02:23 [CONFLICT_CONVERSATION] Kutsmob Ukkarem, Goblin Crossbowman: I must withdraw!
KRITISCH 10:02:23 [LOSE_HOLD_OF_SURFACE] The goblin pikeman loses hold of the Mudstone Block Wall.
KRITISCH 10:02:23 [COMBAT_STRIKE_DETAILS] The goblin maceman bashes the herbalist in the head with her ({copper morningstar}), tearing the muscle, fracturing the skull and tearing the brain!
KRITISCH 10:02:23 [STAND_UP] The goblin crossbowman stands up.
KRITISCH 10:02:23 [STAND_UP] The goblin maceman stands up.
KRITISCH 10:02:23 [COMBAT_JUMP_DODGE_STRIKE] The goblin maceman attacks the wood burner but He jumps away!
KRITISCH 10:02:23 [CITIZEN_DEATH] Cilob Cud├»st├»teb, Herbalist has been found dead.
KRITISCH 10:02:26 [COMBAT_TWIST_WEAPON] The goblin pikeman pulls on the embedded ({iron pike}).
KRITISCH 10:02:26 [RESOLVE_SHARED_ITEMS] The goblin pikeman gains possession of the ({iron pike}).
KRITISCH 10:02:26 [COMBAT_STRIKE_DETAILS] The goblin maceman bashes the wood burner in the right foot with her ({silver mace}), fracturing the bone through the (great horned owl leather shoe)!
KRITISCH 10:02:26 [COMBAT_TWIST_WEAPON] The goblin maceman pulls on the embedded ({iron morningstar}).
KRITISCH 10:02:26 [RESOLVE_SHARED_ITEMS] The goblin maceman gains possession of the ({iron morningstar}).
KRITISCH 10:02:26 [COMBAT_STRIKE_DETAILS] The goblin maceman bashes the wood burner in the upper body with her ({iron morningstar}), tearing apart the muscle and tearing the middle spine's nervous tissue!
KRITISCH 10:02:26 [COMBAT_STRIKE_DETAILS] The goblin pikeman scratches the wood burner in the head, tearing the muscle!
KRITISCH 10:02:26 [BUILDING_DESTROYED_OR_TOPPLED] Craftsdwarf's Workshop toppled by Kutsmob Ukkarem, Goblin Crossbowman.
KRITISCH 10:02:26 [COMBAT_STRIKE_DETAILS] The goblin maceman bashes the wood burner in the right upper arm with her ({iron morningstar}), fracturing the bone and fracturing the right shoulder's bone!
KRITISCH 10:02:26 [COMBAT_STRIKE_DETAILS] The goblin pikeman stabs the wood burner in the lower body with his ({iron pike}), tearing the muscle and tearing the right kidney!
KRITISCH 10:02:26 [COMBAT_STRIKE_DETAILS] The goblin maceman bashes the wood burner in the right upper leg with her ({silver mace}), fracturing the bone!
KRITISCH 10:02:26 [COMBAT_STRIKE_DETAILS] The goblin maceman bashes the wood burner in the right foot with her ({iron morningstar}) and the injured part is cloven asunder!
KRITISCH 10:02:26 [COMBAT_STRIKE_DETAILS] The goblin pikeman stabs the wood burner in the lower front teeth with his ({iron pike}) and the severed part sails off in an arc!
KRITISCH 10:02:26 [COMBAT_STRIKE_DETAILS] The goblin maceman bashes the wood burner in the lower body with her ({silver mace}), bruising the muscle and bruising the stomach!
KRITISCH 10:02:26 [COMBAT_STRIKE_DETAILS] The goblin maceman bashes the wood burner in the left lower leg with her ({iron morningstar}), chipping the bone!
KRITISCH 10:02:26 [STAND_UP] The goblin crossbowman stands up.
KRITISCH 10:02:26 [COMBAT_STRIKE_DETAILS] The goblin maceman bashes the wood burner in the right foot with her ({iron morningstar}), shattering the bone through the X(great horned owl leather shoe)X!
KRITISCH 10:02:26 [COMBAT_STRIKE_DETAILS] The goblin pikeman stabs the nanny goat in the right front leg with his ({iron pike}), fracturing the bone!
KRITISCH 10:02:26 [CONFLICT_CONVERSATION] Asno Nusmosta, Goblin Bowman: I must withdraw!
KRITISCH 10:02:26 [COMBAT_STRIKE_DETAILS] The goblin pikeman stabs the nanny goat in the upper body with his ({iron pike}), tearing the muscle and tearing apart the left lung!
KRITISCH 10:02:26 [COMBAT_STRIKE_DETAILS] The goblin maceman bashes the nanny goat in the upper body with her ({silver mace}), bruising the muscle and shattering the left floating ribs!
KRITISCH 10:02:26 [COMBAT_TWIST_WEAPON] The goblin pikeman pulls on the embedded ({iron pike}).
KRITISCH 10:02:26 [RESOLVE_SHARED_ITEMS] The goblin pikeman gains possession of the ({iron pike}).
KRITISCH 10:02:26 [COMBAT_STRIKE_DETAILS] The goblin maceman bashes the nanny goat in the upper body with her ({iron morningstar}), tearing the muscle, shattering the right false ribs and tearing the liver!
KRITISCH 10:02:26 [COMBAT_STRIKE_DETAILS] The goblin pikeman stabs the nanny goat in the head with his ({iron pike}), tearing the muscle, shattering the skull and tearing apart the brain!
KRITISCH 10:02:26 [CONFLICT_CONVERSATION] Kutsmob Ukkarem, Goblin Crossbowman: I must withdraw!
KRITISCH 10:02:26 [PET_DEATH] Obok Al├Ñthlibad, Nanny Goat (Tame) has been found dead.
KRITISCH 10:02:26 [BUILDING_DESTROYED_OR_TOPPLED] Mechanic's Workshop toppled by Nguslu Stosm├╗atu, Goblin Crossbowman.
KRITISCH 10:02:29 [CITIZEN_DEATH] Adil Roldeth├¿rith, Wood Burner has been found dead.
KRITISCH 10:02:32 [BUILDING_DESTROYED_OR_TOPPLED] Butcher's Shop toppled by Nguslu Stosm├╗atu, Goblin Crossbowman.
KRITISCH 10:02:32 [CONFLICT_CONVERSATION] Kutsmob Ukkarem, Goblin Crossbowman: I got caught in a miasma.  How disgusting!
KRITISCH 10:02:32 [BUILDING_DESTROYED_OR_TOPPLED] Stoneworker's Workshop toppled by Aslot Nax├┤burar, Goblin Crossbowman.
KRITISCH 10:02:32 [CONFLICT_CONVERSATION] Aslot Nax├┤burar, Goblin Crossbowman: I must withdraw!
KRITISCH 10:02:32 [CONFLICT_CONVERSATION] Kutsmob Ukkarem, Goblin Crossbowman: I must withdraw!
KRITISCH 10:02:32 [COMBAT_STRIKE_DETAILS] The goblin pikeman stabs the stray kitten in the right rear leg with her ({iron pike}) and the severed part sails off in an arc!
KRITISCH 10:02:32 [STAND_UP] The goblin maceman stands up.
KRITISCH 10:02:32 [CANCEL_JOB] S├Ñkzul Gutidsodel, Farmer cancels Make wooden crafts: Interrupted by a goblin bowman.
KRITISCH 10:02:32 [LOSE_HOLD_OF_SURFACE] The goblin crossbowman loses hold of the Mudstone Block Wall.
KRITISCH 10:02:32 [STAND_UP] The goblin crossbowman stands up.
KRITISCH 10:02:32 [BUILDING_DESTROYED_OR_TOPPLED] Still toppled by Nguslu Stosm├╗atu, Goblin Crossbowman.
KRITISCH 10:02:32 [LOSE_HOLD_OF_SURFACE] The goblin maceman loses hold of the Mudstone Block Wall.
KRITISCH 10:02:32 [STAND_UP] The goblin maceman stands up.
KRITISCH 10:02:32 [CANCEL_JOB] Adil Oddomerush, Woodcutter cancels Make wooden crafts: Interrupted by a goblin bowman.
KRITISCH 10:02:32 [STAND_UP] The goblin pikeman stands up.
KRITISCH 10:02:32 [CONFLICT_CONVERSATION] Aslot Nax├┤burar, Goblin Crossbowman: I must withdraw!
KRITISCH 10:02:35 [STAND_UP] The goblin pikeman stands up.
KRITISCH 10:02:35 [COMBAT_JUMP_DODGE_STRIKE] The goblin maceman attacks the stray cat but She jumps away!
KRITISCH 10:02:35 [COMBAT_STRIKE_DETAILS] The goblin maceman bashes the stray cat in the neck with her ({iron morningstar}), tearing apart the muscle!
KRITISCH 10:02:36 [COMBAT_STRIKE_DETAILS] The goblin maceman bashes the stray cat in the right rear leg with her ({iron morningstar}) and the severed part sails off in an arc!
KRITISCH 10:02:36 [BUILDING_DESTROYED_OR_TOPPLED] Kitchen toppled by Kutsmob Ukkarem, Goblin Crossbowman.
KRITISCH 10:02:39 [COMBAT_STRIKE_DETAILS] The goblin maceman bashes the stray cat in the right front leg with her ({iron morningstar}), tearing apart the muscle!
KRITISCH 10:02:39 [STAND_UP] The goblin maceman stands up.
KRITISCH 10:02:45 [COMBAT_JUMP_DODGE_STRIKE] The recruit attacks the goblin maceman but She jumps away!
KRITISCH 10:02:45 [BUILDING_DESTROYED_OR_TOPPLED] Wood Furnace destroyed by Kutsmob Ukkarem, Goblin Crossbowman.
KRITISCH 10:02:45 [COMBAT_JUMP_DODGE_STRIKE] The recruit attacks the goblin maceman but She jumps away!
KRITISCH 10:02:45 [COMBAT_STRIKE_DETAILS] The goblin maceman bashes the recruit in the right lower arm with her ({copper morningstar}), tearing the muscle!
KRITISCH 10:02:45 [COMBAT_DODGE] The recruit misses the goblin maceman!
KRITISCH 10:02:45 [BUILDING_DESTROYED_OR_TOPPLED] Leather Works toppled by Nguslu Stosm├╗atu, Goblin Crossbowman.
KRITISCH 10:02:45 [COMBAT_STRIKE_DETAILS] The goblin maceman scratches the recruit in the right foot, tearing the fat and bruising the muscle through the x(giant cave spider silk shoe)x!
KRITISCH 10:02:45 [COMBAT_DODGE] The recruit misses the goblin maceman!
KRITISCH 10:02:45 [COMBAT_STRIKE_DETAILS] The goblin maceman bashes the recruit in the upper body with her ({copper morningstar}), tearing the muscle, shattering the right true ribs and tearing the left lung!
KRITISCH 10:02:45 [COMBAT_DODGE] The recruit misses the goblin maceman!
KRITISCH 10:02:45 [COMBAT_DODGE] The recruit misses the goblin maceman!
KRITISCH 10:02:45 [COMBAT_STRIKE_DETAILS] The goblin maceman bashes the recruit in the right upper leg with her ({copper morningstar}), chipping the bone!
KRITISCH 10:02:45 [COMBAT_DODGE] The recruit misses the goblin maceman!
KRITISCH 10:02:45 [STAND_UP] The goblin maceman stands up.
KRITISCH 10:02:48 [COMBAT_DODGE] The recruit misses the goblin maceman!
KRITISCH 10:02:48 [COMBAT_STRIKE_DETAILS] The goblin maceman bashes the recruit in the lower body with her ({copper morningstar}), tearing the muscle and tearing the left kidney!
KRITISCH 10:02:48 [COMBAT_DODGE] The recruit misses the goblin maceman!
KRITISCH 10:02:48 [COMBAT_TWIST_WEAPON] The goblin maceman pulls on the embedded ({copper morningstar}).
KRITISCH 10:02:48 [RESOLVE_SHARED_ITEMS] The goblin maceman gains possession of the ({copper morningstar}).
KRITISCH 10:02:48 [COMBAT_DODGE] The recruit misses the goblin maceman!
KRITISCH 10:02:48 [COMBAT_STRIKE_DETAILS] The goblin maceman bashes the recruit in the head with her ({copper morningstar}), tearing the muscle and fracturing the skull!
KRITISCH 10:02:48 [COMBAT_DODGE] The recruit misses the goblin maceman!
KRITISCH 10:02:48 [COMBAT_STRIKE_DETAILS] The goblin maceman bashes the recruit in the right upper arm with her ({copper morningstar}), fracturing the bone!
KRITISCH 10:02:48 [BUILDING_DESTROYED_OR_TOPPLED] Craftsdwarf's Workshop toppled by Asno Nusmosta, Goblin Bowman.
KRITISCH 10:02:48 [COMBAT_STRIKE_DETAILS] The goblin maceman bashes the recruit in the head with her ({copper morningstar}), tearing the muscle, fracturing the skull and tearing the brain!
KRITISCH 10:02:48 [CONFLICT_CONVERSATION] Aslot Nax├┤burar, Goblin Crossbowman: I must withdraw!
KRITISCH 10:02:48 [CITIZEN_DEATH] Tobul Letmosmamot, Recruit has been found dead.
KRITISCH 10:02:51 [COMBAT_STRIKE_DETAILS] The goblin maceman bashes the stray kitten in the tail with her ({iron morningstar}), tearing apart the skin!
KRITISCH 10:02:51 [COMBAT_STRIKE_DETAILS] The goblin maceman bashes the stray kitten in the left front leg with her ({iron morningstar}) and the severed part sails off in an arc!
KRITISCH 10:02:51 [BUILDING_DESTROYED_OR_TOPPLED] Bowyer's Workshop toppled by Nguslu Stosm├╗atu, Goblin Crossbowman.
KRITISCH 10:02:51 [CANCEL_JOB] S├Ñkzul Gutidsodel, Farmer cancels Make wooden crafts: Interrupted by a goblin maceman.
KRITISCH 10:02:51 [STAND_UP] The goblin pikeman stands up.
KRITISCH 10:02:51 [STAND_UP] The goblin maceman stands up.
KRITISCH 10:02:51 [CANCEL_JOB] Reg Dod├│ktilesh, Recruit cancels Sleep: Interrupted by a goblin pikeman.
KRITISCH 10:02:51 [CANCEL_JOB] Adil Oddomerush, Woodcutter cancels Make wooden crafts: Interrupted by a goblin maceman.
KRITISCH 10:02:54 [STAND_UP] The goblin maceman stands up.
KRITISCH 10:02:54 [STAND_UP] The goblin maceman stands up.
KRITISCH 10:02:54 [STAND_UP] The goblin crossbowman stands up.
KRITISCH 10:02:54 [COMBAT_STRIKE_DETAILS] The goblin maceman bashes the miller in the left upper arm with her ({silver mace}), jamming the bone through the left shoulder's muscle and shattering the left shoulder's bone!
KRITISCH 10:02:54 [COMBAT_STRIKE_DETAILS] The goblin maceman bashes the miller in the left hand with her ({silver mace}) and the injured part explodes into gore!
KRITISCH 10:02:54 [STAND_UP] The goblin maceman stands up.
KRITISCH 10:02:54 [COMBAT_STRIKE_DETAILS] The goblin maceman bashes the miller in the left foot with her ({silver mace}), fracturing the bone through the (grizzly bear leather shoe)!
KRITISCH 10:02:54 [COMBAT_STRIKE_DETAILS] The goblin maceman bashes the miller in the head with her ({silver mace}), bruising the muscle and fracturing the skull!
KRITISCH 10:02:54 [COMBAT_STRIKE_DETAILS] The goblin maceman bashes the miller in the head with her ({silver mace}) and the injured part is crushed!
KRITISCH 10:02:54 [COMBAT_STRIKE_DETAILS] The goblin maceman bashes the planter in the lower body with her ({silver mace}), bruising the muscle and bruising the spleen through the Γëíammonite leather dressΓëí!
KRITISCH 10:02:54 [STAND_UP] The goblin pikeman stands up.
KRITISCH 10:02:54 [COMBAT_STRIKE_DETAILS] The goblin maceman bashes the planter in the left foot with her ({silver mace}), fracturing the bone through the (mule leather shoe)!
KRITISCH 10:02:54 [COMBAT_STRIKE_DETAILS] The goblin maceman bashes the planter in the left upper arm with her ({silver mace}), jamming the bone through the left shoulder's muscle and fracturing the left shoulder's bone!
KRITISCH 10:02:58 [CITIZEN_DEATH] Dumat D├«shmabzanos, Miller has been found dead.
KRITISCH 10:03:01 [COMBAT_STRIKE_DETAILS] The goblin maceman bashes the planter in the head with her ({silver mace}) and the injured part is crushed!
KRITISCH 10:03:01 [BUILDING_DESTROYED_OR_TOPPLED] mudstone Statue toppled by Aslot Nax├┤burar, Goblin Crossbowman.
KRITISCH 10:03:01 [BUILDING_DESTROYED_OR_TOPPLED] kaolinite Statue toppled by Aslot Nax├┤burar, Goblin Crossbowman.
KRITISCH 10:03:01 [STAND_UP] The goblin maceman stands up.
KRITISCH 10:03:01 [COMBAT_DODGE] The mayor misses the goblin maceman!
KRITISCH 10:03:01 [COMBAT_STRIKE_DETAILS] The goblin maceman bashes the mayor in the lower body with her ({copper morningstar}), tearing the muscle and tearing the guts!
KRITISCH 10:03:01 [COMBAT_TWIST_WEAPON] The goblin maceman pulls on the embedded ({copper morningstar}).
KRITISCH 10:03:01 [RESOLVE_SHARED_ITEMS] The goblin maceman gains possession of the ({copper morningstar}).
KRITISCH 10:03:01 [COMBAT_DODGE] The mayor misses the goblin maceman!
KRITISCH 10:03:01 [COMBAT_STRIKE_DETAILS] The goblin maceman kicks the mayor in the left foot with her left foot, bruising the bone through the X(rutherer leather shoe)X!
KRITISCH 10:03:01 [COMBAT_DODGE] The mayor misses the goblin maceman!
KRITISCH 10:03:01 [COMBAT_DODGE] The mayor misses the goblin maceman!
KRITISCH 10:03:01 [STAND_UP] The goblin maceman stands up.
KRITISCH 10:03:01 [COMBAT_STRIKE_DETAILS] The goblin maceman bashes the mayor in the left upper arm with her ({copper morningstar}), fracturing the bone and fracturing the left shoulder's bone!
KRITISCH 10:03:01 [COMBAT_STRIKE_DETAILS] The goblin maceman bashes the mayor in the right hand with her ({copper morningstar}), fracturing the bone through the x(giant cave spider silk right glove)x!
KRITISCH 10:03:01 [COMBAT_DODGE] The mayor misses the goblin maceman!
KRITISCH 10:03:01 [COMBAT_STRIKE_DETAILS] The goblin maceman bashes the mayor in the lower body with her ({copper morningstar}), tearing the muscle and tearing the guts!
KRITISCH 10:03:01 [COMBAT_STRIKE_DETAILS] The goblin maceman bashes the mayor in the head with her ({copper morningstar}), tearing the muscle and fracturing the skull!
KRITISCH 10:03:01 [COMBAT_STRIKE_DETAILS] The goblin maceman bashes the mayor in the head with her ({copper morningstar}), tearing the muscle and fracturing the skull!
KRITISCH 10:03:01 [COMBAT_STRIKE_DETAILS] The goblin maceman bashes the mayor in the head with her ({copper morningstar}) and the injured part is cloven asunder!
KRITISCH 10:03:01 [STAND_UP] The goblin maceman stands up.
KRITISCH 10:03:01 [CANCEL_JOB] Etur Bimnimak, Cook cancels Make wooden crafts: Interrupted by a goblin maceman.
KRITISCH 10:03:01 [COMBAT_STRIKE_DETAILS] The goblin maceman bashes the cook in the head with her ({copper morningstar}), tearing the muscle, fracturing the skull and tearing the brain!
KRITISCH 10:03:01 [CITIZEN_DEATH] Etur Bimnimak, Cook has been found dead.
KRITISCH 10:03:04 [STAND_UP] The goblin maceman stands up.
KRITISCH 10:03:04 [COMBAT_STRIKE_DETAILS] The goblin maceman bashes the herbalist in the right hand with her ({silver mace}) and the injured part explodes into gore!
KRITISCH 10:03:04 [COMBAT_STRIKE_DETAILS] The goblin maceman bashes the herbalist in the upper body with her ({silver flail}), bruising the muscle and shattering the right true ribs through the (green devourer leather dress)!
KRITISCH 10:03:04 [COMBAT_STRIKE_DETAILS] The goblin maceman bashes the woodcutter in the upper body with her ({copper morningstar}), tearing the muscle and tearing the left lung through the x(alpaca wool shirt)x!
info 10:03:04 [MERCHANTS_EMBARKED] The merchants from Catten ├┤tthat have embarked on their journey.
KRITISCH 10:03:04 [COMBAT_STRIKE_DETAILS] The goblin maceman kicks the herbalist in the right upper leg with her left foot, bruising the muscle through the (green devourer leather dress)!
KRITISCH 10:03:04 [COMBAT_STRIKE_DETAILS] The goblin maceman bashes the herbalist in the head with her ({silver flail}) and the injured part is crushed!
KRITISCH 10:03:04 [CITIZEN_DEATH] L├▓r Tabarnish, Herbalist has been found dead.
KRITISCH 10:03:07 [BUILDING_DESTROYED_OR_TOPPLED] limestone Statue toppled by Aslot Nax├┤burar, Goblin Crossbowman.
KRITISCH 10:03:07 [CANCEL_JOB] Iden Bomrekenol, Dwarven Child cancels Drink: Interrupted by a goblin maceman.
KRITISCH 10:03:07 [BUILDING_DESTROYED_OR_TOPPLED] Still toppled by Azstrog Ozastozu, Goblin Pikeman.
KRITISCH 10:03:07 [COMBAT_STRIKE_DETAILS] The goblin maceman bashes the woodcutter in the right upper arm with her ({copper morningstar}), tearing the muscle through the X(alpaca wool shirt)X!
KRITISCH 10:03:07 [CANCEL_JOB] Inod ├«gamzasit, Carpenter cancels Mill plants: Interrupted by a goblin maceman.
KRITISCH 10:03:07 [COMBAT_TWIST_WEAPON] The goblin maceman pulls on the embedded ({copper morningstar}).
KRITISCH 10:03:07 [RESOLVE_SHARED_ITEMS] The goblin maceman gains possession of the ({copper morningstar}).
KRITISCH 10:03:07 [COMBAT_STRIKE_DETAILS] The goblin maceman bashes the weaver in the right lower leg with her ({silver mace}), bruising the muscle through the (pig tail dress)!
KRITISCH 10:03:07 [BUILDING_DESTROYED_OR_TOPPLED] mudstone Statue toppled by Nguslu Stosm├╗atu, Goblin Crossbowman.
KRITISCH 10:03:07 [COMBAT_STRIKE_DETAILS] The goblin maceman bashes the weaver in the upper body with her ({silver flail}), bruising the muscle and bruising the right lung through the (pig tail dress)!
KRITISCH 10:03:07 [COMBAT_STRIKE_DETAILS] The goblin maceman bashes the woodcutter in the right lower leg with her ({copper morningstar}), tearing the muscle through the x(giant cave spider silk trousers)x!
KRITISCH 10:03:07 [COMBAT_STRIKE_DETAILS] The goblin maceman bashes the weaver in the right upper leg with her ({silver mace}), fracturing the bone through the (pig tail dress)!
KRITISCH 10:03:07 [COMBAT_STRIKE_DETAILS] The goblin maceman punches the weaver in the left lower leg with her right hand, bruising the bone through the (pig tail dress)!
KRITISCH 10:03:07 [CITIZEN_DEATH] Tekkud ├äsotung, Hammerdwarf has been found dead.
KRITISCH 10:03:07 [COMBAT_STRIKE_DETAILS] The goblin maceman bashes the weaver in the right foot with her ({silver mace}), fracturing the bone through the (pig tail shoe)!
KRITISCH 10:03:07 [COMBAT_STRIKE_DETAILS] The goblin maceman bashes the weaver in the right upper arm with her ({silver flail}), bruising the muscle through the (pig tail dress)!
KRITISCH 10:03:07 [CITIZEN_DEATH] Adil M├╗thkatsazir, Planter has been found dead.
KRITISCH 10:03:10 [STAND_UP] The goblin maceman stands up.
KRITISCH 10:03:10 [STAND_UP] The goblin crossbowman stands up.
KRITISCH 10:03:10 [COMBAT_STRIKE_DETAILS] The goblin maceman bashes the herbalist in the left hand with her ({copper morningstar}), fracturing the bone through the x(alpaca wool left glove)x!
KRITISCH 10:03:10 [COMBAT_STRIKE_DETAILS] The goblin maceman bashes the herbalist in the left upper arm with her ({copper morningstar}), fracturing the bone through the XX(alpaca wool shirt)XX!
KRITISCH 10:03:10 [COMBAT_STRIKE_DETAILS] The goblin maceman bashes the herbalist in the neck with her ({copper morningstar}), tearing the muscle and tearing the upper spine's nervous tissue!
KRITISCH 10:03:10 [COMBAT_TWIST_WEAPON] The goblin maceman pulls on the embedded ({copper morningstar}).
KRITISCH 10:03:10 [RESOLVE_SHARED_ITEMS] The goblin maceman gains possession of the ({copper morningstar}).
KRITISCH 10:03:10 [COMBAT_STRIKE_DETAILS] The goblin maceman bashes the herbalist in the upper body with her ({copper morningstar}), tearing the muscle and tearing the left lung!
KRITISCH 10:03:10 [STAND_UP] The goblin maceman stands up.
KRITISCH 10:03:10 [COMBAT_STRIKE_DETAILS] The goblin maceman bashes the herbalist in the right cheek with her ({copper morningstar}), tearing apart the skin!
KRITISCH 10:03:10 [COMBAT_STRIKE_DETAILS] The goblin pikeman stabs the herbalist in the upper body with his ({iron pike}), tearing the muscle and tearing the liver!
KRITISCH 10:03:10 [STAND_UP] The goblin maceman stands up.
KRITISCH 10:03:10 [COMBAT_TWIST_WEAPON] The goblin pikeman pulls on the embedded ({iron pike}).
KRITISCH 10:03:10 [RESOLVE_SHARED_ITEMS] The goblin pikeman gains possession of the ({iron pike}).
KRITISCH 10:03:10 [COMBAT_STRIKE_DETAILS] The goblin maceman bashes the herbalist in the right hand with her ({copper morningstar}) and the injured part is cloven asunder!
KRITISCH 10:03:10 [COMBAT_STRIKE_DETAILS] The goblin maceman bashes the herbalist in the left upper arm with her ({copper morningstar}), fracturing the bone!
KRITISCH 10:03:10 [COMBAT_STRIKE_DETAILS] The goblin pikeman stabs the herbalist in the lower body with his ({iron pike}), tearing the muscle and tearing the pancreas!
KRITISCH 10:03:10 [STAND_UP] The goblin maceman stands up.
KRITISCH 10:03:10 [COMBAT_STRIKE_DETAILS] The goblin pikeman stabs the herbalist in the left upper leg with his ({iron pike}), fracturing the bone and shattering the left hip's bone!
KRITISCH 10:03:10 [COMBAT_TWIST_WEAPON] The goblin pikeman pulls on the embedded ({iron pike}).
KRITISCH 10:03:10 [RESOLVE_SHARED_ITEMS] The goblin pikeman gains possession of the ({iron pike}).
KRITISCH 10:03:10 [COMBAT_STRIKE_DETAILS] The goblin pikeman stabs the herbalist in the left foot with his ({iron pike}), fracturing the bone through the x(pig tail shoe)x!
KRITISCH 10:03:10 [STAND_UP] The goblin maceman stands up.
KRITISCH 10:03:10 [CANCEL_JOB] Kivish G├Ñk├»zkeskal, Trapper cancels Mill plants: Interrupted by a goblin maceman.
KRITISCH 10:03:10 [COMBAT_STRIKE_DETAILS] The goblin maceman bashes the herbalist in the head with her ({copper morningstar}), tearing the muscle, fracturing the skull and tearing the brain!
KRITISCH 10:03:10 [CITIZEN_DEATH] Adil Oddomerush, Herbalist has been found dead.
KRITISCH 10:03:29 [COMBAT_STRIKE_DETAILS] The goblin pikeman stabs the farmer in the right lower leg with his ({iron pike}), fracturing the bone through the X(cave spider silk trousers)X!
KRITISCH 10:03:29 [COMBAT_STRIKE_DETAILS] The goblin maceman bashes the farmer in the left lower arm with her ({copper morningstar}), fracturing the bone!
KRITISCH 10:03:29 [COMBAT_STRIKE_DETAILS] The goblin pikeman stabs the farmer in the right hand with his ({iron pike}) and the severed part sails off in an arc!
KRITISCH 10:03:29 [COMBAT_STRIKE_DETAILS] The goblin maceman bashes the farmer in the upper body with her ({copper morningstar}), tearing the muscle and shattering the right false ribs through the X(llama wool tunic)X!
KRITISCH 10:03:29 [COMBAT_STRIKE_DETAILS] The goblin pikeman stabs the farmer in the upper body with his ({iron pike}), tearing the muscle and tearing apart the middle spine's nervous tissue through the XX(llama wool tunic)XX!
KRITISCH 10:03:29 [STAND_UP] The goblin maceman stands up.
KRITISCH 10:03:29 [COMBAT_TWIST_WEAPON] The goblin maceman pulls on the embedded ({copper morningstar}).
KRITISCH 10:03:29 [RESOLVE_SHARED_ITEMS] The goblin maceman gains possession of the ({copper morningstar}).
KRITISCH 10:03:29 [COMBAT_STRIKE_DETAILS] The goblin pikeman stabs the farmer in the left upper arm with his ({iron pike}), fracturing the bone and shattering the left shoulder's bone!
KRITISCH 10:03:29 [COMBAT_STRIKE_DETAILS] The goblin maceman bashes the farmer in the head with her ({copper morningstar}), tearing the muscle and fracturing the skull through the x(-leopard hair crown-)x!
KRITISCH 10:03:29 [COMBAT_TWIST_WEAPON] The goblin pikeman pulls on the embedded ({iron pike}).
KRITISCH 10:03:29 [RESOLVE_SHARED_ITEMS] The goblin pikeman gains possession of the ({iron pike}).
KRITISCH 10:03:29 [COMBAT_STRIKE_DETAILS] The goblin maceman bashes the farmer in the left foot with her ({copper morningstar}), fracturing the bone through the x(giant olm leather shoe)x!
KRITISCH 10:03:29 [COMBAT_STRIKE_DETAILS] The goblin pikeman stabs the farmer in the left upper arm with his ({iron pike}) and the severed part sails off in an arc!
KRITISCH 10:03:29 [COMBAT_STRIKE_DETAILS] The goblin maceman bashes the farmer in the lower body with her ({copper morningstar}), tearing the muscle and tearing the guts through the XX(llama wool tunic)XX!
KRITISCH 10:03:29 [COMBAT_STRIKE_DETAILS] The goblin pikeman stabs the farmer in the lower body with his ({iron pike}), tearing the muscle and tearing the guts through the XX(cave spider silk trousers)XX!
KRITISCH 10:03:29 [COMBAT_STRIKE_DETAILS] The goblin maceman bashes the farmer in the upper body with her ({copper morningstar}), tearing the muscle and tearing the heart!
KRITISCH 10:03:29 [COMBAT_STRIKE_DETAILS] The goblin maceman bashes the farmer in the right lower arm with her ({copper morningstar}), fracturing the bone and shattering the right elbow's bone!
KRITISCH 10:03:29 [CITIZEN_DEATH] S├Ñkzul Gutidsodel, Farmer has been found dead.
KRITISCH 10:03:32 [STAND_UP] The goblin maceman stands up.
KRITISCH 10:03:32 [STAND_UP] The goblin crossbowman stands up.
KRITISCH 10:03:32 [CONFLICT_CONVERSATION] Kutsmob Ukkarem, Goblin Crossbowman: I must withdraw!
KRITISCH 10:03:32 [COMBAT_STRIKE_DETAILS] The goblin maceman scratches the stray cat in the tail and the severed part sails off in an arc!
KRITISCH 10:03:32 [COMBAT_STRIKE_DETAILS] The goblin maceman bashes the stray cat in the lower body with her ({silver flail}), bruising the muscle and bruising the guts!
KRITISCH 10:03:32 [COMBAT_STRIKE_DETAILS] The goblin maceman bashes the stray cat in the left rear paw with her ({silver flail}) and the injured part explodes into gore!
KRITISCH 10:03:32 [STAND_UP] The goblin maceman stands up.
KRITISCH 10:03:32 [STAND_UP] The goblin crossbowman stands up.
KRITISCH 10:03:32 [STAND_UP] The goblin maceman stands up.
KRITISCH 10:03:35 [STAND_UP] The goblin maceman stands up.
KRITISCH 10:03:35 [COMBAT_STRIKE_DETAILS] The goblin pikeman scratches the trapper in the right upper leg, bruising the muscle through the x(cave spider silk tunic)x!
KRITISCH 10:03:35 [STAND_UP] The goblin crossbowman stands up.
KRITISCH 10:03:35 [COMBAT_STRIKE_DETAILS] The goblin pikeman stabs the trapper in the upper body with his ({iron pike}), tearing the muscle, shattering the right false ribs and tearing the right lung through the X(cave spider silk tunic)X!
KRITISCH 10:03:35 [COMBAT_STRIKE_DETAILS] The goblin maceman punches the trapper in the right hand with her left hand, bruising the muscle through the (alpaca wool right glove)!
KRITISCH 10:03:35 [COMBAT_STRIKE_DETAILS] The goblin pikeman punches the trapper in the left upper leg with his left hand, bruising the muscle through the X(cave spider silk tunic)X!
KRITISCH 10:03:35 [COMBAT_STRIKE_DETAILS] The goblin maceman bashes the trapper in the right upper arm with her ({copper morningstar}), fracturing the bone and fracturing the right shoulder's bone!
KRITISCH 10:03:35 [COMBAT_STRIKE_DETAILS] The goblin pikeman stabs the trapper in the upper body with his ({iron pike}), tearing the muscle and tearing the heart through the XX(cave spider silk tunic)XX!
KRITISCH 10:03:35 [COMBAT_START_CHARGE] The goblin pikeman charges at the trapper!
KRITISCH 10:03:35 [COMBAT_CHARGE_COLLISION] The goblin pikeman collides with the trapper!
KRITISCH 10:03:35 [COMBAT_STRIKE_DETAILS] The goblin maceman bashes the trapper in the left foot with her ({copper morningstar}), fracturing the bone through the x(two-humped camel leather shoe)x!
KRITISCH 10:03:35 [STAND_UP] The goblin pikeman stands up.
KRITISCH 10:03:35 [COMBAT_JUMP_DODGE_STRIKE] The goblin pikeman attacks the trapper but He scrambles away!
KRITISCH 10:03:35 [COMBAT_STRIKE_DETAILS] The goblin maceman bashes the trapper in the left lower arm with her ({copper morningstar}), tearing the muscle!
KRITISCH 10:03:35 [COMBAT_STRIKE_DETAILS] The goblin pikeman stabs the trapper in the left foot with his ({iron pike}) and the injured part is cloven asunder!
KRITISCH 10:03:35 [COMBAT_STRIKE_DETAILS] The goblin maceman bashes the trapper in the head with her ({copper morningstar}), tearing the muscle, fracturing the skull and tearing the brain!
KRITISCH 10:03:35 [STAND_UP] The goblin maceman stands up.
KRITISCH 10:03:35 [NOT_STUNNED] The goblin pikeman is no longer stunned.
KRITISCH 10:03:35 [CITIZEN_DEATH] Kivish G├Ñk├»zkeskal, Trapper has been found dead.
KRITISCH 10:03:35 [BUILDING_DESTROYED_OR_TOPPLED] Craftsdwarf's Workshop toppled by Aslot Nax├┤burar, Goblin Crossbowman.
KRITISCH 10:03:39 [STAND_UP] The goblin maceman stands up.
KRITISCH 10:03:39 [STAND_UP] The goblin maceman stands up.
KRITISCH 10:03:39 [COMBAT_JUMP_DODGE_STRIKE] The goblin pikeman attacks the dwarven child but She jumps away!
KRITISCH 10:03:39 [COMBAT_STRIKE_DETAILS] The goblin pikeman bashes the dwarven child in the head with the shaft of her ({iron pike}), bruising the muscle, bruising the skull!
KRITISCH 10:03:39 [COMBAT_STRIKE_DETAILS] The goblin pikeman stabs the dwarven child in the right upper arm with her ({iron pike}) and the severed part sails off in an arc!
KRITISCH 10:03:39 [COMBAT_STRIKE_DETAILS] The goblin pikeman stabs the dwarven child in the upper body with her ({iron pike}), tearing the muscle, shattering the left floating ribs and tearing the liver through the X*white stork leather dress*X!
KRITISCH 10:03:39 [COMBAT_TWIST_WEAPON] The goblin pikeman pulls on the embedded ({iron pike}).
KRITISCH 10:03:39 [RESOLVE_SHARED_ITEMS] The goblin pikeman gains possession of the ({iron pike}).
KRITISCH 10:03:39 [COMBAT_STRIKE_DETAILS] The goblin pikeman punches the dwarven child in the lower body with her right hand, bruising the muscle and bruising the pancreas through the Γëíyak leather trousersΓëí!
KRITISCH 10:03:39 [COMBAT_STRIKE_DETAILS] The goblin pikeman punches the dwarven child in the left foot with her right hand and the injured part explodes into gore!
KRITISCH 10:03:39 [COMBAT_STRIKE_DETAILS] The goblin pikeman stabs the dwarven child in the left upper arm with her ({iron pike}) and the severed part sails off in an arc!
KRITISCH 10:03:39 [COMBAT_STRIKE_DETAILS] The goblin pikeman stabs the dwarven child in the upper body with his ({iron pike}), tearing the muscle and tearing apart the right lung through the XX*white stork leather dress*XX!
KRITISCH 10:03:42 [CITIZEN_DEATH] Olon Avuzastel, Dwarven Child has been found dead.
KRITISCH 10:03:45 [STAND_UP] The goblin maceman stands up.
KRITISCH 10:03:54 [COMBAT_STRIKE_DETAILS] The goblin maceman scratches the miner in the left upper arm, tearing the fat and bruising the muscle!
KRITISCH 10:03:54 [COMBAT_PARRY] The goblin maceman strikes at the miner but the shot is effortlessly deflected by the (iron pick)!
KRITISCH 10:03:54 [COMBAT_PARRY] The goblin maceman strikes at the miner but the shot is effortlessly deflected by the (iron pick)!
KRITISCH 10:03:54 [COMBAT_PARRY] The goblin maceman strikes at the miner but the shot is effortlessly deflected by the (iron pick)!
KRITISCH 10:03:54 [COMBAT_STRIKE_DETAILS] The goblin pikeman bites the miner in the left hand, tearing the fat and bruising the muscle through the x(sheep wool left glove)x!
KRITISCH 10:03:54 [COMBAT_EVENT_LATCH_GENERAL] The goblin pikeman latches on firmly!
KRITISCH 10:03:54 [NO_BREAK_GRIP] The miner is unable to break the grip of The goblin pikeman's upper front teeth on The miner's left hand!
KRITISCH 10:03:54 [COMBAT_STRIKE_DETAILS] The goblin pikeman shakes the miner around by the left hand, tearing apart the left hand's muscle and bruising the bone and tearing apart the left wrist's muscle and bruising the bone!
KRITISCH 10:03:54 [COMBAT_PARRY] The goblin maceman strikes at the miner but the shot is effortlessly deflected by the (iron pick)!
KRITISCH 10:03:54 [COMBAT_STRIKE_DETAILS] The goblin pikeman shakes the miner around by the left hand, tearing apart the left hand's muscle and bruising the bone and tearing apart the left wrist's muscle and bruising the bone!
KRITISCH 10:03:54 [COMBAT_PARRY] The goblin pikeman strikes at the miner but the shot is deflected by the (iron pick)!
KRITISCH 10:03:54 [COMBAT_PARRY] The goblin maceman strikes at the miner but the shot is effortlessly deflected by the (iron pick)!
KRITISCH 10:03:54 [COMBAT_PARRY] The goblin maceman strikes at the miner but the shot is effortlessly deflected by the (iron pick)!
KRITISCH 10:03:54 [COMBAT_PARRY] The goblin maceman strikes at the miner but the shot is effortlessly deflected by the (iron pick)!
KRITISCH 10:03:54 [STAND_UP] The goblin pikeman stands up.
KRITISCH 10:03:54 [COMBAT_PARRY] The goblin maceman strikes at the miner but the shot is effortlessly deflected by the (iron pick)!
KRITISCH 10:04:01 [LOSE_HOLD_OF_ITEM] The goblin maceman loses hold of the ({rhinoceros leather right glove}).
KRITISCH 10:04:01 [COMBAT_STRIKE_DETAILS] The miner strikes the goblin maceman in the right upper arm with his (iron pick) and the severed part sails off in an arc!
KRITISCH 10:04:01 [COMBAT_PARRY] The goblin maceman strikes at the miner but the shot is deftly parried by the (iron pick)!
KRITISCH 10:04:01 [LOSE_HOLD_OF_ITEM] The goblin maceman loses hold of the ({rhinoceros leather left glove}).
KRITISCH 10:04:01 [LOSE_HOLD_OF_ITEM] The goblin maceman loses hold of the ({iron morningstar}).
KRITISCH 10:04:01 [COMBAT_STRIKE_DETAILS] The miner strikes the goblin maceman in the left upper arm with his (iron pick) and the severed part sails off in an arc!
KRITISCH 10:04:01 [CONFLICT_CONVERSATION] Amxu Olng├╢sangnosm, Goblin Maceman: I've been wounded.  That's very annoying.
KRITISCH 10:04:01 [DODGE_FLYING_OBJECT] The goblin maceman jumps out of the goblin maceman's flight path!
KRITISCH 10:04:01 [LOSE_HOLD_OF_ITEM] The goblin maceman loses hold of the x({great horned owl leather shoe})x.
KRITISCH 10:04:01 [LOSE_HOLD_OF_ITEM] The goblin maceman loses hold of the x({cave spider silk sock})x.
KRITISCH 10:04:01 [COMBAT_STRIKE_DETAILS] The miner strikes the goblin maceman in the left foot with his (iron pick) and the severed part sails off in an arc!
KRITISCH 10:04:01 [FALL_OVER] The goblin maceman falls over.
KRITISCH 10:04:01 [COMBAT_PARRY] The goblin maceman strikes at the miner but the shot is effortlessly deflected by the (iron pick)!
KRITISCH 10:04:01 [LOSE_HOLD_OF_ITEM] The goblin maceman loses hold of the ({great horned owl leather shoe}).
KRITISCH 10:04:01 [LOSE_HOLD_OF_ITEM] The goblin maceman loses hold of the ({cave spider silk sock}).
KRITISCH 10:04:01 [COMBAT_STRIKE_DETAILS] The miner strikes the goblin maceman in the right lower leg with his (iron pick) and the severed part sails off in an arc!
KRITISCH 10:04:01 [COMBAT_STRIKE_DETAILS] The goblin maceman bashes the miner in the right hand with her ({copper morningstar}), tearing the muscle through the x(sheep wool right glove)x!
KRITISCH 10:04:01 [COMBAT_STRIKE_DETAILS] The miner bites the goblin maceman in the right upper leg, bruising the fat through the ({giant cave spider silk tunic})!
KRITISCH 10:04:01 [COMBAT_STRIKE_DETAILS] The goblin maceman bashes the miner in the lower body with her ({copper flail}), bruising the muscle and bruising the pancreas through the (alpaca wool tunic)!
KRITISCH 10:04:01 [COMBAT_STRIKE_DETAILS] The miner grabs the goblin maceman by the upper front teeth with his left lower arm!
KRITISCH 10:04:01 [COMBAT_STRIKE_DETAILS] The goblin maceman bashes the miner in the left hand with her ({copper morningstar}), fracturing the bone through the X(sheep wool left glove)X!
KRITISCH 10:04:01 [CONFLICT_CONVERSATION] Nako Osnunazstrog Kugatuntust Sp├Ñs, Goblin Maceman: I got caught in a miasma.  So disgusting...
KRITISCH 10:04:01 [COMBAT_STRIKE_DETAILS] The miner kicks the goblin maceman in the head with his right foot, bruising the fat!
KRITISCH 10:04:01 [COMBAT_STRIKE_DETAILS] The goblin maceman bashes the miner in the left upper leg with her ({copper flail}), bruising the fat through the (alpaca wool tunic)!
KRITISCH 10:04:01 [COMBAT_STRIKE_DETAILS] The goblin maceman bashes the miner in the right lower arm with her ({copper morningstar}), tearing the fat!
KRITISCH 10:04:01 [COMBAT_STRIKE_DETAILS] The goblin maceman bashes the miner in the right lower leg with her ({copper flail}), fracturing the bone through the (giant cave swallow leather trousers)!
KRITISCH 10:04:01 [COMBAT_TWIST_WEAPON] The goblin maceman pulls on the embedded ({copper morningstar}).
KRITISCH 10:04:01 [RESOLVE_SHARED_ITEMS] The goblin maceman gains possession of the ({copper morningstar}).
KRITISCH 10:04:01 [COMBAT_STRIKE_DETAILS] The goblin maceman bashes the miner in the head with her ({copper flail}) and the injured part explodes into gore!
KRITISCH 10:04:01 [CONFLICT_CONVERSATION] Nako Osnunazstrog Kugatuntust Sp├Ñs, Goblin Maceman: I've been injured badly.  There is no hope!
KRITISCH 10:04:01 [CITIZEN_DEATH] Nil Zanegetest, Miner has been found dead.
KRITISCH 10:04:04 [CONFLICT_CONVERSATION] Amxu Olng├╢sangnosm, Goblin Maceman: I've been injured badly.  This leaves me so shaken.
KRITISCH 10:04:04 [CONFLICT_CONVERSATION] Nguslu Umuzuksos Snumn├╢osta, Goblin Pikeman: I got caught in a miasma.  How disgusting!
KRITISCH 10:04:04 [STAND_UP] The goblin maceman stands up.
KRITISCH 10:04:10 [COMBAT_PARRY] The goblin swordsman strikes at the mayor but the shot is easily deflected by the Γÿ╝cherry wood crossbowΓÿ╝!
KRITISCH 10:04:10 [COMBAT_STRIKE_DETAILS] The goblin swordsman slaps the mayor in the head with the flat of her ({copper scimitar}) and the injured part is crushed!
KRITISCH 10:04:10 [CITIZEN_DEATH] Solon Cattenzikel, Recruit has been found dead.
KRITISCH 10:04:13 [STAND_UP] The goblin maceman stands up.
KRITISCH 10:04:13 [COMBAT_STRIKE_DETAILS] The goblin swordsman slashes the recruit in the right upper leg with her ({silver long sword}), fracturing the bone through the x(draltha leather tunic)x!
KRITISCH 10:04:13 [CONFLICT_CONVERSATION] ├╗sbu Ostaddang, Goblin Swordsman: Death is all around us.  I'm not uneasy.
KRITISCH 10:04:13 [COMBAT_STRIKE_DETAILS] The goblin swordsman stabs the recruit in the head with her ({silver long sword}) and the severed part sails off in an arc!
KRITISCH 10:04:13 [CONFLICT_CONVERSATION] ├╗sbu Ostaddang, Goblin Swordsman: So easily broken...  This does not scare me.
KRITISCH 10:04:13 [CONFLICT_CONVERSATION] ├╗sbu Ostaddang, Goblin Swordsman: Death is all around us.  I'm not uneasy.
KRITISCH 10:04:13 [CITIZEN_DEATH] Kumil Uthmikmonom, Recruit has been found dead.
KRITISCH 10:04:16 [CONFLICT_CONVERSATION] ├╗sbu Ostaddang, Goblin Swordsman: Death is all around us.  I'm not uneasy.
KRITISCH 10:04:16 [CONFLICT_CONVERSATION] ├╗sbu Ostaddang, Goblin Swordsman: Death...  I'm not uneasy.
KRITISCH 10:04:16 [COMBAT_STRIKE_DETAILS] The goblin swordsman slashes the stray kitten in the lower body with her ({silver long sword}), tearing apart the muscle and tearing apart the spleen!
KRITISCH 10:04:16 [CANCEL_JOB] Inod ├«gamzasit, Carpenter cancels Drink: Interrupted by a goblin swordsman.
KRITISCH 10:04:16 [CANCEL_JOB] Iden Bomrekenol, Dwarven Child cancels Drink: Interrupted by a goblin swordsman.
KRITISCH 10:04:16 [COMBAT_STRIKE_DETAILS] The goblin swordsman stabs the stray kitten in the right rear leg with her ({silver long sword}) and the severed part sails off in an arc!
KRITISCH 10:04:16 [COMBAT_STRIKE_DETAILS] The goblin swordsman stabs the dwarven child in the throat with his ({iron two-handed sword}) and the injured part is cloven asunder!
KRITISCH 10:04:16 [CONFLICT_CONVERSATION] Ozud Amxuud├╢, Goblin Swordsman: Death is all around us.  I'm not uneasy.
KRITISCH 10:04:16 [COMBAT_STRIKE_DETAILS] The goblin swordsman stabs the carpenter in the left upper leg with his ({iron two-handed sword}), tearing the fat through the x(drunian leather tunic)x!
KRITISCH 10:04:16 [COMBAT_TWIST_WEAPON] The goblin swordsman pulls on the embedded ({iron two-handed sword}).
KRITISCH 10:04:16 [RESOLVE_SHARED_ITEMS] The goblin swordsman gains possession of the ({iron two-handed sword}).
KRITISCH 10:04:16 [COMBAT_STRIKE_DETAILS] The goblin swordsman punches the carpenter in the left hand with his left hand, bruising the muscle through the Γëímegacerops leather left gloveΓëí!
KRITISCH 10:04:16 [COMBAT_STRIKE_DETAILS] The goblin swordsman stabs the carpenter in the left upper arm with his ({iron two-handed sword}), tearing apart the muscle!
KRITISCH 10:04:16 [COMBAT_STRIKE_DETAILS] The goblin swordsman stabs the carpenter in the left upper leg with his ({iron two-handed sword}), fracturing the bone through the X(drunian leather tunic)X!
KRITISCH 10:04:16 [COMBAT_TWIST_WEAPON] The goblin swordsman pulls on the embedded ({iron two-handed sword}).
KRITISCH 10:04:16 [RESOLVE_SHARED_ITEMS] The goblin swordsman gains possession of the ({iron two-handed sword}).
KRITISCH 10:04:16 [COMBAT_STRIKE_DETAILS] The goblin swordsman stabs the carpenter in the head with his ({iron two-handed sword}) and the severed part sails off in an arc!
KRITISCH 10:04:16 [COMBAT_STRIKE_DETAILS] The goblin swordsman stabs the dwarven child in the right foot with his ({iron two-handed sword}), tearing apart the muscle through the x(mule leather shoe)x!
KRITISCH 10:04:16 [CITIZEN_DEATH] Inod ├«gamzasit, Carpenter has been found dead.
KRITISCH 10:04:16 [COMBAT_STRIKE_DETAILS] The goblin swordsman slashes the dwarven child in the upper body with his ({iron two-handed sword}), tearing apart the muscle and tearing apart the heart through the X(giant cave toad leather shirt)X!
KRITISCH 10:04:19 [CONFLICT_CONVERSATION] Ozud Amxuud├╢, Goblin Swordsman: So easily broken...  This does not scare me.
KRITISCH 10:04:19 [CITIZEN_DEATH] Iden Bomrekenol, Dwarven Child has been found dead.
KRITISCH 10:04:19 [COMBAT_STRIKE_DETAILS] The goblin swordsman stabs the stray turkey hen in the right lower leg with his ({iron two-handed sword}) and the severed part sails off in an arc!
KRITISCH 10:04:19 [COMBAT_STRIKE_DETAILS] The goblin swordsman stabs the stray turkey hen in the right wing with his ({iron two-handed sword}) and the severed part sails off in an arc!
KRITISCH 10:04:19 [CONFLICT_CONVERSATION] Bosa St├ósostdosmu K├╢kb├½xo Kuklur, Goblin Maceman: I was confined.  I'm so miserable.
KRITISCH 10:04:19 [COMBAT_STRIKE_DETAILS] The goblin swordsman kicks the stray cat in the right front leg with his left foot, bruising the muscle!
KRITISCH 10:04:19 [COMBAT_STRIKE_DETAILS] The goblin swordsman stabs the stray cat in the tail with his ({iron two-handed sword}), tearing apart the fat!
KRITISCH 10:04:19 [COMBAT_STRIKE_DETAILS] The goblin swordsman slashes the stray cat in the right rear paw with his ({iron two-handed sword}), tearing apart the skin!
KRITISCH 10:04:19 [COMBAT_STRIKE_DETAILS] The goblin swordsman slashes the stray cat in the lower body with his ({iron two-handed sword}), tearing apart the muscle and tearing apart the spleen!
KRITISCH 10:04:19 [COMBAT_STRIKE_DETAILS] The goblin swordsman slashes the stray cat in the left rear leg with his ({silver two-handed sword}), tearing apart the fat!
KRITISCH 10:04:19 [COMBAT_STRIKE_DETAILS] The goblin swordsman stabs the stray cat in the lower body with his ({iron two-handed sword}), tearing apart the muscle and tearing apart the left kidney!
KRITISCH 10:04:19 [COMBAT_STRIKE_DETAILS] The goblin swordsman slashes the stray cat in the head with his ({silver two-handed sword}) and the severed part sails off in an arc!
KRITISCH 10:04:22 [COMBAT_JUMP_DODGE_STRIKE] The goblin swordsman attacks the recruit but He jumps away!
KRITISCH 10:04:22 [COMBAT_STRIKE_DETAILS] The goblin swordsman punches the recruit in the head with her left hand, bruising the muscle!
KRITISCH 10:04:32 [COMBAT_PARRY] The goblin swordsman strikes at the mayor but the shot is narrowly deflected by the Γÿ╝sand pear wood crossbowΓÿ╝!
KRITISCH 10:04:32 [CONFLICT_CONVERSATION] ├╗sbu Ostaddang, Goblin Swordsman: I have a part in this.  This might require an answer.
KRITISCH 10:04:32 [STAND_UP] The goblin swordsman stands up.
KRITISCH 10:04:38 [CONFLICT_CONVERSATION] ├╗sbu Ostaddang, Goblin Swordsman: This is my fight too.  This might require an answer.
KRITISCH 10:04:38 [COMBAT_PARRY] The goblin swordsman strikes at the recruit but the shot is narrowly deflected by the Γÿ╝cherry wood crossbowΓÿ╝!
KRITISCH 10:04:38 [CONFLICT_CONVERSATION] Ozud Amxuud├╢, Goblin Swordsman: This is my fight too.  I will have my revenge.
KRITISCH 10:04:38 [COMBAT_PARRY] The goblin swordsman strikes at the recruit but the shot is deflected by the Γÿ╝hazel wood crossbowΓÿ╝!
KRITISCH 10:04:38 [COMBAT_STRIKE_DETAILS] The goblin swordsman slashes the recruit in the neck with his ({iron two-handed sword}) and the severed part sails off in an arc!
KRITISCH 10:04:38 [COMBAT_JUMP_DODGE_STRIKE] The goblin swordsman attacks the miner but He jumps away!
KRITISCH 10:04:38 [COMBAT_STRIKE_DETAILS] The goblin swordsman slashes the mayor in the left hand with her ({silver long sword}) and the severed part sails off in an arc!
KRITISCH 10:04:38 [CITIZEN_DEATH] Kadol Idenshoduk, Recruit has been found dead.
KRITISCH 10:04:38 [CONFLICT_CONVERSATION] Snodub Sobuskutsmob, Goblin Swordsman: The battle rages...  I feel no terror.
KRITISCH 10:04:41 [COMBAT_JUMP_DODGE_STRIKE] The goblin swordsman attacks the miner but He jumps away!
KRITISCH 10:04:41 [COMBAT_STRIKE_DETAILS] The goblin swordsman slashes the mayor in the upper body with her ({silver long sword}), tearing apart the muscle, shattering the left floating ribs and tearing apart the liver through the x(ibex leather shirt)x!
KRITISCH 10:04:41 [COMBAT_JUMP_DODGE_STRIKE] The goblin swordsman attacks the miner but He jumps away!
KRITISCH 10:04:41 [COMBAT_DODGE] The goblin swordsman misses the miner!
KRITISCH 10:04:41 [COMBAT_JUMP_DODGE_STRIKE] The goblin swordsman attacks the mayor but He jumps away!
KRITISCH 10:04:41 [COMBAT_PARRY] The goblin swordsman strikes at the miner but the shot is effortlessly deflected by the (bronze pick)!
KRITISCH 10:04:41 [COMBAT_STRIKE_DETAILS] The goblin swordsman slashes the mayor in the right upper leg with her ({silver long sword}), tearing apart the fat through the x(giant cave spider silk trousers)x!
KRITISCH 10:04:41 [CANCEL_JOB] Reg Dod├│ktilesh, Recruit cancels Sleep: Interrupted by a goblin swordsman.
KRITISCH 10:04:41 [COMBAT_PARRY] The goblin swordsman strikes at the recruit but the shot is deflected by the Γÿ╝persimmon wood crossbowΓÿ╝!
KRITISCH 10:04:41 [COMBAT_TWIST_WEAPON] The goblin swordsman pulls on the embedded ({silver long sword}).
KRITISCH 10:04:41 [RESOLVE_SHARED_ITEMS] The goblin swordsman gains possession of the ({silver long sword}).
KRITISCH 10:04:41 [COMBAT_STRIKE_DETAILS] The goblin swordsman slashes the recruit in the right foot with his ({iron two-handed sword}) and the severed part sails off in an arc!
KRITISCH 10:04:41 [COMBAT_PARRY] The goblin swordsman strikes at the recruit but the shot is deflected by the Γÿ╝persimmon wood crossbowΓÿ╝!
KRITISCH 10:04:41 [COMBAT_JUMP_DODGE_STRIKE] The goblin swordsman attacks the recruit but She jumps away!
KRITISCH 10:04:41 [COMBAT_STRIKE_DETAILS] The goblin maceman bashes the recruit in the right lower arm with her ({iron flail}), fracturing the bone through the (cave spider silk shirt)!
KRITISCH 10:04:41 [COMBAT_STRIKE_DETAILS] The goblin maceman bashes the recruit in the lower body with her ({iron flail}), bruising the muscle and bruising the spleen through the (cave spider silk shirt)!
KRITISCH 10:04:41 [COMBAT_STRIKE_DETAILS] The goblin swordsman stabs the recruit in the right foot with his ({iron two-handed sword}), tearing apart the muscle through the x(alpaca wool shoe)x!
KRITISCH 10:04:41 [COMBAT_STRIKE_DETAILS] The goblin maceman bashes the recruit in the left upper leg with her ({iron flail}), fracturing the bone through the (llama wool trousers)!
KRITISCH 10:04:41 [COMBAT_STRIKE_DETAILS] The goblin maceman bashes the recruit in the head with her ({iron flail}), bruising the muscle and fracturing the skull!
KRITISCH 10:04:41 [COMBAT_STRIKE_DETAILS] The goblin maceman bashes the recruit in the head with her ({iron flail}) and the injured part is crushed!
KRITISCH 10:04:41 [COMBAT_PARRY] The goblin swordsman strikes at the recruit but the shot is deflected by the Γÿ╝persimmon wood crossbowΓÿ╝!
KRITISCH 10:04:41 [COMBAT_PARRY] The goblin swordsman strikes at the miner but the shot is effortlessly deflected by the (bronze pick)!
KRITISCH 10:04:41 [COMBAT_PARRY] The goblin swordsman strikes at the miner but the shot is effortlessly deflected by the (bronze pick)!
KRITISCH 10:04:41 [CITIZEN_DEATH] ├äs Avalavuz, Recruit has been found dead.
KRITISCH 10:04:44 [COMBAT_STRIKE_DETAILS] The goblin maceman bashes the recruit in the right upper leg with her ({iron flail}), fracturing the bone through the (pig tail trousers)!
KRITISCH 10:04:44 [COMBAT_STRIKE_DETAILS] The goblin swordsman stabs the recruit in the right hand with his ({iron two-handed sword}) and the severed part sails off in an arc!
KRITISCH 10:04:44 [COMBAT_STRIKE_DETAILS] The goblin maceman bashes the recruit in the right lower arm with her ({iron flail}) and the injured part explodes into gore!
KRITISCH 10:04:44 [COMBAT_STRIKE_DETAILS] The goblin swordsman stabs the recruit in the left upper leg with his ({iron two-handed sword}), fracturing the bone through the x(pig tail trousers)x!
KRITISCH 10:04:44 [COMBAT_STRIKE_DETAILS] The goblin maceman bashes the recruit in the head with her ({iron flail}), bruising the muscle, fracturing the skull!
KRITISCH 10:04:44 [COMBAT_STRIKE_DETAILS] The goblin swordsman stabs the recruit in the head with his ({iron two-handed sword}) and the severed part sails off in an arc!
KRITISCH 10:04:44 [CITIZEN_DEATH] Reg Dod├│ktilesh, Recruit has been found dead.
KRITISCH 10:04:48 [COMBAT_PARRY] The goblin swordsman strikes at the mayor but the shot is effortlessly deflected by the (bronze pick)!
KRITISCH 10:04:48 [COMBAT_PARRY] The goblin swordsman strikes at the mayor but the shot is effortlessly deflected by the (bronze pick)!
KRITISCH 10:04:48 [CITIZEN_DEATH] Sarvesh Kikrostagsal, Marksdwarf has been found dead.
KRITISCH 10:04:48 [CONFLICT_CONVERSATION] Ozud Amxuud├╢, Goblin Swordsman: I have a part in this.  I will have my revenge.
KRITISCH 10:04:48 [CONFLICT_CONVERSATION] Arstruk Zomum├ó, Goblin Maceman: I cannot just stand by.  This might require an answer.
KRITISCH 10:04:48 [COMBAT_PARRY] The goblin swordsman strikes at the mayor but the shot is effortlessly deflected by the (bronze pick)!
KRITISCH 10:04:48 [STAND_UP] The goblin swordsman stands up.
KRITISCH 10:04:48 [COMBAT_STRIKE_DETAILS] The goblin swordsman slashes the recruit in the right upper arm with his ({iron two-handed sword}), tearing apart the fat through the x(water buffalo leather dress)x!
KRITISCH 10:04:48 [COMBAT_PARRY] The goblin swordsman strikes at the recruit but the shot is narrowly deflected by the Γÿ╝persimmon wood crossbowΓÿ╝!
KRITISCH 10:04:48 [COMBAT_JUMP_DODGE_STRIKE] The goblin swordsman attacks the mayor but He jumps away!
KRITISCH 10:04:48 [CONFLICT_CONVERSATION] Zolak Stangem, Goblin Swordsman: This is my fight too.  This might require an answer.
KRITISCH 10:04:48 [CONFLICT_CONVERSATION] Ozud Amxuud├╢, Goblin Swordsman: I have improved my fighting.  That was satisfying.
KRITISCH 10:04:48 [COMBAT_PARRY] The goblin swordsman strikes at the mayor but the shot is effortlessly deflected by the (bronze pick)!
KRITISCH 10:04:48 [COMBAT_DODGE] The goblin swordsman misses the mayor!
KRITISCH 10:04:48 [COMBAT_PARRY] The goblin swordsman strikes at the mayor but the shot is effortlessly deflected by the (bronze pick)!
KRITISCH 10:04:48 [COMBAT_STRIKE_DETAILS] The goblin swordsman stabs the recruit in the right foot with his ({iron two-handed sword}) and the severed part sails off in an arc!
KRITISCH 10:04:48 [COMBAT_JUMP_DODGE_STRIKE] The goblin swordsman attacks the mayor but He jumps away!
KRITISCH 10:04:48 [COMBAT_PARRY] The goblin swordsman strikes at the mayor but the shot is effortlessly deflected by the (bronze pick)!
KRITISCH 10:04:48 [COMBAT_STRIKE_DETAILS] The goblin maceman bashes the recruit in the right hand with her ({iron flail}), bruising the muscle through the (cave spider silk right glove)!
KRITISCH 10:04:48 [COMBAT_JUMP_DODGE_STRIKE] The goblin swordsman attacks the mayor but He jumps away!
KRITISCH 10:04:48 [COMBAT_PARRY] The goblin maceman strikes at the recruit but the shot is narrowly deflected by the Γÿ╝persimmon wood crossbowΓÿ╝!
KRITISCH 10:04:48 [COMBAT_STRIKE_DETAILS] The goblin swordsman slashes the recruit in the left upper leg with his ({iron two-handed sword}) and the severed part sails off in an arc!
KRITISCH 10:04:48 [COMBAT_JUMP_DODGE_STRIKE] The goblin swordsman attacks the mayor but He jumps away!
KRITISCH 10:04:48 [COMBAT_STRIKE_DETAILS] The goblin maceman bashes the recruit in the right hand with her ({iron flail}) and the injured part explodes into gore!
KRITISCH 10:04:48 [COMBAT_PARRY] The goblin swordsman strikes at the recruit but the shot is narrowly deflected by the Γÿ╝persimmon wood crossbowΓÿ╝!
KRITISCH 10:04:48 [COMBAT_PARRY] The goblin swordsman strikes at the mayor but the shot is effortlessly deflected by the (bronze pick)!
KRITISCH 10:04:48 [COMBAT_STRIKE_DETAILS] The goblin swordsman slashes the recruit in the lower body with his ({iron two-handed sword}), tearing apart the muscle through the XX(water buffalo leather dress)XX and spilling his guts!
KRITISCH 10:04:48 [CONFLICT_CONVERSATION] Ozud Amxuud├╢, Goblin Swordsman: I have improved my sword.  That was satisfying.
KRITISCH 10:04:48 [COMBAT_STRIKE_DETAILS] The goblin maceman bashes the recruit in the upper body with her ({iron flail}), bruising the muscle and bruising the left lung through the XX(water buffalo leather dress)XX!
KRITISCH 10:04:48 [COMBAT_PARRY] The goblin swordsman strikes at the mayor but the shot is effortlessly deflected by the (bronze pick)!
KRITISCH 10:04:48 [COMBAT_PARRY] The goblin swordsman strikes at the recruit but the shot is narrowly deflected by the Γÿ╝persimmon wood crossbowΓÿ╝!
KRITISCH 10:04:48 [COMBAT_STRIKE_DETAILS] The goblin swordsman stabs the recruit in the left hand with her ({copper long sword}) and the severed part sails off in an arc!
KRITISCH 10:04:48 [COMBAT_DODGE] The recruit misses the goblin maceman!
KRITISCH 10:04:48 [COMBAT_STRIKE_DETAILS] The goblin maceman bashes the recruit in the upper body with her ({iron flail}), bruising the muscle, jamming the left true ribs through the left lung and tearing apart the left lung!
KRITISCH 10:04:48 [COMBAT_PARRY] The goblin swordsman strikes at the mayor but the shot is effortlessly deflected by the (bronze pick)!
KRITISCH 10:04:48 [COMBAT_STRIKE_DETAILS] The goblin swordsman punches the recruit in the left upper arm with his left hand, bruising the bone through the XX(water buffalo leather dress)XX!
KRITISCH 10:04:48 [COMBAT_PARRY] The goblin swordsman strikes at the mayor but the shot is effortlessly deflected by the (bronze pick)!
KRITISCH 10:04:48 [COMBAT_PARRY] The goblin swordsman strikes at the mayor but the shot is effortlessly deflected by the (bronze pick)!
KRITISCH 10:04:48 [CITIZEN_DEATH] Id Regmozib, Recruit has been found dead.
KRITISCH 10:04:48 [COMBAT_PARRY] The goblin swordsman strikes at the mayor but the shot is effortlessly deflected by the (bronze pick)!
KRITISCH 10:04:48 [COMBAT_PARRY] The goblin swordsman strikes at the mayor but the shot is effortlessly deflected by the (bronze pick)!
KRITISCH 10:04:51 [COMBAT_PARRY] The goblin swordsman strikes at the mayor but the shot is effortlessly deflected by the (bronze pick)!
KRITISCH 10:04:51 [COMBAT_PARRY] The goblin swordsman strikes at the mayor but the shot is effortlessly deflected by the (bronze pick)!
KRITISCH 10:04:51 [CONFLICT_CONVERSATION] Snodub Sobuskutsmob, Goblin Swordsman: I have improved my sword.  That was satisfying.
KRITISCH 10:04:51 [COMBAT_PARRY] The goblin swordsman strikes at the mayor but the shot is effortlessly deflected by the (bronze pick)!
KRITISCH 10:04:51 [COMBAT_JUMP_DODGE_STRIKE] The goblin swordsman attacks the mayor but He jumps away!
KRITISCH 10:04:51 [CONFLICT_CONVERSATION] Snodub Sobuskutsmob, Goblin Swordsman: I have improved my fighting.  That was satisfying.
KRITISCH 10:04:51 [COMBAT_PARRY] The goblin swordsman strikes at the mayor but the shot is effortlessly deflected by the (bronze pick)!
KRITISCH 10:04:51 [COMBAT_PARRY] The goblin swordsman strikes at the mayor but the shot is effortlessly deflected by the (bronze pick)!
KRITISCH 10:04:51 [COMBAT_PARRY] The goblin swordsman strikes at the mayor but the shot is effortlessly deflected by the (bronze pick)!
KRITISCH 10:04:51 [COMBAT_JUMP_DODGE_STRIKE] The goblin swordsman attacks the mayor but He jumps away!
KRITISCH 10:04:51 [COMBAT_PARRY] The goblin swordsman strikes at the mayor but the shot is effortlessly deflected by the (bronze pick)!
KRITISCH 10:04:51 [COMBAT_PARRY] The goblin swordsman strikes at the mayor but the shot is effortlessly deflected by the (bronze pick)!
KRITISCH 10:04:51 [COMBAT_PARRY] The goblin swordsman strikes at the mayor but the shot is effortlessly deflected by the (bronze pick)!
KRITISCH 10:24:38 [ERA_CHANGE] The world has passed into The Age of the Goblin.
info 10:24:38 [SEASON_SPRING] Spring has arrived!
info 10:25:13 [MARRIAGE] The expedition leader Rakust Zatamnish and the Miner Ed├½m Tom├¬mmeng have married.  Congratulations!
KRITISCH 10:25:23 [PET_DEATH] The Stray Yak Bull (Tame) has been found, starved to death.
KRITISCH 10:39:39 [PET_DEATH] The Stray Two-humped Camel (Tame) has been found, starved to death.
info 10:56:41 [SEASON_SUMMER] It is now summer.
info 11:00:08 [D_MIGRANTS_ARRIVAL] Some migrants have arrived.
info 11:04:49 [LIAISON_ARRIVAL] The outpost liaison Kadol Babinnish from Catten ├┤tthat has arrived.
info 11:04:49 [FIRST_CARAVAN_ARRIVAL] Although it is a grim reminder of the winter hardships to come, the supply caravan from The Channels of Direction is a welcome sight. Their eyes are alight with the anticipation of inspecting the splendid products of your industrious craftsdwarves. [B]Take careful stock of your own stores. What these merchants offer might very well be the difference between a prosperous future and a slow and meaningless death.
info 11:04:49 [MERCHANTS_NEED_DEPOT] The merchants need a trade depot to unload their goods.
info 11:06:01 [MERCHANTS_UNLOADING] Merchants have arrived and are unloading their goods.
info 11:07:37 [MERCHANTS_LEAVING_SOON] The merchants from Catten ├┤tthat will be leaving soon.
info 11:08:00 [MERCHANTS_EMBARKED] The merchants from Catten ├┤tthat have embarked on their journey.
info 11:08:09 [DIPLOMAT_LEFT_UNHAPPY] A diplomat could not complete a meeting and has left unhappy.
info 11:24:33 [D_NO_MIGRANT_ARRIVAL] The fortress attracted no migrants this season.
KRITISCH 11:37:17 [FEATURE_DISCOVERY] You have discovered a magma pool.
info 11:37:17 [GUARD] Alarm-Flag ohne Pause (kein Feind)
info 11:53:14 [CARAVAN_ARRIVAL] A caravan from Catten ├┤tthat has arrived.  Overall trade sentiments are lukewarm.
KRITISCH 11:53:58 [MASTERPIECE_CRAFTED] Tobul Kezatbomrek has created a masterpiece Γÿ╝goblin-cap cageΓÿ╝!
KRITISCH 11:54:20 [MASTERPIECE_CRAFTED] Tobul Kezatbomrek has created a masterpiece Γÿ╝goblin-cap binΓÿ╝!
KRITISCH 12:06:57 [CITIZEN_DEATH] Ed├½m Tom├¬mmeng, Miner has been found dead, dehydrated.
KRITISCH 12:10:15 [AMBUSH_MISCHIEVOUS] A gremlin!  Drive it away!
KRITISCH 12:10:38 [MASTERPIECE_CRAFTED] Tobul Kezatbomrek has created a masterpiece Γÿ╝goblin-cap bucketΓÿ╝!
KRITISCH 12:59:12 [EXHAUSTION] The elk bird collapses and falls to the ground from over-exertion.
KRITISCH 13:01:26 [AMBUSH_MISCHIEVOUS] A gremlin!  Drive it away!
info 13:08:38 [BIRTH_CITIZEN] M├╢rul Shar├▓nul, broker has given birth to a boy.
KRITISCH 13:23:56 [AMBUSH_MISCHIEVOUS] A gremlin!  Drive it away!
KRITISCH 13:24:26 [MASTERPIECE_CRAFTED] Tobul Kezatbomrek has created a masterpiece Γÿ╝goblin-cap barrelΓÿ╝!
KRITISCH 14:01:45 [AMBUSH_MISCHIEVOUS] A gremlin!  Drive it away!
info 14:02:17 [BIRTH_CITIZEN] M├╢rul Shar├▓nul, broker has given birth to a girl.
info 14:08:10 [SOMEBODY_GROWS_UP] Adil Th├«kutcerol has grown to become a Dwarven Child.
KRITISCH 14:17:57 [EXHAUSTION] The recruit collapses and falls to the ground from over-exertion.
KRITISCH 14:18:10 [EXHAUSTION] The militia captain collapses and falls to the ground from over-exertion.
KRITISCH 14:20:23 [COMBAT_STRIKE_DETAILS] The wrestler kicks the drunian in the lower body with his right foot and the injured part collapses into a lump of gore!
KRITISCH 14:21:01 [MASTERPIECE_CRAFTED] Tobul Kezatbomrek has created a masterpiece Γÿ╝goblin-cap bedΓÿ╝!
KRITISCH 14:26:58 [COMBAT_STRIKE_DETAILS] The expedition leader grabs the wrestler by the -goblin-cap bracelet- with his right lower arm!
KRITISCH 14:26:58 [COMBAT_WRESTLE_RELEASE_GRIP] The expedition leader releases the grip of The expedition leader's right lower arm on the wrestler's -goblin-cap bracelet-.
KRITISCH 14:29:26 [EXHAUSTION] The wrestler collapses and falls to the ground from over-exertion.
KRITISCH 14:29:44 [EXHAUSTION] The axedwarf collapses and falls to the ground from over-exertion.
info 14:30:50 [SOMEBODY_GROWS_UP] Kivish Titthalrig├▓th has grown to become a Dwarven Child.
KRITISCH 14:33:27 [AMBUSH_MISCHIEVOUS] A gremlin!  Drive it away!
KRITISCH 14:40:44 [COMBAT_STRIKE_DETAILS] The wrestler grabs the wrestler by the -goblin-cap bracelet- with her left upper arm!
KRITISCH 14:40:44 [BREAK_GRIP] The wrestler releases the grip of The wrestler's left upper arm from The wrestler's -goblin-cap bracelet-.
KRITISCH 14:48:36 [AMBUSH_MISCHIEVOUS] A gremlin!  Drive it away!
KRITISCH 14:58:37 [AMBUSH_MISCHIEVOUS] A gremlin!  Drive it away!
info 15:03:38 [SOMEBODY_GROWS_UP] Lorbam Oth├┤skonos has grown to become a Dwarven Child.
KRITISCH 15:07:58 [BERSERK_CITIZEN] Amphibian Man Spearman has gone berserk!
KRITISCH 15:16:26 [AMBUSH_MISCHIEVOUS] A gremlin!  Drive it away!
info 15:21:01 [D_NO_MIGRANT_ARRIVAL] The fortress attracted no migrants this season.
KRITISCH 15:23:24 [AMBUSH_MISCHIEVOUS] A gremlin!  Drive it away!
info 15:25:32 [NAMED_ARTIFACT] Id Ozkaktun, militia captain has bestowed the name Nol├¬thkib upon a iron battle axe!
KRITISCH 15:33:29 [EXHAUSTION] The militia captain collapses and falls to the ground from over-exertion.
info 15:33:44 [SEASON_SPRING] Spring has arrived!
info 15:37:04 [NAMED_ARTIFACT] ├«ton Tulonsil, Axe Lord has bestowed the name Avanzolak Obotnokzamminkot Arban upon a bronze battle axe!
info 15:41:29 [SEASON_SUMMER] It is now summer.
info 15:57:50 [BIRTH_CITIZEN] M├╢rul Shar├▓nul, broker has given birth to a boy.
KRITISCH 16:03:26 [EXHAUSTION] The Axe Lord collapses and falls to the ground from over-exertion.
KRITISCH 16:04:21 [CITIZEN_DEATH] The Horse has been found dead.
info 16:04:21 [GUARD] Alarm-Flag ohne Pause (kein Feind)
KRITISCH 16:16:56 [EXHAUSTION] The Elite Wrestler collapses and falls to the ground from over-exertion.
KRITISCH 16:18:15 [QUOTA_FILLED] Make rock floodgate (1) has been completed.
info 16:28:05 [SOMEBODY_GROWS_UP] Dumat Sastresmafol has grown to become a Dwarven Child.
info 16:39:37 [D_NO_MIGRANT_ARRIVAL] The fortress attracted no migrants this season.
KRITISCH 16:57:42 [MEGABEAST_ARRIVAL] The Forgotten Beast Irka Nohuslico Ratad has come!  A huge chameleon with lidless eyes. It has two narrow tails and it squirms and fidgets. Its saffron scales are round and set far apart. Beware its hunger for warm blood!
KRITISCH 16:58:03 [COMBAT_STRIKE_DETAILS] The forgotten beast kicks the dwarven child in the left hand with its left front foot, bruising the fat through the (green devourer leather left glove)!
KRITISCH 16:58:03 [COMBAT_JUMP_DODGE_STRIKE] The forgotten beast attacks the dwarven child but He jumps away!
KRITISCH 16:58:03 [STAND_UP] The forgotten beast stands up.
KRITISCH 16:58:03 [COMBAT_STRIKE_DETAILS] The forgotten beast kicks the dwarven child in the right lower leg with its right front foot, bruising the fat!
KRITISCH 16:58:03 [COMBAT_STRIKE_DETAILS] The forgotten beast scratches the dwarven child in the right foot, tearing apart the muscle through the x(alpaca wool shoe)x!
KRITISCH 16:58:03 [COMBAT_STRIKE_DETAILS] The forgotten beast bites the dwarven child in the lower body, tearing apart the muscle and tearing apart the pancreas through the X(sheep wool trousers)X!
KRITISCH 16:58:03 [COMBAT_JUMP_DODGE_STRIKE] The forgotten beast attacks the dwarven child but He scrambles away!
KRITISCH 16:58:03 [COMBAT_STRIKE_DETAILS] The forgotten beast stabs the dwarven child in the right hand, bruising the fat through the (pig tail right glove)!
KRITISCH 16:58:03 [COMBAT_STRIKE_DETAILS] The forgotten beast kicks the dwarven child in the left hand with its right rear foot, bruising the muscle through the (green devourer leather left glove)!
KRITISCH 16:58:03 [COMBAT_STRIKE_DETAILS] The forgotten beast bites the dwarven child in the left hand, tearing apart the muscle through the x(green devourer leather left glove)x!
KRITISCH 16:58:03 [COMBAT_JUMP_DODGE_STRIKE] The forgotten beast attacks the dwarven child but He rolls away!
KRITISCH 16:58:03 [COMBAT_STRIKE_DETAILS] The forgotten beast stabs the dwarven child in the upper body, bruising the muscle and bruising the liver through the x(pig tail tunic)x!
KRITISCH 16:58:03 [COMBAT_STRIKE_DETAILS] The forgotten beast scratches the dwarven child in the left upper arm and the severed part sails off in an arc!
KRITISCH 16:58:03 [COMBAT_STRIKE_DETAILS] The forgotten beast kicks the dwarven child in the upper body with its left front foot, bruising the muscle and bruising the heart through the x(pig tail tunic)x!
KRITISCH 16:58:03 [COMBAT_STRIKE_DETAILS] The forgotten beast kicks the dwarven child in the right lower leg with its right rear foot, bruising the fat through the X(sheep wool trousers)X!
KRITISCH 16:58:03 [COMBAT_STRIKE_DETAILS] The forgotten beast bites the dwarven child in the left upper leg, tearing apart the muscle and bruising the bone through the XX(sheep wool trousers)XX!
KRITISCH 16:58:03 [COMBAT_EVENT_LATCH_GENERAL] The forgotten beast latches on firmly!
KRITISCH 16:58:03 [COMBAT_STRIKE_DETAILS] The forgotten beast shakes the dwarven child around by the left upper leg and the severed part sails off in an arc!
KRITISCH 16:58:03 [COMBAT_GRAB_TEAR] The left upper leg is ripped away and remains in The forgotten beast's grip!
KRITISCH 16:58:03 [COMBAT_LET_ITEM_DROP] The forgotten beast lets the Adil Th├«kutcerol's left upper leg drop away as It attacks.
KRITISCH 16:58:03 [COMBAT_STRIKE_DETAILS] The forgotten beast bites the dwarven child in the lower body, tearing apart the muscle and tearing apart the left kidney through the XX(sheep wool trousers)XX!
KRITISCH 16:58:03 [COMBAT_STRIKE_DETAILS] The forgotten beast shakes the dwarven child around by the lower body, tearing apart the lower body's muscle and spilling his guts!
KRITISCH 16:58:03 [CITIZEN_DEATH] Adil Th├«kutcerol, Dwarven Child has been found dead.
KRITISCH 16:58:06 [COMBAT_STRIKE_DETAILS] The forgotten beast kicks the dwarven child in the lower body with its left rear foot, bruising the muscle and bruising the guts!
KRITISCH 16:58:06 [COMBAT_STRIKE_DETAILS] The forgotten beast scratches the dwarven child in the right lower leg and the severed part sails off in an arc!
KRITISCH 16:58:06 [COMBAT_DODGE] The forgotten beast misses the dwarven child!
KRITISCH 16:58:06 [COMBAT_DODGE] The dwarven child misses the forgotten beast!
KRITISCH 16:58:06 [COMBAT_STRIKE_DETAILS] The forgotten beast scratches the dwarven child in the right upper leg and the severed part sails off in an arc!
KRITISCH 16:58:06 [COMBAT_DODGE] The forgotten beast misses the mason!
KRITISCH 16:58:06 [COMBAT_JUMP_DODGE_STRIKE] The dwarven child attacks the forgotten beast but It jumps away!
KRITISCH 16:58:06 [COMBAT_STRIKE_DETAILS] The forgotten beast stabs the dwarven child in the left lower leg, bruising the muscle!
KRITISCH 16:58:06 [COMBAT_STRIKE_DETAILS] The forgotten beast kicks the dwarven child in the right hand with its right rear foot, bruising the muscle!
KRITISCH 16:58:06 [COMBAT_STRIKE_DETAILS] The forgotten beast scratches the dwarven child in the upper body, tearing apart the muscle and tearing apart the left lung!
KRITISCH 16:58:06 [COMBAT_DODGE] The forgotten beast misses the broker!
KRITISCH 16:58:06 [COMBAT_JUMP_DODGE_STRIKE] The forgotten beast attacks the broker but She jumps away!
KRITISCH 16:58:06 [COMBAT_STRIKE_DETAILS] The forgotten beast scratches the dwarven child in the upper body and the injured part is torn apart!
KRITISCH 16:58:06 [COMBAT_DODGE] The forgotten beast misses the carpenter!
KRITISCH 16:58:06 [COMBAT_JUMP_DODGE_STRIKE] The forgotten beast attacks the carpenter but He jumps away!
KRITISCH 16:58:06 [COMBAT_JUMP_DODGE_STRIKE] The forgotten beast attacks the broker but She scrambles away!
KRITISCH 16:58:06 [COMBAT_START_CHARGE] The forgotten beast charges at the broker!
KRITISCH 16:58:06 [COMBAT_STRIKE_DETAILS] The forgotten beast kicks the broker in the neck with its right front foot and the injured part is smashed into the body, an unrecognizable mass!
KRITISCH 16:58:06 [COMBAT_STRIKE_DETAILS] The forgotten beast kicks the broker in the right foot with its left front foot and the injured part explodes into gore!
KRITISCH 16:58:06 [COMBAT_STRIKE_DETAILS] The forgotten beast kicks the broker in the left hand with its right rear foot and the injured part explodes into gore!
KRITISCH 16:58:06 [COMBAT_STRIKE_DETAILS] The forgotten beast scratches the broker in the second toe, left foot, tearing apart the fat through the x(pig tail shoe)x!
KRITISCH 16:58:06 [CITIZEN_DEATH] Kivish Titthalrig├▓th, Dwarven Child has been found dead.
KRITISCH 16:58:09 [COMBAT_STRIKE_DETAILS] The forgotten beast bites the broker in the upper body, tearing apart the muscle and tearing apart the heart through the x(pig tail tunic)x!
KRITISCH 16:58:09 [COMBAT_STRIKE_DETAILS] The forgotten beast shakes the broker around by the upper body, tearing apart the upper body's muscle!
KRITISCH 16:58:09 [COMBAT_STRIKE_DETAILS] The forgotten beast kicks the broker in the right upper arm with its right front foot and the injured part is smashed into the body, an unrecognizable mass!
KRITISCH 16:58:09 [COMBAT_STRIKE_DETAILS] The forgotten beast scratches the broker in the first finger, right hand and the severed part sails off in an arc!
KRITISCH 16:58:09 [COMBAT_STRIKE_DETAILS] The forgotten beast scratches the bookkeeper in the right upper leg, tearing apart the muscle through the x(alpaca wool dress)x!
KRITISCH 16:58:09 [COMBAT_STRIKE_DETAILS] The forgotten beast kicks the bookkeeper in the left lower arm with its right rear foot, bruising the fat through the x(alpaca wool dress)x!
KRITISCH 16:58:09 [COMBAT_STRIKE_DETAILS] The forgotten beast stabs the bookkeeper in the right upper arm, fracturing the bone through the x(alpaca wool dress)x!
KRITISCH 16:58:09 [CITIZEN_DEATH] M├╢rul Shar├▓nul, Trader has been found dead.
KRITISCH 16:58:12 [COMBAT_STRIKE_DETAILS] The forgotten beast scratches the bookkeeper in the left upper leg and the severed part sails off in an arc!
KRITISCH 16:58:12 [COMBAT_STRIKE_DETAILS] The forgotten beast kicks the carpenter in the right upper leg with its left front foot, bruising the fat through the (alpaca wool tunic)!
KRITISCH 16:58:12 [COMBAT_STRIKE_DETAILS] The forgotten beast scratches the carpenter in the right foot and the severed part sails off in an arc!
KRITISCH 16:58:12 [COMBAT_JUMP_DODGE_STRIKE] The forgotten beast attacks the carpenter but He scrambles away!
KRITISCH 16:58:12 [COMBAT_JUMP_DODGE_STRIKE] The forgotten beast attacks the herbalist but She rolls away!
KRITISCH 16:58:12 [COMBAT_STRIKE_DETAILS] The forgotten beast scratches the carpenter in the lower right back teeth and the severed part sails off in an arc!
KRITISCH 16:58:12 [COMBAT_STRIKE_DETAILS] The forgotten beast stabs the carpenter in the right upper leg, bruising the muscle through the (alpaca wool tunic)!
KRITISCH 16:58:12 [COMBAT_STRIKE_DETAILS] The forgotten beast stabs the carpenter in the first finger, left hand and the injured part collapses!
KRITISCH 16:58:12 [COMBAT_STRIKE_DETAILS] The forgotten beast bites the carpenter in the right hand, tearing apart the muscle through the x(alpaca wool right glove)x!
KRITISCH 16:58:12 [COMBAT_JUMP_DODGE_STRIKE] The bookkeeper attacks the forgotten beast but It jumps away!
KRITISCH 16:58:12 [COMBAT_JUMP_DODGE_STRIKE] The forgotten beast attacks the bookkeeper but She scrambles away!
KRITISCH 16:58:12 [COMBAT_JUMP_DODGE_STRIKE] The forgotten beast attacks the bookkeeper but She rolls away!
KRITISCH 16:58:12 [COMBAT_STRIKE_DETAILS] The forgotten beast kicks the bookkeeper in the lower body with its left rear foot, bruising the fat through the X(alpaca wool dress)X!
KRITISCH 16:58:12 [COMBAT_STRIKE_DETAILS] The forgotten beast kicks the carpenter in the right lower leg with its left front foot, bruising the fat through the (giant cave spider silk trousers)!
KRITISCH 16:58:12 [COMBAT_JUMP_DODGE_STRIKE] The forgotten beast attacks the carpenter but He rolls away!
KRITISCH 16:58:12 [COMBAT_STRIKE_DETAILS] The forgotten beast scratches the carpenter in the right upper arm, tearing apart the fat!
KRITISCH 16:58:12 [COMBAT_STRIKE_DETAILS] The forgotten beast stabs the carpenter in the right lower arm, bruising the skin!
KRITISCH 16:58:12 [COMBAT_STRIKE_DETAILS] The forgotten beast scratches the carpenter in the left upper arm, tearing apart the fat!
KRITISCH 16:58:12 [COMBAT_STRIKE_DETAILS] The forgotten beast kicks the carpenter in the left lower arm with its right rear foot, bruising the fat!
KRITISCH 16:58:12 [COMBAT_STRIKE_DETAILS] The forgotten beast kicks the carpenter in the left foot with its left rear foot, bruising the fat through the (sheep wool shoe)!
KRITISCH 16:58:12 [COMBAT_STRIKE_DETAILS] The forgotten beast scratches the carpenter in the left foot, tearing apart the fat through the x(sheep wool shoe)x!
KRITISCH 16:58:12 [COMBAT_STRIKE_DETAILS] The forgotten beast scratches the carpenter in the left lower arm, tearing apart the fat!
KRITISCH 16:58:12 [COMBAT_STRIKE_DETAILS] The forgotten beast scratches the bookkeeper in the right hand, tearing apart the fat through the x(giant cave spider silk right glove)x!
KRITISCH 16:58:12 [COMBAT_DODGE] The forgotten beast misses the miner!
KRITISCH 16:58:12 [COMBAT_STRIKE_DETAILS] The forgotten beast scratches the miner in the left lower leg, tearing apart the fat through the x(llama wool dress)x!
KRITISCH 16:58:15 [COMBAT_STRIKE_DETAILS] The forgotten beast kicks the miner in the neck with its left front foot, bruising the fat through the x(llama wool dress)x!
KRITISCH 16:58:15 [COMBAT_STRIKE_DETAILS] The forgotten beast bites the miner in the right foot, tearing apart the fat through the x(two-humped camel leather shoe)x!
KRITISCH 16:58:15 [COMBAT_JUMP_DODGE_STRIKE] The forgotten beast attacks the miner but He scrambles away!
KRITISCH 16:58:15 [COMBAT_STRIKE_DETAILS] The forgotten beast kicks the bone carver in the upper body with its right rear foot, bruising the muscle, jamming the right true ribs through the left lung and tearing apart the left lung!
KRITISCH 16:58:15 [COMBAT_STRIKE_DETAILS] The forgotten beast scratches the bone carver in the right foot, tearing apart the fat through the x(giant cave spider silk shoe)x!
KRITISCH 16:58:15 [COMBAT_STRIKE_DETAILS] The forgotten beast kicks the miner in the left upper leg with its left rear foot, bruising the fat through the x(llama wool dress)x!
KRITISCH 16:58:15 [COMBAT_JUMP_DODGE_STRIKE] The forgotten beast attacks the miner but He rolls away!
KRITISCH 16:58:15 [COMBAT_STRIKE_DETAILS] The forgotten beast stabs the bookkeeper in the right upper leg, bruising the skin through the X(alpaca wool dress)X!
KRITISCH 16:58:15 [COMBAT_STRIKE_DETAILS] The forgotten beast scratches the bookkeeper in the left upper arm, tearing apart the muscle through the XX(alpaca wool dress)XX!
KRITISCH 16:58:15 [COMBAT_STRIKE_DETAILS] The forgotten beast kicks the miner in the lower body with its right front foot, bruising the muscle and bruising the guts through the x(llama wool dress)x!
KRITISCH 16:58:15 [COMBAT_STRIKE_DETAILS] The forgotten beast bites the miner in the right foot, tearing apart the fat through the X(two-humped camel leather shoe)X!
KRITISCH 16:58:15 [COMBAT_STRIKE_DETAILS] The forgotten beast scratches the miner in the upper body, tearing apart the muscle and tearing apart the left lung through the X(llama wool dress)X!
KRITISCH 16:58:15 [COMBAT_STRIKE_DETAILS] The forgotten beast kicks the miner in the right lower leg with its right front foot, bruising the muscle through the X(llama wool dress)X!
KRITISCH 16:58:15 [COMBAT_STRIKE_DETAILS] The forgotten beast kicks the miner in the right hand with its left front foot and the injured part collapses into a lump of gore!
KRITISCH 16:58:15 [CITIZEN_DEATH] Obok Konosidor, Miner has been found dead.
KRITISCH 16:58:15 [COMBAT_STRIKE_DETAILS] The forgotten beast scratches the bone carver in the left foot, tearing apart the muscle through the x(giant cave spider silk shoe)x!
KRITISCH 16:58:18 [COMBAT_DODGE] The forgotten beast misses the bone carver!
KRITISCH 16:58:18 [COMBAT_STRIKE_DETAILS] The forgotten beast kicks the bone carver in the left lower arm with its left front foot, bruising the muscle through the x(cave spider silk shirt)x!
KRITISCH 16:58:18 [COMBAT_STRIKE_DETAILS] The forgotten beast stabs the bone carver in the right upper leg, bruising the fat through the (alpaca wool trousers)!
KRITISCH 16:58:18 [COMBAT_STRIKE_DETAILS] The forgotten beast scratches the bone carver in the left hand, tearing apart the fat through the x(llama wool left glove)x!
KRITISCH 16:58:18 [COMBAT_STRIKE_DETAILS] The forgotten beast scratches the bone carver in the right upper arm and the severed part sails off in an arc!
KRITISCH 16:58:18 [COMBAT_STRIKE_DETAILS] The forgotten beast scratches the bone carver in the lower body, tearing apart the muscle and tearing apart the left kidney through the XX(cave spider silk shirt)XX!
KRITISCH 16:58:18 [COMBAT_STRIKE_DETAILS] The bookkeeper bites the forgotten beast in the left tail, denting the scale and bruising the fat!
KRITISCH 16:58:18 [COMBAT_STRIKE_DETAILS] The forgotten beast stabs the bookkeeper in the left lower arm, bruising the fat through the XX(alpaca wool dress)XX!
KRITISCH 16:58:18 [COMBAT_STRIKE_DETAILS] The bookkeeper scratches the forgotten beast in the trunk, tearing the cartilage!
KRITISCH 16:58:18 [COMBAT_STRIKE_DETAILS] The forgotten beast kicks the bookkeeper in the head with its right rear foot and the injured part collapses into a lump of gore!
KRITISCH 16:58:18 [COMBAT_STRIKE_DETAILS] The forgotten beast bites the bone carver in the right lower leg, tearing apart the fat through the X(alpaca wool trousers)X!
KRITISCH 16:58:18 [COMBAT_STRIKE_DETAILS] The forgotten beast bites the carpenter in the right lower arm, tearing apart the fat!
KRITISCH 16:58:18 [COMBAT_STRIKE_DETAILS] The forgotten beast stabs the carpenter in the lower body, bruising the fat through the (alpaca wool tunic)!
KRITISCH 16:58:18 [COMBAT_STRIKE_DETAILS] The forgotten beast scratches the carpenter in the right lower leg, tearing apart the fat through the x(giant cave spider silk trousers)x!
KRITISCH 16:58:18 [COMBAT_STRIKE_DETAILS] The forgotten beast kicks the carpenter in the right upper arm with its right front foot, bruising the fat!
KRITISCH 16:58:19 [COMBAT_STRIKE_DETAILS] The forgotten beast kicks the bone carver in the fourth finger, left hand with its right front foot, tearing apart the skin and bruising the muscle through the x(llama wool left glove)x!
KRITISCH 16:58:19 [COMBAT_STRIKE_DETAILS] The forgotten beast kicks the bone carver in the left upper leg with its left rear foot, bruising the muscle through the X(alpaca wool trousers)X!
KRITISCH 16:58:19 [COMBAT_STRIKE_DETAILS] The forgotten beast kicks the bone carver in the left lower arm with its left rear foot and the injured part collapses!
KRITISCH 16:58:19 [COMBAT_STRIKE_DETAILS] The forgotten beast bites the bone carver in the head and the severed part sails off in an arc!
KRITISCH 16:58:19 [COMBAT_STRIKE_DETAILS] The forgotten beast kicks the carpenter in the right upper arm with its right rear foot, bruising the muscle!
KRITISCH 16:58:19 [COMBAT_STRIKE_DETAILS] The forgotten beast scratches the carpenter in the left lower leg, tearing apart the muscle through the X(giant cave spider silk trousers)X!
KRITISCH 16:58:19 [COMBAT_STRIKE_DETAILS] The forgotten beast kicks the carpenter in the left foot with its right front foot, bruising the fat through the x(sheep wool shoe)x!
KRITISCH 16:58:19 [COMBAT_STRIKE_DETAILS] The forgotten beast kicks the carpenter in the left foot with its right rear foot, bruising the skin through the x(sheep wool shoe)x!
KRITISCH 16:58:19 [CITIZEN_DEATH] Kogan Lemisst├ókud, Bone Carver has been found dead.
KRITISCH 16:58:19 [CITIZEN_DEATH] Kol Shashdonolon, Planter has been found dead.
KRITISCH 16:58:22 [COMBAT_STRIKE_DETAILS] The forgotten beast kicks the carpenter in the head with its right rear foot, bruising the fat!
KRITISCH 16:58:22 [COMBAT_STRIKE_DETAILS] The forgotten beast kicks the carpenter in the right hand with its right front foot, bruising the fat through the x(alpaca wool right glove)x!
KRITISCH 16:58:22 [COMBAT_STRIKE_DETAILS] The forgotten beast stabs the carpenter in the right hand, fracturing the bone through the x(alpaca wool right glove)x!
KRITISCH 16:58:22 [COMBAT_STRIKE_DETAILS] The forgotten beast scratches the carpenter in the lower body, tearing apart the muscle through the x(alpaca wool tunic)x and spilling his guts!
KRITISCH 16:58:22 [COMBAT_STRIKE_DETAILS] The forgotten beast kicks the carpenter in the right upper arm with its right rear foot, bruising the fat!
KRITISCH 16:58:22 [COMBAT_STRIKE_DETAILS] The carpenter bites the forgotten beast in the left rear leg, denting the scale!
KRITISCH 16:58:22 [COMBAT_EVENT_ENRAGED] The forgotten beast has become enraged!
KRITISCH 16:58:22 [COMBAT_WRESTLE_RELEASE_GRIP] The forgotten beast breaks the grip of the carpenter's upper front teeth on The forgotten beast's left rear leg.
KRITISCH 16:58:22 [COMBAT_STRIKE_DETAILS] The carpenter bites the forgotten beast in the left front leg, tearing the scale and bruising the muscle!
KRITISCH 16:58:22 [COMBAT_WRESTLE_RELEASE_GRIP] The forgotten beast breaks the grip of the carpenter's upper front teeth on The forgotten beast's left front leg.
KRITISCH 16:58:22 [COMBAT_STRIKE_DETAILS] The carpenter bites the forgotten beast in the upper body, tearing the scale and bruising the fat!
KRITISCH 16:58:22 [COMBAT_STRIKE_DETAILS] The forgotten beast kicks the carpenter in the left foot with its left front foot, bruising the skin through the x(sheep wool shoe)x!
KRITISCH 16:58:22 [COMBAT_WRESTLE_RELEASE_LATCH] The forgotten beast breaks the grip of The carpenter's upper front teeth on the forgotten beast's upper body.
KRITISCH 16:58:22 [COMBAT_STRIKE_DETAILS] The carpenter scratches the forgotten beast in the right front foot, tearing the scale and bruising the muscle!
KRITISCH 16:58:22 [COMBAT_STRIKE_DETAILS] The forgotten beast stabs the carpenter in the upper body, bruising the fat through the x(alpaca wool tunic)x!
KRITISCH 16:58:22 [COMBAT_STRIKE_DETAILS] The carpenter bites the forgotten beast in the upper body, denting the scale!
KRITISCH 16:58:22 [COMBAT_WRESTLE_RELEASE_GRIP] The forgotten beast breaks the grip of the carpenter's upper front teeth on The forgotten beast's upper body.
KRITISCH 16:58:22 [COMBAT_STRIKE_DETAILS] The forgotten beast kicks the carpenter in the right upper leg with its right front foot, bruising the skin through the x(alpaca wool tunic)x!
KRITISCH 16:58:22 [COMBAT_STRIKE_DETAILS] The carpenter scratches the forgotten beast in the lower body, tearing the scale and bruising the fat!
KRITISCH 16:58:22 [COMBAT_DODGE] The forgotten beast misses the planter!
KRITISCH 16:58:22 [COMBAT_STRIKE_DETAILS] The forgotten beast stabs the planter in the left hand, fracturing the bone through the (giant mole leather left glove)!
KRITISCH 16:58:22 [COMBAT_START_CHARGE] The forgotten beast charges at the planter!
KRITISCH 16:58:22 [COMBAT_JUMP_DODGE_STRIKE] The forgotten beast attacks the planter but She jumps away!
KRITISCH 16:58:22 [CITIZEN_DEATH] Tobul Kezatbomrek, Carpenter has been found dead.
KRITISCH 16:58:25 [COMBAT_STRIKE_DETAILS] The forgotten beast kicks the planter in the right lower leg with its right front foot, bruising the fat through the (giant mole leather dress)!
KRITISCH 16:58:25 [COMBAT_STRIKE_DETAILS] The forgotten beast scratches the planter in the right upper arm, tearing apart the fat through the x(giant mole leather dress)x!
KRITISCH 16:58:25 [COMBAT_STRIKE_DETAILS] The forgotten beast scratches the planter in the left hand, tearing apart the skin through the x(giant mole leather left glove)x!
KRITISCH 16:58:25 [COMBAT_JUMP_DODGE_STRIKE] The forgotten beast attacks the mason but He jumps away!
KRITISCH 16:58:25 [COMBAT_STRIKE_DETAILS] The forgotten beast scratches the planter in the left lower leg and the severed part sails off in an arc!
KRITISCH 16:58:25 [COMBAT_STRIKE_DETAILS] The forgotten beast stabs the planter in the right lower arm, bruising the skin through the X(giant mole leather dress)X!
KRITISCH 16:58:25 [COMBAT_STRIKE_DETAILS] The forgotten beast scratches the planter in the right upper leg, tearing apart the skin through the XX(giant mole leather dress)XX!
KRITISCH 16:58:25 [COMBAT_STRIKE_DETAILS] The forgotten beast kicks the mason in the head with its left rear foot, bruising the fat!
KRITISCH 16:58:25 [COMBAT_STRIKE_DETAILS] The forgotten beast bites the mason in the right foot, tearing apart the fat through the x(giant cave spider silk shoe)x!
KRITISCH 16:58:25 [COMBAT_JUMP_DODGE_STRIKE] The forgotten beast attacks the mason but He scrambles away!
KRITISCH 16:58:25 [COMBAT_START_CHARGE] The forgotten beast charges at the mason!
KRITISCH 16:58:25 [COMBAT_CHARGE_COLLISION] The forgotten beast collides with the mason!
KRITISCH 16:58:25 [COMBAT_STRIKE_DETAILS] The forgotten beast kicks the mason in the right upper arm with its right front foot, bruising the fat through the (giant cave spider silk shirt)!
KRITISCH 16:58:25 [COMBAT_STRIKE_DETAILS] The forgotten beast scratches the mason in the right foot, tearing apart the fat through the X(giant cave spider silk shoe)X!
KRITISCH 16:58:25 [COMBAT_STRIKE_DETAILS] The forgotten beast scratches the mason in the right upper arm, tearing apart the fat through the x(giant cave spider silk shirt)x!
KRITISCH 16:58:28 [COMBAT_STRIKE_DETAILS] The forgotten beast bites the mason in the right hand, tearing apart the fat through the x(cave spider silk right glove)x!
KRITISCH 16:58:31 [LOSE_EMOTION] Irka Nohuslico Ratad, Forgotten Beast is no longer enraged.
KRITISCH 16:58:31 [COMBAT_STRIKE_DETAILS] The forgotten beast scratches the mason in the left upper leg, tearing apart the muscle through the x(sheep wool trousers)x!
KRITISCH 16:58:31 [COMBAT_STRIKE_DETAILS] The forgotten beast scratches the mason in the right upper leg, tearing apart the fat through the X(sheep wool trousers)X!
KRITISCH 16:58:31 [COMBAT_STRIKE_DETAILS] The forgotten beast scratches the mason in the right foot, tearing apart the muscle through the XX(giant cave spider silk shoe)XX!
KRITISCH 16:58:31 [COMBAT_STRIKE_DETAILS] The forgotten beast scratches the mason in the right hand, tearing apart the fat through the X(cave spider silk right glove)X!
KRITISCH 16:58:31 [COMBAT_JUMP_DODGE_STRIKE] The forgotten beast attacks the mason but He rolls away!
KRITISCH 16:58:31 [COMBAT_STRIKE_DETAILS] The forgotten beast stabs the mason in the left upper arm, bruising the fat through the x(giant cave spider silk shirt)x!
KRITISCH 16:58:31 [COMBAT_STRIKE_DETAILS] The forgotten beast bites the mason in the right upper leg, tearing apart the fat through the XX(sheep wool trousers)XX!
KRITISCH 16:58:34 [COMBAT_STRIKE_DETAILS] The forgotten beast scratches the mason in the right lower arm, tearing apart the muscle through the X(giant cave spider silk shirt)X!
KRITISCH 16:58:34 [COMBAT_STRIKE_DETAILS] The forgotten beast kicks the mason in the upper right back teeth with its right front foot and the severed part sails off in an arc!
KRITISCH 16:58:34 [COMBAT_STRIKE_DETAILS] The forgotten beast kicks the mason in the right upper leg with its right rear foot, bruising the fat through the XX(sheep wool trousers)XX!
KRITISCH 16:58:34 [COMBAT_STRIKE_DETAILS] The forgotten beast scratches the mason in the neck and the severed part sails off in an arc!
KRITISCH 16:58:41 [COMBAT_STRIKE_DETAILS] The forgotten beast bites the planter in the lower body, tearing apart the fat through the XX(giant mole leather dress)XX!
KRITISCH 16:58:41 [COMBAT_JUMP_DODGE_STRIKE] The forgotten beast attacks the planter but She scrambles away!
KRITISCH 16:58:41 [COMBAT_JUMP_DODGE_STRIKE] The forgotten beast attacks the planter but She rolls away!
KRITISCH 16:58:41 [COMBAT_STRIKE_DETAILS] The forgotten beast stabs the planter in the lower body, bruising the muscle and bruising the stomach through the XX(giant cave swallow leather trousers)XX!
KRITISCH 16:58:41 [COMBAT_STRIKE_DETAILS] The forgotten beast stabs the planter in the right upper leg, bruising the fat through the XX(giant cave swallow leather trousers)XX!
KRITISCH 16:58:44 [COMBAT_STRIKE_DETAILS] The forgotten beast kicks the planter in the head with its left front foot, bruising the fat!
KRITISCH 16:58:44 [COMBAT_STRIKE_DETAILS] The forgotten beast scratches the planter in the right lower leg, tearing apart the fat through the XX(giant cave swallow leather trousers)XX!
KRITISCH 16:58:44 [COMBAT_STRIKE_DETAILS] The forgotten beast scratches the planter in the left lower arm, tearing apart the skin!
KRITISCH 16:58:44 [COMBAT_STRIKE_DETAILS] The forgotten beast kicks the planter in the upper body with its right rear foot, bruising the muscle and shattering the right floating ribs!
KRITISCH 16:58:44 [COMBAT_STRIKE_DETAILS] The forgotten beast stabs the planter in the upper body, bruising the muscle, shattering the left false ribs, jamming the right false ribs through the right lung and tearing the right lung!
KRITISCH 16:58:44 [COMBAT_STRIKE_DETAILS] The forgotten beast scratches the planter in the left lower arm and the severed part sails off in an arc!
KRITISCH 16:58:44 [COMBAT_STRIKE_DETAILS] The forgotten beast kicks the planter in the throat with its right rear foot and the injured part collapses!
KRITISCH 16:58:54 [COMBAT_JUMP_DODGE_STRIKE] The forgotten beast attacks the herbalist but She jumps away!
KRITISCH 16:58:54 [COMBAT_STRIKE_DETAILS] The dwarven child punches the forgotten beast in the right rear leg with her left hand, bruising the fat!
KRITISCH 16:58:54 [COMBAT_JUMP_DODGE_STRIKE] The forgotten beast attacks the dwarven child but She jumps away!
KRITISCH 16:58:54 [COMBAT_STRIKE_DETAILS] The dwarven child scratches the forgotten beast in the right front leg, tearing the scale and bruising the fat!
KRITISCH 16:58:54 [COMBAT_STRIKE_DETAILS] The manager scratches the forgotten beast in the right rear foot, tearing the scale and bruising the muscle!
KRITISCH 16:58:54 [COMBAT_STRIKE_DETAILS] The dwarven child punches the forgotten beast in the right rear foot with her left hand, bruising the muscle!
KRITISCH 16:58:54 [COMBAT_START_CHARGE] The forgotten beast charges at the manager!
KRITISCH 16:58:54 [COMBAT_CHARGE_COLLISION] The forgotten beast collides with the manager!
KRITISCH 16:58:54 [COMBAT_STRIKE_DETAILS] The forgotten beast kicks the manager in the lower body with its left front foot, bruising the muscle and bruising the stomach through the (cave spider silk dress)!
KRITISCH 16:58:54 [COMBAT_DODGE] The manager misses the forgotten beast!
KRITISCH 16:58:54 [COMBAT_STRIKE_DETAILS] The forgotten beast scratches the manager in the left upper arm, tearing apart the muscle through the x(cave spider silk dress)x!
KRITISCH 16:58:54 [COMBAT_STRIKE_DETAILS] The forgotten beast scratches the manager in the lower body, tearing apart the muscle and tearing apart the left kidney through the X(cave spider silk dress)X!
KRITISCH 16:58:54 [CITIZEN_DEATH] Ustuth Monom├¿rith, Planter has been found dead.
KRITISCH 16:58:57 [COMBAT_JUMP_DODGE_STRIKE] The forgotten beast attacks the manager but She jumps away!
KRITISCH 16:58:57 [COMBAT_JUMP_DODGE_STRIKE] The manager attacks the forgotten beast but It jumps away!
KRITISCH 16:58:57 [COMBAT_STRIKE_DETAILS] The dwarven child bites the forgotten beast in the head, tearing the scale and bruising the fat!
KRITISCH 16:58:57 [COMBAT_WRESTLE_RELEASE_LATCH] The forgotten beast breaks the grip of The dwarven child's upper front teeth on the forgotten beast's head.
KRITISCH 16:58:57 [COMBAT_STRIKE_DETAILS] The dwarven child scratches the forgotten beast in the upper body, denting the scale!
KRITISCH 16:58:57 [COMBAT_STRIKE_DETAILS] The manager scratches the forgotten beast in the head, tearing the scale and bruising the fat!
KRITISCH 16:58:57 [COMBAT_STRIKE_DETAILS] The dwarven child punches the forgotten beast in the left front leg with her right hand, bruising the fat!
KRITISCH 16:58:57 [CITIZEN_DEATH] Tholtig Nishzon, Mason has been found dead.
KRITISCH 16:59:01 [COMBAT_STRIKE_DETAILS] The dwarven child punches the forgotten beast in the upper body with her left hand, bruising the scale!
KRITISCH 16:59:01 [COMBAT_STRIKE_DETAILS] The dwarven child punches the forgotten beast in the left rear leg with her left hand, bruising the fat!
KRITISCH 16:59:01 [COMBAT_STRIKE_DETAILS] The dwarven child kicks the forgotten beast in the second toe, left rear foot with her right foot, tearing the scale and bruising the muscle!
KRITISCH 16:59:01 [COMBAT_STRIKE_DETAILS] The manager punches the forgotten beast in the left front foot with her right hand, bruising the fat!
KRITISCH 16:59:01 [COMBAT_DODGE] The forgotten beast misses the manager!
KRITISCH 16:59:01 [COMBAT_STRIKE_DETAILS] The forgotten beast bites the manager in the right foot, tearing apart the skin through the x(pig tail shoe)x!
KRITISCH 16:59:01 [COMBAT_STRIKE_DETAILS] The manager scratches the forgotten beast in the lower body, tearing the scale and bruising the fat!
KRITISCH 16:59:01 [COMBAT_STRIKE_DETAILS] The dwarven child punches the forgotten beast in the lower body with her left hand, bruising the fat!
KRITISCH 16:59:01 [COMBAT_STRIKE_DETAILS] The manager punches the forgotten beast in the right front foot with her right hand, bruising the fat!
KRITISCH 16:59:01 [COMBAT_STRIKE_DETAILS] The manager punches the forgotten beast in the lower body with her right hand, bruising the fat!
KRITISCH 16:59:01 [COMBAT_STRIKE_DETAILS] The dwarven child punches the forgotten beast in the third toe, right front foot with her left hand, tearing the scale and bruising the muscle!
KRITISCH 16:59:01 [COMBAT_STRIKE_DETAILS] The manager punches the forgotten beast in the left rear leg with her right hand, bruising the fat!
KRITISCH 16:59:01 [COMBAT_STRIKE_DETAILS] The dwarven child kicks the forgotten beast in the right rear foot with her left foot, bruising the fat!
KRITISCH 16:59:01 [COMBAT_STRIKE_DETAILS] The manager punches the forgotten beast in the left front leg with her right hand, bruising the muscle!
KRITISCH 16:59:01 [COMBAT_STRIKE_DETAILS] The forgotten beast scratches the manager in the lower body and the severed part sails off in an arc!
KRITISCH 16:59:01 [COMBAT_STRIKE_DETAILS] The forgotten beast kicks the dwarven child in the left hand with its left rear foot, bruising the fat!
KRITISCH 16:59:01 [COMBAT_STRIKE_DETAILS] The dwarven child punches the forgotten beast in the upper body with her right hand, bruising the fat!
KRITISCH 16:59:01 [CITIZEN_DEATH] Sigun Kerl├«gdumat, Planter has been found dead.
KRITISCH 16:59:04 [COMBAT_STRIKE_DETAILS] The dwarven child kicks the forgotten beast in the right front leg with her right foot, bruising the fat!
KRITISCH 16:59:04 [COMBAT_STRIKE_DETAILS] The forgotten beast kicks the dwarven child in the lower body with its right front foot, bruising the muscle and bruising the guts!
KRITISCH 16:59:04 [COMBAT_STRIKE_DETAILS] The forgotten beast scratches the dwarven child in the lower body, tearing apart the muscle and spilling her guts!
KRITISCH 16:59:04 [COMBAT_START_CHARGE] The forgotten beast charges at the dwarven child!
KRITISCH 16:59:04 [COMBAT_CHARGE_COLLISION] The forgotten beast collides with the dwarven child!
KRITISCH 16:59:04 [COMBAT_STRIKE_DETAILS] The forgotten beast stabs the dwarven child in the right upper leg, fracturing the bone!
KRITISCH 16:59:04 [COMBAT_STRIKE_DETAILS] The forgotten beast kicks the dwarven child in the head with its right front foot and the injured part collapses!
KRITISCH 16:59:10 [COMBAT_STRIKE_DETAILS] The forgotten beast stabs the herbalist in the left hand, bruising the fat through the (pig tail left glove)!
KRITISCH 16:59:10 [COMBAT_STRIKE_DETAILS] The forgotten beast scratches the herbalist in the head and the severed part sails off in an arc!
KRITISCH 16:59:13 [COMBAT_STRIKE_DETAILS] The forgotten beast kicks the dwarven child in the lower right back teeth with its right front foot and the severed part sails off in an arc!
KRITISCH 16:59:13 [COMBAT_STRIKE_DETAILS] The forgotten beast kicks the dwarven child in the mouth with its left front foot, bruising the left cheek's skin!
KRITISCH 16:59:23 [CITIZEN_DEATH] Lorbam Oth├┤skonos, Dwarven Child has been found dead.
KRITISCH 16:59:23 [CANCEL_JOB] Rakust Zatamnish, expedition leader cancels Sleep: Interrupted by a forgotten beast.
KRITISCH 16:59:23 [COMBAT_DODGE] The forgotten beast misses the expedition leader!
KRITISCH 16:59:23 [COMBAT_STRIKE_DETAILS] The expedition leader punches the forgotten beast in the upper body with his right hand, bruising the fat!
KRITISCH 16:59:23 [COMBAT_STRIKE_DETAILS] The expedition leader punches the forgotten beast in the upper body with his left hand, bruising the muscle!
KRITISCH 16:59:23 [COMBAT_START_CHARGE] The forgotten beast charges at the expedition leader!
KRITISCH 16:59:23 [COMBAT_CHARGE_COLLISION] The forgotten beast collides with the expedition leader!
KRITISCH 16:59:23 [COMBAT_STRIKE_DETAILS] The expedition leader punches the forgotten beast in the left front leg with his left hand, bruising the muscle!
KRITISCH 16:59:23 [COMBAT_STRIKE_DETAILS] The expedition leader punches the forgotten beast in the left tail with his left hand, bruising the muscle!
KRITISCH 16:59:23 [COMBAT_STRIKE_DETAILS] The expedition leader punches the forgotten beast in the left rear leg with his right hand, bruising the fat!
KRITISCH 16:59:23 [COMBAT_STRIKE_DETAILS] The expedition leader punches the forgotten beast in the head with his right hand, bruising the muscle!
KRITISCH 16:59:23 [COMBAT_STRIKE_DETAILS] The expedition leader punches the forgotten beast in the right rear foot with his right hand, bruising the muscle!
KRITISCH 16:59:23 [COMBAT_STRIKE_DETAILS] The expedition leader punches the forgotten beast in the lower body with his right hand, bruising the muscle!
KRITISCH 16:59:26 [COMBAT_STRIKE_DETAILS] The expedition leader punches the forgotten beast in the right rear leg with his left hand, bruising the muscle!
KRITISCH 16:59:26 [COMBAT_JUMP_DODGE_STRIKE] The expedition leader attacks the forgotten beast but It jumps away!
KRITISCH 16:59:26 [COMBAT_STRIKE_DETAILS] The expedition leader punches the forgotten beast in the lower body with his left hand, bruising the fat!
KRITISCH 16:59:26 [COMBAT_STRIKE_DETAILS] The expedition leader punches the forgotten beast in the lower body with his right hand, bruising the fat!
KRITISCH 16:59:26 [COMBAT_STRIKE_DETAILS] The expedition leader punches the forgotten beast in the right front foot with his left hand, bruising the muscle!
KRITISCH 16:59:26 [COMBAT_STRIKE_DETAILS] The expedition leader scratches the forgotten beast in the left rear leg, tearing the fat and bruising the muscle!
KRITISCH 16:59:26 [COMBAT_STRIKE_DETAILS] The expedition leader punches the forgotten beast in the head with his left hand, bruising the fat!
KRITISCH 16:59:26 [COMBAT_STRIKE_DETAILS] The expedition leader kicks the forgotten beast in the lower body with his right foot, bruising the muscle and bruising the guts!
KRITISCH 16:59:26 [COMBAT_STRIKE_DETAILS] The expedition leader kicks the forgotten beast in the right front leg with his right foot, bruising the muscle!
KRITISCH 16:59:26 [COMBAT_STRIKE_DETAILS] The expedition leader punches the forgotten beast in the upper body with his left hand, bruising the fat!
KRITISCH 16:59:26 [COMBAT_STRIKE_DETAILS] The expedition leader punches the forgotten beast in the left rear foot with his right hand, bruising the muscle!
KRITISCH 16:59:26 [COMBAT_STRIKE_DETAILS] The expedition leader punches the forgotten beast in the upper body with his right hand, bruising the muscle!
KRITISCH 16:59:26 [COMBAT_STRIKE_DETAILS] The expedition leader punches the forgotten beast in the left tail with his right hand, bruising the muscle!
KRITISCH 16:59:26 [COMBAT_STRIKE_DETAILS] The expedition leader kicks the forgotten beast in the left front leg with his right foot, bruising the muscle!
KRITISCH 16:59:26 [COMBAT_STRIKE_DETAILS] The expedition leader bites the forgotten beast in the head, denting the scale and bruising the fat!
KRITISCH 16:59:26 [COMBAT_STRIKE_DETAILS] The forgotten beast kicks the expedition leader in the upper body with its left front foot, bruising the fat through the (mountain goat leather tunic)!
KRITISCH 16:59:26 [COMBAT_WRESTLE_RELEASE_LATCH] The forgotten beast breaks the grip of The expedition leader's upper front teeth on the forgotten beast's head.
KRITISCH 16:59:29 [COMBAT_STRIKE_DETAILS] The expedition leader punches the forgotten beast in the left rear foot with his left hand, bruising the muscle!
KRITISCH 16:59:29 [COMBAT_STRIKE_DETAILS] The expedition leader kicks the forgotten beast in the right front leg with his right foot, bruising the fat!
KRITISCH 16:59:29 [COMBAT_STRIKE_DETAILS] The expedition leader punches the forgotten beast in the mouth with his left hand, bruising the muscle!
KRITISCH 16:59:29 [COMBAT_STRIKE_DETAILS] The expedition leader punches the forgotten beast in the lower body with his left hand, bruising the muscle!
KRITISCH 16:59:29 [COMBAT_EVENT_WINDED] The forgotten beast is having trouble breathing!
KRITISCH 16:59:29 [COMBAT_STRIKE_DETAILS] The expedition leader punches the forgotten beast in the right front leg with his left hand, bruising the muscle!
KRITISCH 16:59:29 [COMBAT_JUMP_DODGE_STRIKE] The forgotten beast attacks the expedition leader but He jumps away!
KRITISCH 16:59:29 [COMBAT_STRIKE_DETAILS] The expedition leader punches the forgotten beast in the lower body with his right hand, bruising the muscle and bruising the guts!
KRITISCH 16:59:29 [COMBAT_STRIKE_DETAILS] The expedition leader bites the forgotten beast in the upper body, tearing the scale!
KRITISCH 16:59:29 [COMBAT_STRIKE_DETAILS] The expedition leader punches the forgotten beast in the left front foot with his left hand, bruising the muscle!
KRITISCH 16:59:29 [COMBAT_STRIKE_DETAILS] The expedition leader kicks the forgotten beast in the right rear leg with his right foot, bruising the fat!
KRITISCH 16:59:29 [COMBAT_STRIKE_DETAILS] The expedition leader bites the forgotten beast in the left front leg, tearing the scale and bruising the muscle!
KRITISCH 16:59:29 [COMBAT_WRESTLE_RELEASE_LATCH] The forgotten beast breaks the grip of The expedition leader's upper front teeth on the forgotten beast's left front leg.
KRITISCH 16:59:29 [COMBAT_STRIKE_DETAILS] The expedition leader punches the forgotten beast in the lower body with his left hand, bruising the muscle and bruising the guts!
KRITISCH 16:59:29 [COMBAT_STRIKE_DETAILS] The expedition leader punches the forgotten beast in the right rear foot with his left hand, bruising the muscle!
KRITISCH 16:59:32 [COMBAT_STRIKE_DETAILS] The expedition leader punches the forgotten beast in the left rear leg with his right hand, bruising the muscle!
KRITISCH 16:59:32 [COMBAT_STRIKE_DETAILS] The expedition leader punches the forgotten beast in the left front leg with his right hand, bruising the muscle!
KRITISCH 16:59:32 [COMBAT_STRIKE_DETAILS] The expedition leader punches the forgotten beast in the mouth with his right hand, bruising the muscle!
KRITISCH 16:59:32 [COMBAT_STRIKE_DETAILS] The expedition leader punches the forgotten beast in the right rear leg with his right hand, bruising the muscle!
KRITISCH 16:59:32 [COMBAT_STRIKE_DETAILS] The expedition leader scratches the forgotten beast in the head, tearing the fat and bruising the muscle!
KRITISCH 16:59:32 [COMBAT_STRIKE_DETAILS] The expedition leader scratches the forgotten beast in the right front leg, tearing the fat and bruising the muscle!
KRITISCH 16:59:32 [COMBAT_STRIKE_DETAILS] The expedition leader punches the forgotten beast in the right front foot with his right hand, bruising the muscle!
KRITISCH 16:59:32 [CITIZEN_DEATH] Al├Ñth Atheloth├┤s, Herbalist has been found dead.
KRITISCH 16:59:35 [COMBAT_STRIKE_DETAILS] The expedition leader scratches the forgotten beast in the right front foot, tearing the scale and bruising the muscle!
KRITISCH 16:59:35 [COMBAT_STRIKE_DETAILS] The expedition leader punches the forgotten beast in the left rear leg with his left hand, bruising the muscle!
KRITISCH 16:59:35 [COMBAT_STRIKE_DETAILS] The expedition leader bites the forgotten beast in the lower body, tearing the scale and bruising the fat!
KRITISCH 16:59:35 [COMBAT_STRIKE_DETAILS] The forgotten beast scratches the expedition leader in the upper body, tearing the muscle and bruising the liver through the x(mountain goat leather tunic)x!
KRITISCH 16:59:35 [COMBAT_STRIKE_DETAILS] The expedition leader punches the forgotten beast in the left front foot with his right hand, bruising the muscle!
KRITISCH 16:59:35 [COMBAT_STRIKE_DETAILS] The expedition leader bites the forgotten beast in the left rear foot, tearing the fat and bruising the muscle!
KRITISCH 16:59:35 [COMBAT_STRIKE_DETAILS] The forgotten beast kicks the expedition leader in the nose with its left front foot and the injured part collapses!
KRITISCH 16:59:35 [COMBAT_STRIKE_DETAILS] The forgotten beast kicks the expedition leader in the left foot with its right front foot, bruising the fat through the (great horned owl leather shoe)!
KRITISCH 16:59:38 [COMBAT_STRIKE_DETAILS] The forgotten beast kicks the expedition leader in the right upper leg with its right front foot, bruising the fat through the x(mountain goat leather tunic)x!
KRITISCH 16:59:38 [COMBAT_STRIKE_DETAILS] The expedition leader punches the forgotten beast in the left rear foot with his left hand, bruising the fat!
KRITISCH 16:59:38 [COMBAT_STRIKE_DETAILS] The forgotten beast kicks the expedition leader in the right foot with its left rear foot, bruising the fat through the (great horned owl leather shoe)!
KRITISCH 16:59:38 [COMBAT_STRIKE_DETAILS] The forgotten beast kicks the expedition leader in the left lower leg with its left rear foot, bruising the skin through the (giant cave spider silk trousers)!
KRITISCH 16:59:38 [COMBAT_STRIKE_DETAILS] The forgotten beast scratches the expedition leader in the left upper leg, tearing apart the muscle through the X(mountain goat leather tunic)X!
KRITISCH 16:59:38 [COMBAT_STRIKE_DETAILS] The forgotten beast scratches the expedition leader in the head and the severed part sails off in an arc!
KRITISCH 16:59:48 [COMBAT_STRIKE_DETAILS] The Elite Wrestler punches the forgotten beast in the left front foot with his right hand, but the attack glances away!
KRITISCH 16:59:48 [COMBAT_STRIKE_DETAILS] The militia captain hacks the forgotten beast in the left front leg with her Nol├¬thkib, fracturing the bone!
KRITISCH 16:59:48 [COMBAT_STRIKE_DETAILS] The Axe Lord bites the forgotten beast in the right front leg, tearing the muscle!
KRITISCH 16:59:48 [COMBAT_STRIKE_DETAILS] The Elite Wrestler kicks the forgotten beast in the upper body with her right foot, bruising the muscle and bruising the left lung!
KRITISCH 16:59:48 [COMBAT_WRESTLE_RELEASE_GRIP] The forgotten beast breaks the grip of the Axe Lord's upper front teeth on The forgotten beast's right front leg.
KRITISCH 16:59:48 [COMBAT_STRIKE_DETAILS] The Elite Wrestler kicks the forgotten beast in the right front foot with his left foot, bruising the muscle!
KRITISCH 16:59:48 [COMBAT_STRIKE_DETAILS] The militia captain hacks the forgotten beast in the upper body with her Nol├¬thkib, tearing apart the muscle!
KRITISCH 16:59:48 [COMBAT_STRIKE_DETAILS] The Axe Lord hacks the forgotten beast in the left rear leg with his Avanzolak Obotnokzamminkot Arban, fracturing the bone!
KRITISCH 16:59:48 [COMBAT_STRIKE_DETAILS] The Elite Wrestler bites the forgotten beast in the left front foot!
KRITISCH 16:59:48 [COMBAT_STRIKE_DETAILS] The Axe Lord scratches the forgotten beast in the lower body, tearing the muscle!
KRITISCH 16:59:48 [COMBAT_STRIKE_DETAILS] The Elite Wrestler bites the forgotten beast in the left rear leg, tearing the muscle!
KRITISCH 16:59:48 [COMBAT_WRESTLE_RELEASE_LATCH] The forgotten beast breaks the grip of The Elite Wrestler's upper front teeth on the forgotten beast's left front foot.
KRITISCH 16:59:48 [COMBAT_STRIKE_DETAILS] The Elite Wrestler punches the forgotten beast in the lower body with his right hand, bruising the muscle and bruising the guts!
KRITISCH 16:59:48 [COMBAT_WRESTLE_RELEASE_LATCH] The forgotten beast breaks the grip of The Elite Wrestler's upper front teeth on the forgotten beast's left rear leg.
KRITISCH 16:59:48 [COMBAT_STRIKE_DETAILS] The Axe Lord hacks the forgotten beast in the lower body with his Avanzolak Obotnokzamminkot Arban, tearing apart the muscle and fracturing the lower spine's bone!
KRITISCH 16:59:48 [COMBAT_STRIKE_DETAILS] The militia captain hacks the forgotten beast in the left tail with her Nol├¬thkib and the severed part sails off in an arc!
KRITISCH 16:59:48 [COMBAT_STRIKE_DETAILS] The Elite Wrestler punches the forgotten beast in the right rear leg with her left hand, bruising the muscle!
KRITISCH 16:59:48 [COMBAT_STRIKE_DETAILS] The militia captain kicks the forgotten beast in the left rear foot with her left foot, bruising the muscle!
KRITISCH 16:59:48 [COMBAT_STRIKE_DETAILS] The Axe Lord hacks the forgotten beast in the left front leg with his Avanzolak Obotnokzamminkot Arban, fracturing the bone!
KRITISCH 16:59:48 [COMBAT_STRIKE_DETAILS] The Elite Wrestler punches the forgotten beast in the lower body with his left hand, bruising the muscle and bruising the guts!
KRITISCH 16:59:48 [COMBAT_STRIKE_DETAILS] The Elite Wrestler punches the forgotten beast in the right rear leg with her right hand, bruising the muscle!
KRITISCH 16:59:48 [COMBAT_STRIKE_DETAILS] The Axe Lord scratches the forgotten beast in the left front foot!
KRITISCH 16:59:48 [COMBAT_STRIKE_DETAILS] The militia captain hacks the forgotten beast in the upper body with her Nol├¬thkib, tearing the muscle and bruising the heart!
KRITISCH 16:59:48 [COMBAT_STRIKE_DETAILS] The Elite Wrestler punches the forgotten beast in the right front leg with her right hand, bruising the muscle!
KRITISCH 16:59:48 [COMBAT_STRIKE_DETAILS] The Axe Lord hacks the forgotten beast in the upper body with his Avanzolak Obotnokzamminkot Arban, tearing apart the muscle!
KRITISCH 16:59:48 [COMBAT_STRIKE_DETAILS] The Elite Wrestler punches the forgotten beast in the right front foot with her left hand, bruising the muscle!
KRITISCH 16:59:48 [COMBAT_STRIKE_DETAILS] The Elite Wrestler punches the forgotten beast in the second toe, right front foot with his right hand, tearing the scale and bruising the bone!
KRITISCH 16:59:48 [COMBAT_STRIKE_DETAILS] The militia captain scratches the forgotten beast in the right front leg, tearing the muscle!
KRITISCH 16:59:48 [COMBAT_STRIKE_DETAILS] The Axe Lord bites the forgotten beast in the head, tearing the scale and bruising the fat!
KRITISCH 16:59:48 [COMBAT_STRIKE_DETAILS] The Elite Wrestler punches the forgotten beast in the lower body with his right hand, bruising the muscle!
KRITISCH 16:59:48 [COMBAT_STRIKE_DETAILS] The Elite Wrestler bites the forgotten beast in the left front leg!
KRITISCH 16:59:48 [COMBAT_WRESTLE_RELEASE_LATCH] The forgotten beast breaks the grip of The Axe Lord's upper front teeth on the forgotten beast's head.
KRITISCH 16:59:48 [COMBAT_STRIKE_DETAILS] The militia captain punches the forgotten beast in the left front foot with her left hand, but the attack glances away!
KRITISCH 16:59:48 [COMBAT_STRIKE_DETAILS] The Elite Wrestler punches the forgotten beast in the left front leg with his right hand, but the attack glances away!
KRITISCH 16:59:48 [COMBAT_STRIKE_DETAILS] The Axe Lord hacks the forgotten beast in the upper body with his Avanzolak Obotnokzamminkot Arban, tearing apart the muscle and fracturing the right floating ribs!
KRITISCH 16:59:48 [COMBAT_WRESTLE_RELEASE_LATCH] The forgotten beast breaks the grip of The Elite Wrestler's upper front teeth on the forgotten beast's left front leg.
KRITISCH 16:59:48 [COMBAT_STRIKE_DETAILS] The militia captain hacks the forgotten beast in the upper body with her Nol├¬thkib, tearing apart the muscle and fracturing the middle spine's bone!
KRITISCH 16:59:48 [COMBAT_STRIKE_DETAILS] The Elite Wrestler punches the forgotten beast in the left rear foot with his left hand, bruising the muscle!
KRITISCH 16:59:48 [COMBAT_STRIKE_DETAILS] The militia captain hacks the forgotten beast in the head with her Nol├¬thkib, tearing apart the muscle, fracturing the skull!
KRITISCH 16:59:48 [COMBAT_STRIKE_DETAILS] The Elite Wrestler bites the forgotten beast in the right front foot, tearing the fat and bruising the muscle!
KRITISCH 16:59:48 [COMBAT_STRIKE_DETAILS] The militia captain hacks the forgotten beast in the left front foot with her Nol├¬thkib and the severed part sails off in an arc!
KRITISCH 16:59:48 [COMBAT_STRIKE_DETAILS] The Elite Wrestler punches the forgotten beast in the right front leg with his left hand, bruising the muscle!
KRITISCH 16:59:48 [COMBAT_WRESTLE_RELEASE_GRIP] The forgotten beast breaks the grip of the Elite Wrestler's upper front teeth on The forgotten beast's right front foot.
KRITISCH 16:59:48 [COMBAT_STRIKE_DETAILS] The Axe Lord punches the forgotten beast in the lower body with his right hand, bruising the muscle!
KRITISCH 16:59:48 [COMBAT_STRIKE_DETAILS] The Axe Lord hacks the forgotten beast in the head with his Avanzolak Obotnokzamminkot Arban, tearing apart the muscle and fracturing the skull!
KRITISCH 16:59:48 [COMBAT_STRIKE_DETAILS] The Elite Wrestler bites the forgotten beast in the left rear foot, tearing the fat and bruising the muscle!
KRITISCH 16:59:48 [COMBAT_STRIKE_DETAILS] The militia captain slaps the forgotten beast in the right eye with the flat of her Nol├¬thkib and the injured part explodes into gore!
KRITISCH 16:59:48 [COMBAT_WRESTLE_RELEASE_LATCH] The forgotten beast breaks the grip of The Elite Wrestler's upper front teeth on the forgotten beast's left rear foot.
KRITISCH 16:59:48 [COMBAT_STRIKE_DETAILS] The militia captain hacks the forgotten beast in the upper body with her Nol├¬thkib, tearing apart the muscle and fracturing the left false ribs!
KRITISCH 16:59:48 [COMBAT_STRIKE_DETAILS] The Elite Wrestler kicks the forgotten beast in the head with his left foot, bruising the muscle!
KRITISCH 16:59:48 [COMBAT_STRIKE_DETAILS] The Axe Lord hacks the forgotten beast in the right rear foot with his Avanzolak Obotnokzamminkot Arban, fracturing the bone!
KRITISCH 16:59:51 [COMBAT_STRIKE_DETAILS] The Elite Wrestler kicks the forgotten beast in the lower body with her right foot, bruising the muscle!
KRITISCH 16:59:58 [EXHAUSTION] The militia captain collapses and falls to the ground from over-exertion.
KRITISCH 17:00:11 [CITIZEN_DEATH] Rakust Zatamnish, Elite Wrestler has been found dead.
KRITISCH 17:01:31 [CITIZEN_DEATH] Dumat Sastresmafol, Dwarven Child has been found dead.
info 18:16:37 [SEASON_SPRING] Spring has arrived!
info 18:26:53 [SEASON_SUMMER] It is now summer.
KRITISCH 18:33:13 [COMBAT_STRIKE_DETAILS] The Elite Wrestler kicks the drunian in the right front foot with her left foot and the injured part collapses!
KRITISCH 18:35:33 [MEGABEAST_ARRIVAL] The Forgotten Beast Ibel has come!  A huge skink with lidless eyes. It has large mandibles and it squirms and fidgets. Its eyes glow yellow. Its pale blue scales are oval-shaped and set far apart. Beware its fire!
KRITISCH 18:36:36 [COMBAT_JUMP_DODGE_STRIKE] The forgotten beast attacks the amphibian man blowgunner but He jumps away!
KRITISCH 18:36:40 [BREATHE_FIRE] The forgotten beast hurls a ball of fire!
KRITISCH 18:36:40 [BREATHE_FIRE] The forgotten beast breathes fire!
KRITISCH 18:36:40 [COMBAT_STRIKE_DETAILS] The forgotten beast stabs the amphibian man blowgunner in the lower body, tearing apart the muscle and tearing apart the stomach!
KRITISCH 18:36:40 [COMBAT_STRIKE_DETAILS] The forgotten beast kicks the amphibian man blowgunner in the lower body with its left rear foot, bruising the muscle and bruising the guts!
KRITISCH 18:36:40 [COMBAT_STRIKE_DETAILS] The forgotten beast kicks the amphibian man blowgunner in the lower body with its right rear foot, bruising the muscle and bruising the guts!
KRITISCH 18:36:40 [COMBAT_STRIKE_DETAILS] The forgotten beast scratches the amphibian man blowgunner in the right upper arm and the severed part sails off in an arc!
KRITISCH 18:36:40 [COMBAT_STRIKE_DETAILS] The forgotten beast scratches the amphibian man blowgunner in the left upper leg and the severed part sails off in an arc!
KRITISCH 18:36:40 [COMBAT_STRIKE_DETAILS] The forgotten beast scratches the amphibian man blowgunner in the right upper leg and the severed part sails off in an arc!
KRITISCH 18:36:40 [COMBAT_STRIKE_DETAILS] The forgotten beast scratches the amphibian man blowgunner in the left upper arm and the severed part sails off in an arc!
KRITISCH 18:41:25 [COMBAT_STRIKE_DETAILS] The forgotten beast stabs the amphibian woman spearman in the left upper leg, tearing apart the muscle!
KRITISCH 18:41:25 [COMBAT_DODGE] The amphibian woman spearman misses the forgotten beast!
KRITISCH 18:41:25 [COMBAT_STRIKE_DETAILS] The forgotten beast scratches the amphibian woman spearman in the left upper arm, tearing apart the fat!
KRITISCH 18:41:25 [COMBAT_STRIKE_DETAILS] The forgotten beast kicks the amphibian woman spearman in the left hand with its left front foot, bruising the skin!
KRITISCH 18:41:25 [COMBAT_STRIKE_DETAILS] The amphibian woman spearman stabs the forgotten beast in the left front leg with her (+fungiwood spear+), bruising the scale!
KRITISCH 18:41:25 [COMBAT_STRIKE_DETAILS] The forgotten beast kicks the amphibian woman spearman in the left upper leg with its left front foot, bruising the muscle!
KRITISCH 18:41:25 [COMBAT_STRIKE_DETAILS] The forgotten beast kicks the amphibian woman spearman in the left upper leg with its left front foot and the injured part explodes into gore!
KRITISCH 18:41:25 [COMBAT_STRIKE_DETAILS] The forgotten beast scratches the amphibian woman spearman in the lower body, tearing apart the muscle and spilling her guts!
KRITISCH 18:41:25 [COMBAT_STRIKE_DETAILS] The forgotten beast scratches the amphibian woman spearman in the right lower arm, tearing apart the muscle!
KRITISCH 18:41:25 [COMBAT_STRIKE_DETAILS] The forgotten beast scratches the amphibian woman spearman in the lower body, tearing apart the muscle!
KRITISCH 18:41:25 [COMBAT_STRIKE_DETAILS] The forgotten beast scratches the amphibian woman spearman in the lower body and the severed part sails off in an arc!
KRITISCH 18:41:47 [COMBAT_STRIKE_DETAILS] The forgotten beast stabs the amphibian man blowgunner in the left foot, tearing apart the muscle!
KRITISCH 18:41:47 [COMBAT_STRIKE_DETAILS] The forgotten beast scratches the amphibian man blowgunner in the left upper leg, tearing apart the fat!
KRITISCH 18:41:47 [COMBAT_STRIKE_DETAILS] The forgotten beast kicks the amphibian man blowgunner in the left upper leg with its right rear foot, bruising the fat!
KRITISCH 18:41:47 [COMBAT_JUMP_DODGE_STRIKE] The forgotten beast attacks the amphibian man blowgunner but He rolls away!
KRITISCH 18:41:47 [COMBAT_JUMP_DODGE_STRIKE] The forgotten beast attacks the amphibian man blowgunner but He scrambles away!
KRITISCH 18:41:47 [COMBAT_STRIKE_DETAILS] The forgotten beast scratches the amphibian man blowgunner in the left hand, tearing apart the fat!
KRITISCH 18:41:47 [COMBAT_STRIKE_DETAILS] The forgotten beast scratches the amphibian man blowgunner in the right lower arm, tearing apart the fat!
KRITISCH 18:41:47 [COMBAT_STRIKE_DETAILS] The forgotten beast scratches the amphibian man blowgunner in the lower body, tearing apart the muscle and tearing apart the right kidney!
KRITISCH 18:41:48 [COMBAT_STRIKE_DETAILS] The forgotten beast scratches the amphibian man blowgunner in the right upper leg, tearing apart the fat!
KRITISCH 18:41:48 [COMBAT_STRIKE_DETAILS] The forgotten beast stabs the amphibian man blowgunner in the head and the severed part sails off in an arc!
KRITISCH 18:41:51 [COMBAT_STRIKE_DETAILS] The forgotten beast scratches the amphibian woman blowgunner in the left foot and the severed part sails off in an arc!
KRITISCH 18:41:51 [COMBAT_STRIKE_DETAILS] The forgotten beast scratches the amphibian woman blowgunner in the upper body, tearing apart the muscle and tearing apart the liver!
KRITISCH 18:41:54 [COMBAT_STRIKE_DETAILS] The forgotten beast scratches the amphibian woman blowgunner in the right foot and the severed part sails off in an arc!
KRITISCH 18:41:54 [COMBAT_STRIKE_DETAILS] The forgotten beast scratches the amphibian woman blowgunner in the lower body, tearing apart the muscle and tearing apart the right kidney!
KRITISCH 18:41:54 [COMBAT_STRIKE_DETAILS] The forgotten beast kicks the amphibian woman blowgunner in the left lower arm with its left front foot and the injured part collapses into a lump of gore!
KRITISCH 18:41:54 [COMBAT_STRIKE_DETAILS] The forgotten beast kicks the amphibian woman blowgunner in the head with its right rear foot and the injured part explodes into gore!
info 18:43:38 [GHOST_ATTACK] Monom Obokemen, Ghostly Merchant is following Fath Kantekkud, expedition leader!
info 18:43:50 [CITIZEN_DEATH] Monom Obokemen, Ghostly Merchant has been put to rest.
KRITISCH 18:46:16 [CANCEL_JOB] Adil Sazirsezuk, Elite Wrestler cancels Store item in bin: Interrupted by a forgotten beast.
KRITISCH 18:46:16 [CANCEL_JOB] ├«ton Tulonsil, Axe Lord cancels Pickup equipment: Interrupted by a forgotten beast.
KRITISCH 18:46:16 [COMBAT_STRIKE_DETAILS] The Elite Wrestler kicks the forgotten beast in the upper body with her right foot, bruising the muscle!
KRITISCH 18:46:16 [COMBAT_START_CHARGE] The forgotten beast charges at the Elite Wrestler!
KRITISCH 18:46:16 [COMBAT_CHARGE_COLLISION] The forgotten beast collides with the Elite Wrestler!
KRITISCH 18:46:16 [COMBAT_STRIKE_DETAILS] The Elite Wrestler strikes the forgotten beast in the lower body with her iron pick, tearing the muscle!
KRITISCH 18:46:16 [COMBAT_STRIKE_DETAILS] The Elite Wrestler strikes the forgotten beast in the upper body with her iron pick, tearing the fat!
KRITISCH 18:46:16 [COMBAT_STRIKE_DETAILS] The Elite Wrestler strikes the forgotten beast in the right rear leg with her iron pick, fracturing the bone!
KRITISCH 18:46:16 [CANCEL_JOB] Id Ozkaktun, militia captain cancels Store item in bin: Interrupted by a forgotten beast.
KRITISCH 18:46:16 [COMBAT_STRIKE_DETAILS] The Axe Lord scratches the forgotten beast in the head, tearing the fat and bruising the muscle!
KRITISCH 18:46:16 [COMBAT_STRIKE_DETAILS] The Elite Wrestler strikes the forgotten beast in the right mandible with her iron pick, fracturing the bone!
KRITISCH 18:46:19 [COMBAT_STRIKE_DETAILS] The Axe Lord punches the forgotten beast in the left front foot with his right hand, bruising the muscle!
KRITISCH 18:46:19 [COMBAT_WRESTLE_RELEASE_LATCH] The forgotten beast breaks the grip of The Elite Wrestler's upper front teeth on the forgotten beast's lower body.
KRITISCH 18:46:19 [COMBAT_STRIKE_DETAILS] The militia captain punches the forgotten beast in the right rear foot with her right hand, bruising the muscle!
KRITISCH 18:46:19 [COMBAT_STRIKE_DETAILS] The Axe Lord punches the forgotten beast in the lower body with his right hand, bruising the muscle and bruising the guts!
KRITISCH 18:46:19 [COMBAT_STRIKE_DETAILS] The Elite Wrestler strikes the forgotten beast in the upper body with her iron pick, tearing the muscle and tearing the right lung!
KRITISCH 18:46:19 [COMBAT_STRIKE_DETAILS] The Axe Lord kicks the forgotten beast in the upper body with his left foot, bruising the muscle and bruising the heart!
KRITISCH 18:46:19 [COMBAT_STRIKE_DETAILS] The militia captain kicks the forgotten beast in the head with her left foot, bruising the muscle!
KRITISCH 18:46:19 [COMBAT_STRIKE_DETAILS] The Elite Wrestler strikes the forgotten beast in the right rear foot with her iron pick, chipping the bone!
KRITISCH 18:46:19 [COMBAT_STRIKE_DETAILS] The expedition leader strikes the forgotten beast in the head with his (iron pick), tearing the muscle and chipping the skull!
KRITISCH 18:46:19 [COMBAT_STRIKE_DETAILS] The Axe Lord punches the forgotten beast in the upper body with his right hand, bruising the muscle!
KRITISCH 18:46:19 [COMBAT_STRIKE_DETAILS] The militia captain punches the forgotten beast in the neck with her left hand, bruising the muscle!
KRITISCH 18:46:19 [COMBAT_STRIKE_DETAILS] The expedition leader kicks the forgotten beast in the right front foot with his right foot, bruising the muscle!
KRITISCH 18:46:19 [COMBAT_STRIKE_DETAILS] The Axe Lord scratches the forgotten beast in the upper body, tearing the fat and bruising the muscle and bruising the left lung!
KRITISCH 18:46:19 [COMBAT_STRIKE_DETAILS] The Elite Wrestler bites the forgotten beast in the head, tearing the fat and bruising the muscle!
KRITISCH 18:46:19 [COMBAT_STRIKE_DETAILS] The militia captain scratches the forgotten beast in the upper body, tearing the fat and bruising the muscle and bruising the left lung!
KRITISCH 18:46:19 [COMBAT_STRIKE_DETAILS] The Axe Lord punches the forgotten beast in the left rear foot with his left hand, bruising the muscle!
KRITISCH 18:46:19 [COMBAT_WRESTLE_RELEASE_LATCH] The forgotten beast breaks the grip of The Elite Wrestler's upper front teeth on the forgotten beast's head.
KRITISCH 18:46:19 [COMBAT_STRIKE_DETAILS] The Elite Wrestler strikes the forgotten beast in the right rear leg with her iron pick, chipping the bone!
KRITISCH 18:46:19 [COMBAT_STRIKE_DETAILS] The militia captain kicks the forgotten beast in the right rear leg with her right foot, bruising the muscle!
KRITISCH 18:46:19 [COMBAT_STRIKE_DETAILS] The Axe Lord punches the forgotten beast in the left rear leg with his right hand, bruising the muscle!
KRITISCH 18:46:19 [COMBAT_STRIKE_DETAILS] The expedition leader scratches the forgotten beast in the right front foot, tearing the fat and bruising the muscle!
KRITISCH 18:46:19 [COMBAT_EVENT_WINDED] The forgotten beast is having more trouble breathing!
KRITISCH 18:46:19 [COMBAT_STRIKE_DETAILS] The expedition leader strikes the forgotten beast in the lower body with his (iron pick), tearing the muscle!
KRITISCH 18:46:19 [COMBAT_STRIKE_DETAILS] The Axe Lord scratches the forgotten beast in the right rear foot, tearing the fat and bruising the muscle!
KRITISCH 18:46:19 [COMBAT_STRIKE_DETAILS] The Elite Wrestler punches the forgotten beast in the left rear foot with her left hand, bruising the muscle!
KRITISCH 18:46:19 [COMBAT_STRIKE_DETAILS] The expedition leader strikes the forgotten beast in the left rear foot with his (iron pick), fracturing the bone!
KRITISCH 18:46:19 [COMBAT_STRIKE_DETAILS] The Axe Lord scratches the forgotten beast in the right rear leg, tearing the fat and bruising the muscle!
KRITISCH 18:46:19 [COMBAT_STRIKE_DETAILS] The Elite Wrestler strikes the forgotten beast in the right front leg with her iron pick, chipping the bone!
KRITISCH 18:46:19 [COMBAT_STRIKE_DETAILS] The militia captain punches the forgotten beast in the left front leg with her right hand, bruising the muscle!
KRITISCH 18:46:19 [COMBAT_STRIKE_DETAILS] The expedition leader strikes the forgotten beast in the left rear leg with his (iron pick), chipping the bone!
KRITISCH 18:46:19 [COMBAT_STRIKE_DETAILS] The Axe Lord punches the forgotten beast in the left rear leg with his left hand, bruising the muscle!
KRITISCH 18:46:19 [COMBAT_STRIKE_DETAILS] The Elite Wrestler strikes the forgotten beast in the lower body with her iron pick, tearing apart the muscle and spilling its guts!
KRITISCH 18:46:19 [COMBAT_STRIKE_DETAILS] The expedition leader strikes the forgotten beast in the lower body with his (iron pick), tearing apart the muscle!
KRITISCH 18:46:19 [COMBAT_STRIKE_DETAILS] The Elite Wrestler punches the forgotten beast in the head with her right hand, bruising the muscle!
KRITISCH 18:46:19 [COMBAT_STRIKE_DETAILS] The militia captain kicks the forgotten beast in the right front leg with her left foot, bruising the muscle!
KRITISCH 18:46:19 [COMBAT_STRIKE_DETAILS] The Elite Wrestler punches the forgotten beast in the first toe, left front foot with her left hand, tearing the scale and bruising the bone!
KRITISCH 18:46:19 [COMBAT_STRIKE_DETAILS] The Axe Lord punches the forgotten beast in the lower body with his left hand, bruising the muscle!
KRITISCH 18:46:19 [COMBAT_STRIKE_DETAILS] The militia captain punches the forgotten beast in the right front leg with her right hand, bruising the muscle!
KRITISCH 18:46:19 [COMBAT_STRIKE_DETAILS] The expedition leader strikes the forgotten beast in the upper body with his (iron pick), tearing the muscle!
KRITISCH 18:46:19 [COMBAT_STRIKE_DETAILS] The militia captain punches the forgotten beast in the right front foot with her right hand, bruising the muscle!
KRITISCH 18:46:19 [COMBAT_STRIKE_DETAILS] The Elite Wrestler strikes the forgotten beast in the left front foot with her iron pick, chipping the bone!
KRITISCH 18:46:19 [COMBAT_STRIKE_DETAILS] The militia captain punches the forgotten beast in the right rear leg with her right hand, bruising the muscle!
KRITISCH 18:46:19 [COMBAT_STRIKE_DETAILS] The expedition leader strikes the forgotten beast in the upper body with his (iron pick), tearing the muscle and fracturing the right true ribs!
KRITISCH 18:46:19 [COMBAT_STRIKE_DETAILS] The expedition leader strikes the forgotten beast in the upper body with his (iron pick), tearing apart the muscle and tearing the right lung!
KRITISCH 18:46:19 [COMBAT_STRIKE_DETAILS] The Elite Wrestler kicks the forgotten beast in the upper body with her left foot, bruising the muscle!
KRITISCH 18:46:19 [COMBAT_STRIKE_DETAILS] The militia captain punches the forgotten beast in the head with her left hand, bruising the muscle!
KRITISCH 18:46:19 [COMBAT_STRIKE_DETAILS] The expedition leader strikes the forgotten beast in the left front foot with his (iron pick), fracturing the bone!
KRITISCH 18:46:19 [COMBAT_STRIKE_DETAILS] The Axe Lord scratches the forgotten beast in the left front leg, tearing the scale and bruising the muscle!
KRITISCH 18:46:19 [COMBAT_STRIKE_DETAILS] The militia captain punches the forgotten beast in the lower body with her left hand, bruising the muscle!
KRITISCH 18:46:19 [COMBAT_STRIKE_DETAILS] The Axe Lord punches the forgotten beast in the right front leg with his left hand, bruising the muscle!
KRITISCH 18:46:19 [COMBAT_STRIKE_DETAILS] The Elite Wrestler strikes the forgotten beast in the left front leg with her iron pick, chipping the bone!
KRITISCH 18:46:22 [COMBAT_STRIKE_DETAILS] The expedition leader strikes the forgotten beast in the left rear leg with his (iron pick), fracturing the bone!
KRITISCH 18:46:22 [COMBAT_STRIKE_DETAILS] The Elite Wrestler strikes the forgotten beast in the lower body with her iron pick, tearing apart the muscle and tearing the lower spine's nervous tissue!
KRITISCH 18:46:22 [COMBAT_STRIKE_DETAILS] The Axe Lord punches the forgotten beast in the right front foot with his left hand, bruising the muscle!
KRITISCH 18:46:22 [COMBAT_STRIKE_DETAILS] The militia captain kicks the forgotten beast in the left front foot with her left foot, bruising the muscle!
KRITISCH 18:46:22 [COMBAT_STRIKE_DETAILS] The expedition leader strikes the forgotten beast in the second toe, right rear foot with his (iron pick) and the severed part sails off in an arc!
KRITISCH 18:46:22 [COMBAT_STRIKE_DETAILS] The Axe Lord punches the forgotten beast in the head with his left hand, bruising the muscle!
KRITISCH 18:46:22 [COMBAT_STRIKE_DETAILS] The Elite Wrestler strikes the forgotten beast in the left rear foot with her iron pick, fracturing the bone!
KRITISCH 18:46:22 [COMBAT_STRIKE_DETAILS] The militia captain punches the forgotten beast in the right rear leg with her left hand, bruising the muscle!
KRITISCH 18:46:22 [COMBAT_STRIKE_DETAILS] The expedition leader strikes the forgotten beast in the right rear foot with his (iron pick), fracturing the bone!
KRITISCH 18:46:22 [COMBAT_STRIKE_DETAILS] The Axe Lord punches the forgotten beast in the left rear foot with his right hand, but the attack glances away!
KRITISCH 18:46:22 [COMBAT_STRIKE_DETAILS] The expedition leader strikes the forgotten beast in the right rear leg with his (iron pick), fracturing the bone!
KRITISCH 18:46:22 [COMBAT_STRIKE_DETAILS] The Axe Lord punches the forgotten beast in the tail with his left hand, bruising the muscle!
KRITISCH 18:46:22 [COMBAT_STRIKE_DETAILS] The Elite Wrestler strikes the forgotten beast in the upper body with her iron pick, tearing apart the muscle and tearing apart the right lung!
KRITISCH 18:46:22 [COMBAT_STRIKE_DETAILS] The militia captain punches the forgotten beast in the upper body with her right hand, bruising the muscle!
KRITISCH 18:46:22 [COMBAT_STRIKE_DETAILS] The expedition leader strikes the forgotten beast in the upper body with his (iron pick), tearing apart the muscle and fracturing the left false ribs!
KRITISCH 18:46:22 [COMBAT_STRIKE_DETAILS] The Elite Wrestler strikes the forgotten beast in the upper body with her iron pick, tearing apart the muscle and fracturing the left floating ribs!
KRITISCH 18:46:22 [COMBAT_STRIKE_DETAILS] The expedition leader strikes the forgotten beast in the left front leg with his (iron pick), fracturing the bone!
KRITISCH 18:46:22 [COMBAT_STRIKE_DETAILS] The militia captain scratches the forgotten beast in the head, tearing the fat and bruising the muscle!
KRITISCH 18:46:22 [COMBAT_STRIKE_DETAILS] The Elite Wrestler strikes the forgotten beast in the upper body with her iron pick, tearing apart the muscle!
KRITISCH 18:46:22 [COMBAT_STRIKE_DETAILS] The expedition leader strikes the forgotten beast in the left rear foot with his (iron pick) and the injured part is cloven asunder!
KRITISCH 18:46:22 [COMBAT_STRIKE_DETAILS] The Elite Wrestler strikes the forgotten beast in the upper body with her iron pick, tearing apart the muscle and tearing the heart!
KRITISCH 18:46:22 [COMBAT_STRIKE_DETAILS] The militia captain kicks the forgotten beast in the right rear foot with her left foot, bruising the muscle!
KRITISCH 18:46:22 [COMBAT_STRIKE_DETAILS] The expedition leader strikes the forgotten beast in the upper body with his (iron pick), tearing apart the muscle and tearing the heart!
KRITISCH 18:46:22 [COMBAT_STRIKE_DETAILS] The Elite Wrestler strikes the forgotten beast in the lower body with her iron pick, tearing apart the muscle!
KRITISCH 18:46:22 [COMBAT_STRIKE_DETAILS] The Axe Lord bites the forgotten beast in the right rear foot, tearing the muscle!
KRITISCH 18:46:22 [COMBAT_STRIKE_DETAILS] The Elite Wrestler strikes the forgotten beast in the upper body with her iron pick, tearing apart the muscle and tearing the middle spine's nervous tissue!
KRITISCH 18:46:22 [COMBAT_WRESTLE_RELEASE_LATCH] The forgotten beast breaks the grip of The Axe Lord's upper front teeth on the forgotten beast's right rear foot.
KRITISCH 18:46:22 [COMBAT_STRIKE_DETAILS] The militia captain punches the forgotten beast in the left front foot with her left hand, bruising the muscle!
KRITISCH 18:46:22 [COMBAT_STRIKE_DETAILS] The Axe Lord punches the forgotten beast in the right rear leg with his right hand, bruising the scale!
KRITISCH 18:46:22 [COMBAT_STRIKE_DETAILS] The militia captain punches the forgotten beast in the lower body with her right hand, bruising the muscle!
KRITISCH 18:46:22 [COMBAT_STRIKE_DETAILS] The expedition leader strikes the forgotten beast in the upper body with his (iron pick), tearing apart the muscle, fracturing the left false ribs and tearing apart the right lung!
KRITISCH 18:46:22 [COMBAT_STRIKE_DETAILS] The Axe Lord kicks the forgotten beast in the third toe, right front foot with his right foot, tearing the scale and bruising the bone!
KRITISCH 18:46:22 [COMBAT_STRIKE_DETAILS] The Elite Wrestler strikes the forgotten beast in the head with her iron pick, tearing the muscle, chipping the skull and tearing the brain!
info 18:51:03 [COMBAT_STRIKE_DETAILS] The merchant's left lower leg takes the full force of the impact, but it is deflected by the merchant's ({blue peafowl leather trousers})!
info 18:51:03 [UNIT_PROJECTILE_SLAM] The merchant slams into an obstacle!
info 18:51:03 [COMBAT_STRIKE_DETAILS] The merchant's lower body takes the full force of the impact, but it is deflected by the merchant's ({cave spider silk tunic})!
info 18:51:03 [NOT_STUNNED] The merchant is no longer stunned.
KRITISCH 18:56:21 [CITIZEN_DEATH] Fath Kad├┤lat├╢l, Merchant has been found dead, drowned.
info 18:56:21 [GUARD] Alarm-Flag ohne Pause (kein Feind)
info 19:06:55 [LIAISON_ARRIVAL] The outpost liaison Kadol Babinnish from Catten ├┤tthat has arrived.
info 19:06:55 [CARAVAN_ARRIVAL] A caravan from Catten ├┤tthat has arrived.  Overall trade sentiments are terrible.
info 19:07:23 [MERCHANTS_UNLOADING] Merchants have arrived and are unloading their goods.
info 19:08:17 [D_NO_MIGRANT_ARRIVAL] The fortress attracted no migrants this season.
info 19:08:31 [MERCHANTS_LEAVING_SOON] The merchants from Catten ├┤tthat will be leaving soon.
info 19:08:44 [MERCHANTS_EMBARKED] The merchants from Catten ├┤tthat have embarked on their journey.
info 19:10:11 [DIPLOMAT_LEFT_UNHAPPY] A diplomat could not complete a meeting and has left unhappy.
info 19:13:13 [GHOST_ATTACK] Fath Kad├┤lat├╢l, Ghostly Merchant has risen and is haunting the fortress!
info 19:13:33 [SOMEBODY_GROWS_UP] An animal has grown to become a Rutherer.
info 19:14:57 [CITIZEN_DEATH] Fath Kad├┤lat├╢l, Ghostly Merchant has been put to rest.
info 19:22:36 [BIRTH_WILD_ANIMAL] Rutherer has given birth to twins.
KRITISCH 19:29:36 [MEGABEAST_ARRIVAL] The Forgotten Beast Neca has come!  A towering scaly spider. It has large mandibles and it has a bloated body. Its green scales are round and close-set. Beware its poisonous bite!
KRITISCH 19:29:58 [COMBAT_STRIKE_DETAILS] The forgotten beast kicks the amphibian woman blowgunner in the head with its right fourth foot and the injured part explodes into gore!
info 19:30:36 [BIRTH_WILD_ANIMAL] Rutherer has given birth to a girl.
KRITISCH 19:35:45 [MEGABEAST_ARRIVAL] The Forgotten Beast Omosh Tolonedquek has come!  A towering quadruped composed of grime and filth. It has a spiral shell and it appears to be emaciated. Beware its webs!
KRITISCH 19:37:01 [COMBAT_STRIKE_DETAILS] The forgotten beast kicks the forgotten beast in the left second foot with its right front foot and the injured part collapses!
KRITISCH 19:37:01 [COMBAT_JUMP_DODGE_STRIKE] The forgotten beast attacks the forgotten beast but It jumps away!
KRITISCH 19:37:01 [COMBAT_DODGE] The forgotten beast misses the forgotten beast!
KRITISCH 19:37:01 [SHOOT_WEB] The forgotten beast shoots out thick strands of webbing!
KRITISCH 19:37:01 [COMBAT_STRIKE_DETAILS] The forgotten beast stabs the forgotten beast in the left front foot, fracturing it!
KRITISCH 19:37:01 [COMBAT_STRIKE_DETAILS] The forgotten beast kicks the forgotten beast in the right first foot with its left rear foot and the injured part collapses!
KRITISCH 19:37:01 [COMBAT_STRIKE_DETAILS] The forgotten beast kicks the forgotten beast in the right front leg with its right second foot, chipping it!
KRITISCH 19:37:01 [COMBAT_STRIKE_DETAILS] The forgotten beast stabs the forgotten beast in the shell, fracturing it!
KRITISCH 19:37:01 [COMBAT_STRIKE_DETAILS] The forgotten beast kicks the forgotten beast in the right rear foot with its left fourth foot, fracturing it!
KRITISCH 19:37:01 [COMBAT_STRIKE_DETAILS] The forgotten beast kicks the forgotten beast in the right first leg with its left rear foot, fracturing the chitin!
KRITISCH 19:37:01 [COMBAT_STRIKE_DETAILS] The forgotten beast stabs the forgotten beast in the right rear leg, fracturing it!
KRITISCH 19:37:01 [COMBAT_STRIKE_DETAILS] The forgotten beast stabs the forgotten beast in the upper body, chipping it!
KRITISCH 19:37:01 [COMBAT_STRIKE_DETAILS] The forgotten beast kicks the forgotten beast in the right fourth foot with its left rear foot and the injured part explodes into gore!
KRITISCH 19:37:01 [COMBAT_STRIKE_DETAILS] The forgotten beast stabs the forgotten beast in the right front foot, fracturing it!
KRITISCH 19:37:01 [COMBAT_STRIKE_DETAILS] The forgotten beast kicks the forgotten beast in the upper body with its left fourth foot, chipping it!
KRITISCH 19:37:01 [COMBAT_STRIKE_DETAILS] The forgotten beast kicks the forgotten beast in the right rear foot with its left fourth foot and the severed part sails off in an arc!
KRITISCH 19:37:01 [COMBAT_STRIKE_DETAILS] The forgotten beast kicks the forgotten beast in the lower body with its left first foot, chipping it!
KRITISCH 19:37:01 [COMBAT_STRIKE_DETAILS] The forgotten beast kicks the forgotten beast in the left front leg with its right second foot, chipping it!
KRITISCH 19:37:01 [COMBAT_JUMP_DODGE_STRIKE] The forgotten beast attacks the forgotten beast but It scrambles away!
KRITISCH 19:37:01 [COMBAT_STRIKE_DETAILS] The forgotten beast kicks the forgotten beast in the right front foot with its left third foot and the severed part sails off in an arc!
KRITISCH 19:37:01 [COMBAT_STRIKE_DETAILS] The forgotten beast kicks the forgotten beast in the neck with its right second foot, fracturing it!
KRITISCH 19:37:01 [COMBAT_STRIKE_DETAILS] The forgotten beast kicks the forgotten beast in the lower body with its right second foot, fracturing it!
KRITISCH 19:37:01 [COMBAT_STRIKE_DETAILS] The forgotten beast kicks the forgotten beast in the left front foot with its left fourth foot and the severed part sails off in an arc!
KRITISCH 19:37:01 [COMBAT_STRIKE_DETAILS] The forgotten beast stabs the forgotten beast in the lower body, fracturing it!
KRITISCH 19:37:01 [COMBAT_STRIKE_DETAILS] The forgotten beast kicks the forgotten beast in the lower body with its left fourth foot and the injured part collapses!
info 19:39:25 [REACHED_PEAK] Claude: Migranten-Recherche: Karawane haengt am Kartenrand, Heimat-Bericht veraltet (MIGRANTEN-run3.md)
KRITISCH 19:42:18 [COMBAT_STRIKE_DETAILS] The forgotten beast kicks the rutherer in the right rear foot with its right third foot, bruising the muscle!
KRITISCH 19:42:18 [COMBAT_STRIKE_DETAILS] The forgotten beast kicks the rutherer in the right front leg with its left third foot, bruising the muscle!
KRITISCH 19:42:18 [COMBAT_STRIKE_DETAILS] The forgotten beast kicks the rutherer in the left front leg with its left fourth foot, bruising the muscle!
KRITISCH 19:42:18 [COMBAT_STRIKE_DETAILS] The forgotten beast kicks the rutherer in the left rear leg with its right second foot, bruising the muscle!
KRITISCH 19:42:18 [COMBAT_STRIKE_DETAILS] The forgotten beast kicks the rutherer in the head with its left first foot, bruising the muscle and bruising the skull!
KRITISCH 19:42:18 [COMBAT_STRIKE_DETAILS] The forgotten beast kicks the rutherer in the head with its left third foot, bruising the muscle!
KRITISCH 19:42:18 [COMBAT_JUMP_DODGE_STRIKE] The forgotten beast attacks the rutherer but She rolls away!
KRITISCH 19:42:18 [COMBAT_STRIKE_DETAILS] The forgotten beast kicks the rutherer in the right front foot with its right second foot, bruising the muscle!
KRITISCH 19:42:18 [COMBAT_STRIKE_DETAILS] The forgotten beast kicks the rutherer in the left rear foot with its left first foot and the injured part explodes into gore!
KRITISCH 19:42:18 [COMBAT_STRIKE_DETAILS] The forgotten beast kicks the rutherer in the lower body with its left fourth foot, bruising the muscle and bruising the guts!
KRITISCH 19:42:18 [COMBAT_STRIKE_DETAILS] The forgotten beast kicks the rutherer in the right rear foot with its left fourth foot and the injured part explodes into gore!
KRITISCH 19:42:18 [COMBAT_STRIKE_DETAILS] The forgotten beast kicks the rutherer in the left rear foot with its left first foot, shattering the bone!
KRITISCH 19:42:18 [COMBAT_STRIKE_DETAILS] The forgotten beast kicks the rutherer in the head with its left fourth foot, bruising the muscle and bruising the skull!
KRITISCH 19:42:18 [COMBAT_STRIKE_DETAILS] The forgotten beast stabs the rutherer in the upper body, tearing the muscle and bruising the liver!
KRITISCH 19:42:18 [COMBAT_STRIKE_DETAILS] The forgotten beast stabs the rutherer in the right front foot, tearing the muscle!
KRITISCH 19:42:18 [COMBAT_STRIKE_DETAILS] The forgotten beast stabs the rutherer in the head, tearing the muscle!
KRITISCH 19:42:18 [COMBAT_STRIKE_DETAILS] The forgotten beast kicks the rutherer in the left front foot with its left first foot, bruising the bone!
KRITISCH 19:42:18 [COMBAT_STRIKE_DETAILS] The forgotten beast stabs the rutherer in the left front foot, tearing the muscle and denting the bone!
KRITISCH 19:42:18 [COMBAT_STRIKE_DETAILS] The forgotten beast stabs the rutherer in the right front foot, tearing apart the muscle and denting the bone!
KRITISCH 19:42:18 [COMBAT_STRIKE_DETAILS] The forgotten beast stabs the rutherer child in the lower body, tearing the muscle!
KRITISCH 19:42:18 [COMBAT_STRIKE_DETAILS] The forgotten beast kicks the rutherer child in the teeth with its left third foot and the severed part sails off in an arc!
KRITISCH 19:42:18 [COMBAT_STRIKE_DETAILS] The forgotten beast kicks the rutherer child in the right front foot with its right second foot and the injured part explodes into gore!
KRITISCH 19:42:18 [COMBAT_STRIKE_DETAILS] The forgotten beast kicks the rutherer child in the left front leg with its left fourth foot, bruising the bone!
KRITISCH 19:42:18 [COMBAT_STRIKE_DETAILS] The forgotten beast kicks the rutherer child in the upper body with its right second foot, bruising the muscle and bruising the liver!
KRITISCH 19:42:18 [COMBAT_STRIKE_DETAILS] The forgotten beast kicks the rutherer child in the right front leg with its right second foot, bruising the muscle!
KRITISCH 19:42:18 [COMBAT_STRIKE_DETAILS] The forgotten beast kicks the rutherer in the upper body with its right second foot, bruising the muscle and shattering the right floating ribs!
KRITISCH 19:42:18 [COMBAT_STRIKE_DETAILS] The forgotten beast kicks the rutherer in the right front leg with its right third foot, bruising the bone!
KRITISCH 19:42:18 [COMBAT_STRIKE_DETAILS] The forgotten beast kicks the rutherer in the right rear foot with its right third foot, shattering the bone!
KRITISCH 19:42:18 [COMBAT_STRIKE_DETAILS] The forgotten beast kicks the rutherer in the head with its right third foot, bruising the muscle!
KRITISCH 19:42:18 [COMBAT_STRIKE_DETAILS] The forgotten beast kicks the rutherer in the head with its left fourth foot, bruising the muscle!
KRITISCH 19:42:18 [COMBAT_STRIKE_DETAILS] The forgotten beast kicks the rutherer in the lower body with its right third foot, bruising the muscle and tearing the lower spine's nervous tissue!
KRITISCH 19:42:18 [COMBAT_STRIKE_DETAILS] The forgotten beast stabs the rutherer in the right front leg, tearing the muscle!
KRITISCH 19:42:18 [COMBAT_STRIKE_DETAILS] The forgotten beast stabs the rutherer child in the head, tearing the muscle!
KRITISCH 19:42:18 [COMBAT_STRIKE_DETAILS] The forgotten beast stabs the rutherer child in the lower body, tearing the muscle and bruising the spleen!
KRITISCH 19:42:18 [COMBAT_STRIKE_DETAILS] The forgotten beast kicks the rutherer child in the left front foot with its right third foot and the injured part explodes into gore!
KRITISCH 19:42:18 [COMBAT_STRIKE_DETAILS] The forgotten beast stabs the rutherer child in the left rear leg, tearing the fat!
KRITISCH 19:42:20 [COMBAT_STRIKE_DETAILS] The forgotten beast kicks the rutherer child in the head with its left first foot, bruising the muscle!
KRITISCH 19:42:20 [COMBAT_STRIKE_DETAILS] The forgotten beast stabs the rutherer in the tongue and the severed part sails off in an arc!
KRITISCH 19:42:20 [COMBAT_STRIKE_DETAILS] The forgotten beast kicks the rutherer in the right rear leg with its left third foot, bruising the muscle!
KRITISCH 19:42:20 [COMBAT_STRIKE_DETAILS] The forgotten beast kicks the rutherer in the head with its left third foot and the injured part explodes into gore!
KRITISCH 19:42:20 [COMBAT_STRIKE_DETAILS] The forgotten beast kicks the rutherer child in the left rear foot with its right third foot and the injured part explodes into gore!
KRITISCH 19:42:20 [COMBAT_STRIKE_DETAILS] The forgotten beast stabs the rutherer child in the left rear foot, tearing apart the muscle and denting the bone!
KRITISCH 19:42:20 [COMBAT_STRIKE_DETAILS] The forgotten beast kicks the rutherer child in the lower body with its left first foot, bruising the muscle and bruising the guts!
KRITISCH 19:42:20 [COMBAT_STRIKE_DETAILS] The forgotten beast kicks the rutherer child in the left rear leg with its left fourth foot, bruising the muscle!
KRITISCH 19:42:20 [COMBAT_STRIKE_DETAILS] The forgotten beast kicks the rutherer child in the right rear foot with its left fourth foot and the injured part collapses!
KRITISCH 19:42:20 [COMBAT_JUMP_DODGE_STRIKE] The forgotten beast attacks the rutherer child but She scrambles away!
KRITISCH 19:42:20 [COMBAT_STRIKE_DETAILS] The forgotten beast kicks the rutherer child in the left front leg with its right second foot, bruising the bone!
KRITISCH 19:42:20 [COMBAT_STRIKE_DETAILS] The forgotten beast stabs the rutherer child in the right front foot, tearing apart the muscle!
KRITISCH 19:42:20 [COMBAT_STRIKE_DETAILS] The forgotten beast kicks the rutherer child in the right front foot with its left first foot, bruising the muscle!
KRITISCH 19:42:20 [COMBAT_STRIKE_DETAILS] The forgotten beast kicks the rutherer child in the lower body with its left first foot, bruising the muscle and bruising the stomach!
KRITISCH 19:42:20 [COMBAT_STRIKE_DETAILS] The forgotten beast kicks the rutherer child in the left front foot with its right third foot, bruising the muscle!
KRITISCH 19:42:20 [COMBAT_STRIKE_DETAILS] The forgotten beast kicks the rutherer child in the right rear foot with its left third foot, shattering the bone!
KRITISCH 19:42:20 [COMBAT_STRIKE_DETAILS] The forgotten beast stabs the rutherer child in the left front leg, tearing the muscle!
KRITISCH 19:42:20 [COMBAT_STRIKE_DETAILS] The forgotten beast kicks the rutherer child in the head with its left third foot, bruising the muscle, bruising the skull!
KRITISCH 19:42:20 [COMBAT_STRIKE_DETAILS] The forgotten beast kicks the rutherer child in the head with its right third foot, bruising the muscle, bruising the skull!
KRITISCH 19:42:20 [COMBAT_STRIKE_DETAILS] The forgotten beast kicks the rutherer child in the head with its left third foot and the injured part collapses!
KRITISCH 19:42:20 [COMBAT_STRIKE_DETAILS] The forgotten beast stabs the rutherer in the head, tearing the muscle and denting the skull!
KRITISCH 19:42:20 [COMBAT_STRIKE_DETAILS] The forgotten beast kicks the rutherer in the tail with its right third foot, bruising the fat!
KRITISCH 19:42:20 [COMBAT_STRIKE_DETAILS] The forgotten beast kicks the rutherer in the right rear foot with its right third foot and the injured part collapses into a lump of gore!
KRITISCH 19:42:20 [COMBAT_STRIKE_DETAILS] The forgotten beast stabs the rutherer in the lower body, tearing the fat!
KRITISCH 19:42:20 [COMBAT_STRIKE_DETAILS] The forgotten beast kicks the rutherer in the right rear foot with its left third foot, bruising the bone!
KRITISCH 19:42:20 [COMBAT_STRIKE_DETAILS] The forgotten beast kicks the rutherer in the left eye with its left first foot and the injured part collapses into a lump of gore!
KRITISCH 19:42:20 [COMBAT_STRIKE_DETAILS] The forgotten beast kicks the rutherer in the head with its left third foot, bruising the muscle, bruising the skull!
KRITISCH 19:42:23 [COMBAT_STRIKE_DETAILS] The forgotten beast kicks the rutherer in the tongue with its right second foot and the injured part collapses into a lump of gore!
KRITISCH 19:42:23 [COMBAT_STRIKE_DETAILS] The forgotten beast kicks the rutherer in the upper body with its right third foot, bruising the muscle and bruising the left lung!
KRITISCH 19:42:23 [COMBAT_JUMP_DODGE_STRIKE] The forgotten beast attacks the rutherer but He jumps away!
KRITISCH 19:42:23 [COMBAT_STRIKE_DETAILS] The forgotten beast kicks the rutherer in the upper body with its left fourth foot, bruising the muscle and bruising the middle spine's bone!
KRITISCH 19:42:23 [COMBAT_STRIKE_DETAILS] The forgotten beast stabs the rutherer in the lower body, tearing apart the muscle and tearing the stomach!
KRITISCH 19:42:23 [COMBAT_STRIKE_DETAILS] The forgotten beast kicks the rutherer in the upper body with its right second foot, bruising the muscle and bruising the left lung!
KRITISCH 19:42:23 [COMBAT_STRIKE_DETAILS] The forgotten beast kicks the rutherer in the left front foot with its left third foot and the injured part explodes into gore!
KRITISCH 19:42:23 [COMBAT_STRIKE_DETAILS] The forgotten beast stabs the rutherer in the upper body, tearing apart the muscle and denting the middle spine's bone!
KRITISCH 19:42:23 [COMBAT_STRIKE_DETAILS] The forgotten beast kicks the rutherer in the left front leg with its right second foot, bruising the bone!
KRITISCH 19:42:23 [COMBAT_STRIKE_DETAILS] The forgotten beast kicks the rutherer in the lower body with its right third foot and the injured part collapses!
KRITISCH 19:42:23 [COMBAT_JUMP_DODGE_STRIKE] The forgotten beast attacks the rutherer child but He scrambles away!
KRITISCH 19:42:23 [COMBAT_STRIKE_DETAILS] The forgotten beast kicks the rutherer child in the throat with its left first foot, bruising the skin!
KRITISCH 19:42:23 [COMBAT_STRIKE_DETAILS] The forgotten beast stabs the rutherer child in the left front foot, tearing the muscle!
KRITISCH 19:42:23 [COMBAT_STRIKE_DETAILS] The forgotten beast kicks the rutherer child in the left front leg with its left third foot, bruising the fat!
KRITISCH 19:42:23 [COMBAT_STRIKE_DETAILS] The forgotten beast kicks the rutherer child in the lower body with its left fourth foot, bruising the muscle and bruising the stomach!
KRITISCH 19:42:23 [COMBAT_STRIKE_DETAILS] The forgotten beast kicks the rutherer child in the right rear leg with its right second foot, bruising the fat!
KRITISCH 19:42:23 [COMBAT_STRIKE_DETAILS] The forgotten beast stabs the rutherer child in the left rear foot, tearing the fat!
KRITISCH 19:42:23 [COMBAT_STRIKE_DETAILS] The forgotten beast stabs the rutherer child in the right front leg, tearing the muscle and denting the bone!
KRITISCH 19:42:23 [COMBAT_JUMP_DODGE_STRIKE] The forgotten beast attacks the rutherer child but He rolls away!
KRITISCH 19:42:23 [COMBAT_STRIKE_DETAILS] The forgotten beast stabs the rutherer child in the upper body, tearing the muscle and bruising the right lung!
KRITISCH 19:42:23 [COMBAT_STRIKE_DETAILS] The forgotten beast kicks the rutherer child in the right rear foot with its left third foot, bruising the bone!
KRITISCH 19:42:23 [COMBAT_STRIKE_DETAILS] The forgotten beast kicks the rutherer child in the lower body with its left fourth foot, bruising the fat!
KRITISCH 19:42:23 [COMBAT_STRIKE_DETAILS] The forgotten beast stabs the rutherer child in the tail, tearing apart the muscle!
KRITISCH 19:42:23 [COMBAT_STRIKE_DETAILS] The forgotten beast stabs the rutherer child in the right ear and the severed part sails off in an arc!
KRITISCH 19:42:23 [COMBAT_STRIKE_DETAILS] The forgotten beast kicks the rutherer child in the lower body with its right second foot, bruising the muscle and bruising the guts!
KRITISCH 19:42:23 [COMBAT_STRIKE_DETAILS] The forgotten beast kicks the rutherer child in the lower body with its left third foot, bruising the muscle and bruising the spleen!
KRITISCH 19:42:23 [COMBAT_STRIKE_DETAILS] The forgotten beast kicks the rutherer child in the left ear with its right second foot and the injured part collapses into a lump of gore!
KRITISCH 19:42:23 [COMBAT_STRIKE_DETAILS] The forgotten beast kicks the rutherer child in the lower body with its right second foot, bruising the muscle and bruising the stomach!
KRITISCH 19:42:23 [COMBAT_STRIKE_DETAILS] The forgotten beast kicks the rutherer child in the right front foot with its left third foot, bruising the muscle!
KRITISCH 19:42:23 [COMBAT_STRIKE_DETAILS] The forgotten beast kicks the rutherer child in the right front foot with its right third foot, bruising the bone!
KRITISCH 19:42:23 [COMBAT_STRIKE_DETAILS] The forgotten beast kicks the rutherer child in the lower body with its left fourth foot, bruising the muscle and bruising the spleen!
KRITISCH 19:42:23 [COMBAT_STRIKE_DETAILS] The forgotten beast kicks the rutherer child in the tail with its left third foot, bruising the fat!
KRITISCH 19:42:23 [COMBAT_STRIKE_DETAILS] The forgotten beast kicks the rutherer child in the tail with its right third foot and the injured part collapses!
KRITISCH 19:42:23 [COMBAT_STRIKE_DETAILS] The forgotten beast stabs the rutherer child in the left rear leg, tearing the muscle!
KRITISCH 19:42:23 [COMBAT_STRIKE_DETAILS] The forgotten beast kicks the rutherer child in the right rear foot with its left third foot, bruising the muscle!
KRITISCH 19:42:23 [COMBAT_STRIKE_DETAILS] The forgotten beast kicks the rutherer child in the right front foot with its left third foot and the injured part explodes into gore!
KRITISCH 19:42:23 [COMBAT_STRIKE_DETAILS] The forgotten beast kicks the rutherer child in the left front leg with its right second foot, bruising the muscle!
KRITISCH 19:42:23 [COMBAT_STRIKE_DETAILS] The forgotten beast kicks the rutherer child in the tail with its right third foot, bruising the bone!
KRITISCH 19:42:23 [COMBAT_STRIKE_DETAILS] The forgotten beast stabs the rutherer child in the left ear and the severed part sails off in an arc!
KRITISCH 19:42:23 [COMBAT_STRIKE_DETAILS] The forgotten beast stabs the rutherer child in the right rear leg, tearing the muscle and denting the bone!
KRITISCH 19:42:23 [COMBAT_STRIKE_DETAILS] The forgotten beast stabs the rutherer child in the left front foot, tearing apart the muscle and denting the bone!
KRITISCH 19:42:23 [COMBAT_STRIKE_DETAILS] The forgotten beast stabs the rutherer child in the head, tearing apart the muscle, denting the skull!
KRITISCH 19:42:23 [COMBAT_STRIKE_DETAILS] The forgotten beast kicks the rutherer child in the head with its right second foot, bruising the muscle!
KRITISCH 19:42:23 [COMBAT_STRIKE_DETAILS] The forgotten beast stabs the rutherer child in the head, tearing apart the muscle!
KRITISCH 19:42:23 [COMBAT_STRIKE_DETAILS] The forgotten beast stabs the rutherer child in the head, tearing apart the muscle and denting the skull!
KRITISCH 19:42:23 [COMBAT_STRIKE_DETAILS] The forgotten beast kicks the rutherer child in the head with its left third foot, bruising the muscle and bruising the skull!
KRITISCH 19:42:23 [COMBAT_STRIKE_DETAILS] The forgotten beast stabs the rutherer child in the head and the injured part is ripped into loose shreds!
KRITISCH 19:42:25 [COMBAT_STRIKE_DETAILS] The forgotten beast kicks the rutherer in the right rear foot with its left third foot and the injured part collapses!
KRITISCH 19:42:25 [COMBAT_STRIKE_DETAILS] The forgotten beast stabs the rutherer in the left front leg, tearing the muscle!
KRITISCH 19:42:25 [COMBAT_STRIKE_DETAILS] The forgotten beast kicks the rutherer in the left rear foot with its right second foot, bruising the fat!
KRITISCH 19:42:25 [COMBAT_STRIKE_DETAILS] The forgotten beast kicks the rutherer in the right rear leg with its left fourth foot, bruising the muscle!
KRITISCH 19:42:25 [COMBAT_STRIKE_DETAILS] The forgotten beast stabs the rutherer in the left rear foot, tearing the fat!
KRITISCH 19:42:25 [COMBAT_STRIKE_DETAILS] The forgotten beast kicks the rutherer in the left front leg with its right third foot, but the attack glances away!
KRITISCH 19:42:25 [COMBAT_STRIKE_DETAILS] The forgotten beast kicks the rutherer in the lower body with its right third foot, bruising the muscle and bruising the guts!
KRITISCH 19:42:25 [COMBAT_STRIKE_DETAILS] The forgotten beast stabs the rutherer in the left ear and the severed part sails off in an arc!
KRITISCH 19:42:25 [COMBAT_STRIKE_DETAILS] The forgotten beast kicks the rutherer in the right rear leg with its right third foot, bruising the muscle!
KRITISCH 19:42:25 [COMBAT_STRIKE_DETAILS] The forgotten beast kicks the rutherer in the upper body with its left third foot, bruising the muscle and tearing apart the middle spine's nervous tissue!
KRITISCH 19:42:25 [COMBAT_STRIKE_DETAILS] The forgotten beast kicks the rutherer in the upper body with its left fourth foot and the injured part collapses!
KRITISCH 19:42:27 [COMBAT_STRIKE_DETAILS] The forgotten beast stabs the rutherer in the left front foot, tearing the muscle!
KRITISCH 19:42:27 [COMBAT_STRIKE_DETAILS] The forgotten beast stabs the rutherer in the lower body, tearing the muscle!
KRITISCH 19:42:27 [COMBAT_STRIKE_DETAILS] The forgotten beast kicks the rutherer in the right rear foot with its right third foot and the injured part explodes into gore!
KRITISCH 19:42:27 [COMBAT_STRIKE_DETAILS] The forgotten beast kicks the rutherer in the upper body with its left first foot, bruising the muscle, jamming the right false ribs through the heart and tearing apart the heart!
KRITISCH 19:42:27 [COMBAT_STRIKE_DETAILS] The forgotten beast kicks the rutherer in the tail with its left first foot, bruising the muscle!
KRITISCH 19:42:27 [COMBAT_STRIKE_DETAILS] The forgotten beast kicks the rutherer in the right eye with its left fourth foot and the injured part explodes into gore!
KRITISCH 19:42:27 [COMBAT_STRIKE_DETAILS] The forgotten beast kicks the rutherer in the lower body with its left first foot, bruising the muscle and bruising the guts!
KRITISCH 19:42:27 [COMBAT_STRIKE_DETAILS] The forgotten beast kicks the rutherer in the left front foot with its right second foot, bruising the muscle!
KRITISCH 19:42:27 [COMBAT_STRIKE_DETAILS] The forgotten beast kicks the rutherer in the left rear foot with its left third foot and the injured part collapses!
KRITISCH 19:42:27 [COMBAT_STRIKE_DETAILS] The forgotten beast kicks the rutherer in the right rear foot with its left third foot, shattering the bone!
KRITISCH 19:42:27 [COMBAT_STRIKE_DETAILS] The forgotten beast kicks the rutherer in the right rear leg with its right second foot, bruising the muscle!
KRITISCH 19:42:27 [COMBAT_STRIKE_DETAILS] The forgotten beast kicks the rutherer in the left front foot with its left first foot and the injured part explodes into gore!
KRITISCH 19:42:27 [COMBAT_STRIKE_DETAILS] The forgotten beast kicks the rutherer in the lower body with its right second foot, bruising the muscle!
KRITISCH 19:42:27 [COMBAT_STRIKE_DETAILS] The forgotten beast kicks the rutherer child in the left rear foot with its left third foot, but the attack glances away!
KRITISCH 19:42:27 [COMBAT_STRIKE_DETAILS] The forgotten beast kicks the rutherer child in the right front leg with its left third foot, bruising the muscle!
KRITISCH 19:42:27 [COMBAT_STRIKE_DETAILS] The forgotten beast kicks the rutherer child in the right rear leg with its left third foot, bruising the muscle!
KRITISCH 19:42:27 [COMBAT_STRIKE_DETAILS] The forgotten beast kicks the rutherer child in the head with its left fourth foot, bruising the muscle!
KRITISCH 19:42:27 [COMBAT_STRIKE_DETAILS] The forgotten beast kicks the rutherer child in the upper body with its left third foot, bruising the muscle and bruising the heart!
KRITISCH 19:42:27 [COMBAT_STRIKE_DETAILS] The forgotten beast kicks the rutherer child in the lower body with its left third foot, bruising the muscle and tearing the lower spine's nervous tissue!
KRITISCH 19:42:27 [COMBAT_STRIKE_DETAILS] The forgotten beast kicks the rutherer child in the left front foot with its left fourth foot, bruising the muscle!
KRITISCH 19:42:27 [COMBAT_STRIKE_DETAILS] The forgotten beast kicks the rutherer child in the left rear leg with its left first foot, bruising the muscle!
KRITISCH 19:42:27 [COMBAT_STRIKE_DETAILS] The forgotten beast stabs the rutherer child in the tail, tearing apart the muscle and denting the bone!
KRITISCH 19:42:27 [COMBAT_STRIKE_DETAILS] The forgotten beast kicks the rutherer child in the upper body with its left fourth foot, bruising the muscle, jamming the right floating ribs through the liver and tearing apart the liver!
KRITISCH 19:42:27 [COMBAT_STRIKE_DETAILS] The forgotten beast kicks the rutherer child in the right front foot with its left third foot, bruising the bone!
KRITISCH 19:42:27 [COMBAT_STRIKE_DETAILS] The forgotten beast kicks the rutherer child in the right rear foot with its left third foot and the injured part explodes into gore!
KRITISCH 19:42:27 [COMBAT_STRIKE_DETAILS] The forgotten beast kicks the rutherer child in the head with its right third foot, bruising the muscle!
KRITISCH 19:42:27 [COMBAT_STRIKE_DETAILS] The forgotten beast kicks the rutherer child in the right rear foot with its left first foot, shattering the bone!
KRITISCH 19:42:27 [COMBAT_STRIKE_DETAILS] The forgotten beast kicks the rutherer child in the left rear leg with its right third foot, bruising the muscle!
KRITISCH 19:42:30 [COMBAT_STRIKE_DETAILS] The forgotten beast kicks the rutherer child in the left rear foot with its left third foot and the injured part explodes into gore!
KRITISCH 19:42:30 [COMBAT_STRIKE_DETAILS] The forgotten beast stabs the rutherer child in the left rear foot, tearing the muscle and denting the bone!
KRITISCH 19:42:30 [COMBAT_STRIKE_DETAILS] The forgotten beast stabs the rutherer child in the neck, tearing the muscle!
KRITISCH 19:42:30 [COMBAT_STRIKE_DETAILS] The forgotten beast kicks the rutherer child in the upper body with its left fourth foot, bruising the muscle and bruising the liver!
KRITISCH 19:42:30 [COMBAT_STRIKE_DETAILS] The forgotten beast kicks the rutherer child in the upper body with its right third foot, bruising the muscle and bruising the left lung!
KRITISCH 19:42:30 [COMBAT_STRIKE_DETAILS] The forgotten beast kicks the rutherer child in the left rear foot with its left first foot, shattering the bone!
KRITISCH 19:42:30 [COMBAT_STRIKE_DETAILS] The forgotten beast kicks the rutherer child in the right rear leg with its left first foot, bruising the bone!
KRITISCH 19:42:30 [COMBAT_STRIKE_DETAILS] The forgotten beast kicks the rutherer child in the left front leg with its left fourth foot, bruising the muscle!
KRITISCH 19:42:30 [COMBAT_STRIKE_DETAILS] The forgotten beast kicks the rutherer child in the head with its left fourth foot, bruising the muscle, bruising the skull!
KRITISCH 19:42:30 [COMBAT_STRIKE_DETAILS] The forgotten beast kicks the rutherer child in the left rear foot with its left fourth foot, shattering the bone!
KRITISCH 19:42:30 [COMBAT_STRIKE_DETAILS] The forgotten beast kicks the rutherer child in the upper body with its left third foot, bruising the muscle and bruising the right lung!
KRITISCH 19:42:30 [COMBAT_STRIKE_DETAILS] The forgotten beast kicks the rutherer in the left front leg with its left first foot, bruising the fat!
KRITISCH 19:42:30 [COMBAT_STRIKE_DETAILS] The forgotten beast kicks the rutherer in the left rear leg with its left fourth foot, but the attack glances away!
KRITISCH 19:42:30 [COMBAT_STRIKE_DETAILS] The forgotten beast stabs the rutherer in the mouth and the injured part is torn apart!
KRITISCH 19:42:30 [COMBAT_STRIKE_DETAILS] The forgotten beast kicks the rutherer in the right front foot with its right third foot, bruising the muscle!
KRITISCH 19:42:30 [COMBAT_STRIKE_DETAILS] The forgotten beast kicks the rutherer in the upper body with its left fourth foot, bruising the muscle and bruising the left lung!
KRITISCH 19:42:30 [COMBAT_STRIKE_DETAILS] The forgotten beast kicks the rutherer in the lower body with its left first foot, bruising the muscle and bruising the stomach!
KRITISCH 19:42:30 [COMBAT_STRIKE_DETAILS] The forgotten beast stabs the rutherer in the lower body, tearing the muscle and bruising the guts!
KRITISCH 19:42:30 [COMBAT_STRIKE_DETAILS] The forgotten beast kicks the rutherer in the left rear foot with its left first foot and the injured part collapses!
KRITISCH 19:42:30 [COMBAT_STRIKE_DETAILS] The forgotten beast kicks the rutherer in the head with its right second foot, bruising the muscle!
KRITISCH 19:42:30 [COMBAT_STRIKE_DETAILS] The forgotten beast kicks the rutherer in the upper body with its left first foot, bruising the muscle and bruising the liver!
KRITISCH 19:42:30 [COMBAT_STRIKE_DETAILS] The forgotten beast kicks the rutherer in the left rear leg with its right second foot, bruising the bone!
KRITISCH 19:42:30 [COMBAT_STRIKE_DETAILS] The forgotten beast stabs the rutherer in the upper body, tearing the muscle and bruising the right lung!
KRITISCH 19:42:30 [COMBAT_STRIKE_DETAILS] The forgotten beast kicks the rutherer in the right front leg with its left first foot, bruising the bone!
KRITISCH 19:42:30 [COMBAT_STRIKE_DETAILS] The forgotten beast kicks the rutherer in the upper body with its left third foot, bruising the muscle and bruising the left lung!
KRITISCH 19:42:30 [COMBAT_STRIKE_DETAILS] The forgotten beast stabs the rutherer in the lower body, tearing the muscle and bruising the right kidney!
KRITISCH 19:42:30 [COMBAT_STRIKE_DETAILS] The forgotten beast kicks the rutherer in the left front leg with its left third foot, bruising the muscle!
KRITISCH 19:42:30 [COMBAT_STRIKE_DETAILS] The forgotten beast kicks the rutherer in the right rear foot with its right second foot and the injured part collapses into a lump of gore!
KRITISCH 19:42:30 [COMBAT_STRIKE_DETAILS] The forgotten beast kicks the rutherer in the left rear foot with its right third foot, shattering the bone!
KRITISCH 19:42:30 [COMBAT_STRIKE_DETAILS] The forgotten beast stabs the rutherer in the upper body, tearing the muscle and bruising the left lung!
KRITISCH 19:42:30 [COMBAT_STRIKE_DETAILS] The forgotten beast kicks the rutherer in the head with its right second foot and the injured part collapses into a lump of gore!
KRITISCH 19:42:32 [COMBAT_STRIKE_DETAILS] The forgotten beast kicks the rutherer child in the upper body with its left first foot, bruising the muscle and shattering the left true ribs!
KRITISCH 19:42:32 [COMBAT_STRIKE_DETAILS] The forgotten beast kicks the rutherer child in the upper body with its left first foot, bruising the muscle and shattering the left false ribs!
KRITISCH 19:42:32 [COMBAT_STRIKE_DETAILS] The forgotten beast kicks the rutherer child in the right front leg with its right second foot, bruising the bone!
KRITISCH 19:42:37 [MEGABEAST_ARRIVAL] The Forgotten Beast Xun D├¬smosmaspest has come!  A huge humanoid composed of flame. It has a twisting, jointed trunk and it squirms and fidgets.
KRITISCH 19:43:37 [COMBAT_STRIKE_DETAILS] The forgotten beast stabs the forgotten beast in the left upper arm and the severed part sails off in an arc!
KRITISCH 19:43:37 [COMBAT_STRIKE_DETAILS] The forgotten beast kicks the forgotten beast in the right third foot with its right foot, but the attack glances away!
KRITISCH 19:43:37 [COMBAT_STRIKE_DETAILS] The forgotten beast kicks the forgotten beast in the left foot with its left third foot and the severed part sails off in an arc!
KRITISCH 19:43:37 [COMBAT_STRIKE_DETAILS] The forgotten beast kicks the forgotten beast in the right second foot, but the attack passes right through!
KRITISCH 19:43:37 [CAUGHT_IN_WEB] The forgotten beast is caught up in the web!
KRITISCH 19:43:37 [FREE_FROM_WEB] The forgotten beast is partially free of the web.
KRITISCH 19:43:37 [FREE_FROM_WEB] The forgotten beast is completely free of the web.
KRITISCH 19:43:37 [CAUGHT_IN_FLAMES] The forgotten beast is caught in a cloud of flames!
KRITISCH 19:43:37 [COMBAT_STRIKE_DETAILS] The forgotten beast stabs the forgotten beast in the lower body and the severed part sails off in an arc!
info 19:49:34 [D_MIGRANTS_ARRIVAL] Some migrants have arrived.
info 19:49:36 [REACHED_PEAK] Claude: Neue Buerger: 5 (Migranten?) - Integration laeuft
info 19:49:38 [REACHED_PEAK] Claude: Neue Buerger: 1 (Migranten?) - Integration laeuft
info 19:50:01 [SOMEBODY_GROWS_UP] An animal has grown to become a Stray Buck Rabbit.
info 19:50:50 [BIRTH_WILD_ANIMAL] Troglodyte has given birth to a boy.
info 19:52:48 [SOMEBODY_GROWS_UP] Tobul ├▓nulm├ótzang has grown to become a Turkey Hen.
info 19:53:12 [REACHED_PEAK] Claude: Neue Buerger: 3 (Migranten?) - Integration laeuft
KRITISCH 19:54:16 [CITIZEN_DEATH] Uvash Olonlecad, Farmer has been found dead, dehydrated.
info 19:54:16 [GUARD] Alarm-Flag ohne Pause (kein Feind)
info 19:55:44 [SOMEBODY_GROWS_UP] Imush Bomrekkegeth has grown to become a Cavy Sow.
KRITISCH 19:56:18 [MEGABEAST_ARRIVAL] The Forgotten Beast Ngerxung Lodarstruk Asngek has come!  A great iguanodont with external ribs. It has a pair of branching antennae and it has a gaunt appearance. Its dark blue scales are jagged and close-set. Beware its deadly blood!
info 19:56:36 [SOMEBODY_GROWS_UP] An animal has grown to become a Stray Guineacock.
info 19:56:47 [REACHED_PEAK] Claude: Neue Buerger: 2 (Migranten?) - Integration laeuft
KRITISCH 19:57:56 [COMBAT_STRIKE_DETAILS] The forgotten beast kicks the forgotten beast in the left eye with its left fourth foot and the left eyelid collapses!
KRITISCH 19:57:58 [COMBAT_STRIKE_DETAILS] The forgotten beast kicks the forgotten beast in the left hand with its right third foot and the injured part collapses into a lump of gore!
KRITISCH 19:57:58 [COMBAT_STRIKE_DETAILS] The forgotten beast kicks the forgotten beast in the right upper arm with its right second foot and the injured part collapses!
KRITISCH 19:58:01 [COMBAT_STRIKE_DETAILS] The forgotten beast kicks the forgotten beast in the third finger, right hand with its right second foot and the injured part collapses into a lump of gore!
KRITISCH 19:58:36 [PET_DEATH] The Stray Water Buffalo Calf (Tame) has been found, starved to death.
info 20:00:24 [SOMEBODY_GROWS_UP] Etur Rulathel has grown to become a Sow.
info 20:02:51 [SOMEBODY_GROWS_UP] An animal has grown to become a Stray Donkey.
KRITISCH 20:05:29 [CITIZEN_DEATH] St├ókud Litastlimul, Clothier has been found dead, dehydrated.
info 20:05:29 [GUARD] Alarm-Flag ohne Pause (kein Feind)
info 20:05:32 [SOMEBODY_GROWS_UP] An animal has grown to become a Stray Hen.
info 20:05:38 [BIRTH_CITIZEN] Monom Keskalthosbut, Butcher has given birth to a girl.
info 20:07:15 [SOMEBODY_GROWS_UP] An animal has grown to become a Stray Reindeer Bull.
info 20:07:41 [SOMEBODY_GROWS_UP] Rakust Udizoslan has grown to become a Drake.
info 20:07:58 [SOMEBODY_GROWS_UP] An animal has grown to become a Stray Cow.
info 20:08:38 [BIRTH_ANIMAL] Etur Rulathel, Sow (Tame) has given birth to a piglet.
KRITISCH 20:10:21 [PET_DEATH] The Stray Buck Rabbit (Tame) has been found, starved to death.
info 20:10:34 [ARTIFACT_BEGUN] Shem Zokunaban has begun a mysterious construction!
info 20:10:47 [MADE_ARTIFACT] Shem Zokunaban, Metalcrafter has created Gethasd├╗g, a iron scepter!  She claims it as a family heirloom.
KRITISCH 20:11:21 [MEGABEAST_ARRIVAL] The Forgotten Beast Lith├⌐me has come!  A towering eyeless moose. It has two long, curly tails and it has a gaunt appearance. Its blue-gray hair is long and shaggy. Beware its deadly spittle!
KRITISCH 20:11:47 [PET_DEATH] The Stray Donkey (Tame) has been found, starved to death.
KRITISCH 20:11:56 [PET_DEATH] The Stray Reindeer Bull (Tame) has been found, starved to death.
KRITISCH 20:13:37 [COMBAT_STRIKE_DETAILS] The forgotten beast kicks the rutherer in the left rear foot with its left front foot and the injured part collapses!
KRITISCH 20:13:58 [COMBAT_STRIKE_DETAILS] The forgotten beast kicks the troglodyte in the left lower leg with its right front foot and the injured part collapses into a lump of gore!
KRITISCH 20:13:58 [COMBAT_STRIKE_DETAILS] The forgotten beast kicks the troglodyte in the left upper leg with its left rear foot and the injured part collapses into a lump of gore!
KRITISCH 20:13:58 [COMBAT_STRIKE_DETAILS] The forgotten beast kicks the troglodyte in the head with its left front foot and the injured part collapses!
KRITISCH 20:14:01 [COMBAT_STRIKE_DETAILS] The forgotten beast kicks the troglodyte in the right hand with its left front foot and the injured part collapses!
KRITISCH 20:18:05 [PET_DEATH] The Stray Horse Foal (Tame) has been found, starved to death.
info 20:19:00 [BIRTH_WILD_ANIMAL] Troglodyte has given birth to a girl.
KRITISCH 20:21:28 [PET_DEATH] The Stray Cow (Tame) has been found, starved to death.
KRITISCH 20:21:38 [CANCEL_JOB] Mafol Kadoloc├«g, Siege Engineer cancels Smelt hematite ore: Needs refined coal.
KRITISCH 20:21:41 [COMBAT_STRIKE_DETAILS] The forgotten beast kicks the troglodyte in the left lower arm with its right second foot and the injured part collapses!
KRITISCH 20:21:41 [COMBAT_STRIKE_DETAILS] The forgotten beast kicks the troglodyte in the head with its right second foot and the injured part collapses!
KRITISCH 20:21:41 [COMBAT_STRIKE_DETAILS] The forgotten beast bends the troglodyte's right upper leg with The forgotten beast's left first leg and the right hip collapses!
KRITISCH 20:21:43 [COMBAT_STRIKE_DETAILS] The forgotten beast bends the troglodyte's left hand with The forgotten beast's right third leg and the left wrist collapses!
KRITISCH 20:21:43 [COMBAT_STRIKE_DETAILS] The forgotten beast kicks the troglodyte in the head with its left first foot and the injured part collapses into a lump of gore!
KRITISCH 20:21:45 [COMBAT_STRIKE_DETAILS] The forgotten beast bends the troglodyte's right upper arm with The forgotten beast's right second leg and the right shoulder collapses!
KRITISCH 20:22:22 [COMBAT_STRIKE_DETAILS] The forgotten beast kicks the troglodyte in the head with its right third foot and the injured part collapses into a lump of gore!
KRITISCH 20:24:07 [CANCEL_JOB] Mafol Kadoloc├«g, Siege Engineer cancels Make charcoal: Needs logs.
KRITISCH 20:24:57 [CANCEL_JOB] Olon Adiluker, Woodcutter cancels Strange mood: Went insane.
KRITISCH 20:27:29 [CITIZEN_DEATH] Olon Adiluker, Woodcutter has been found dead, dehydrated.
info 20:27:29 [GUARD] Alarm-Flag ohne Pause (kein Feind)
KRITISCH 20:27:42 [COMBAT_STRIKE_DETAILS] The forgotten beast kicks the gorlak in the right hand with its left front foot and the injured part collapses!
info 20:28:47 [SOMEBODY_GROWS_UP] Sarvesh Monomaran has grown to become a Dwarven Child.
info 20:30:13 [BIRTH_CITIZEN] D├┤bar Berk├ñl├ín, Potash Maker has given birth to a boy.
KRITISCH 20:30:37 [CANCEL_JOB] Deduk Olonlun, Woodworker cancels Strange mood: Went insane.
KRITISCH 20:30:37 [BERSERK_CITIZEN] Deduk Olonlun, Woodworker has gone berserk!
KRITISCH 20:31:04 [CANCEL_JOB] Mafol Kadoloc├«g, Siege Engineer cancels Drink: Forbidden area.
KRITISCH 20:31:08 [COMBAT_STRIKE_DETAILS] The blacksmith bends the woodworker's right upper leg with The blacksmith's right hand and the right hip collapses!
KRITISCH 20:31:08 [CITIZEN_DEATH] Deduk Olonlun, Woodworker has been struck down.
KRITISCH 20:33:42 [CANCEL_JOB] Mafol Kadoloc├«g, Siege Engineer cancels Detail floor: Forbidden area.
KRITISCH 20:34:25 [COMBAT_STRIKE_DETAILS] The forgotten beast kicks the wrestler in the right lower leg with its right front foot and the injured part collapses!
KRITISCH 20:35:34 [COMBAT_STRIKE_DETAILS] The forgotten beast bends the fisherdwarf's right upper leg with The forgotten beast's right fourth leg and the right hip collapses!
KRITISCH 20:35:34 [COMBAT_STRIKE_DETAILS] The forgotten beast kicks the fisherdwarf in the head with its right third foot and the injured part collapses!
KRITISCH 20:35:34 [CITIZEN_DEATH] ├«ton Tulonsil, Axe Lord has been found dead.
KRITISCH 20:35:34 [CITIZEN_DEATH] Kosoth Emaldod├│k, Wrestler has been found dead.
KRITISCH 20:35:34 [CITIZEN_DEATH] M├╢rul Lul├órcog, Fisherdwarf has been found dead.
info 20:35:34 [GUARD] Alarm-Flag ohne Pause (kein Feind)
KRITISCH 20:35:36 [COMBAT_STRIKE_DETAILS] The forgotten beast kicks the drake in the head with its right third foot and the injured part collapses!
KRITISCH 20:36:04 [COMBAT_STRIKE_DETAILS] The forgotten beast kicks the planter in the head with its right third foot and the injured part collapses into a lump of gore!
KRITISCH 20:36:06 [CITIZEN_DEATH] Sibrek Sodeludil, Planter has been found dead.
KRITISCH 20:36:08 [COMBAT_STRIKE_DETAILS] The forgotten beast kicks the wrestler in the head with its left fourth foot and the injured part collapses into a lump of gore!
KRITISCH 20:36:12 [PET_DEATH] Etur Rulathel, Sow (Tame) has been found dead.
KRITISCH 20:36:12 [CITIZEN_DEATH] Id Ozkaktun, Axe Lord has been found dead.
KRITISCH 20:36:17 [COMBAT_STRIKE_DETAILS] The forgotten beast bends the wrestler's right upper arm with The forgotten beast's left second leg and the right shoulder collapses!
KRITISCH 20:43:16 [CITIZEN_DEATH] Udib St├ókudadas, Wrestler has been found dead.
KRITISCH 20:43:33 [CITIZEN_DEATH] Onget Gusilfash, Wrestler has been found dead.
KRITISCH 20:44:14 [COMBAT_STRIKE_DETAILS] The forgotten beast kicks the jeweler in the head with its right third foot and the injured part collapses!
KRITISCH 20:44:23 [CITIZEN_DEATH] Deler Koganostath, Wrestler has been found dead.
KRITISCH 20:46:46 [PET_DEATH] Imush Bomrekkegeth, Cavy Sow (Tame) has been found dead.
KRITISCH 20:46:46 [PET_DEATH] Rakust Udizoslan, Drake (Tame) has been found dead.
KRITISCH 20:47:33 [CITIZEN_DEATH] Kikrost Tulongigin, Jeweler has been found dead.
KRITISCH 20:48:49 [CITIZEN_DEATH] Adil Sazirsezuk, Elite Wrestler has been found dead.
KRITISCH 20:48:53 [COMBAT_STRIKE_DETAILS] The forgotten beast bends the wrestler's right upper leg with The forgotten beast's right third leg and the right hip collapses!
KRITISCH 20:48:53 [COMBAT_STRIKE_DETAILS] The forgotten beast bends the bookkeeper's right lower arm with The forgotten beast's left fourth leg and the right elbow collapses!
KRITISCH 20:49:40 [CITIZEN_BECOMES_NONSOLDIER] Mafol Kadoloc├«g has become a Siege Engineer.
KRITISCH 20:49:54 [COMBAT_STRIKE_DETAILS] The forgotten beast kicks the recruit in the head with its right second foot and the injured part collapses into a lump of gore!
KRITISCH 20:50:32 [COMBAT_STRIKE_DETAILS] The forgotten beast bends the recruit's left foot with The forgotten beast's right third leg and the left ankle collapses!
KRITISCH 20:50:36 [PET_DEATH] The Stray Boar (Tame) has been found dead.
KRITISCH 20:50:39 [CITIZEN_DEATH] Rig├▓th Asmelilral, Blacksmith has been found dead.
KRITISCH 20:50:39 [CITIZEN_DEATH] Sarvesh Anrizzuglar, Potash Maker has been found dead.
info 20:52:59 [CONFLICT_CONVERSATION] Zuglar Cattensazir, Farmer: Rig├▓th Merchanttreaty is dead.  I am not feeling sad right now.
KRITISCH 20:53:02 [CITIZEN_DEATH] Zuglar Cattensazir, Farmer has been found dead.
KRITISCH 20:53:08 [COMBAT_STRIKE_DETAILS] The forgotten beast bends the trader's right upper arm with The forgotten beast's right fourth leg and the right shoulder collapses!
KRITISCH 20:53:10 [CITIZEN_DEATH] Erib Avuzgoden, Wrestler has been found dead.
KRITISCH 20:53:10 [CITIZEN_DEATH] Fath Kantekkud, Elite Wrestler has been found dead.
KRITISCH 20:53:19 [CITIZEN_DEATH] Ingish Abankeskal, Trader has been found dead.
KRITISCH 20:53:21 [CITIZEN_DEATH] Logem Cattenrinul, Peasant has been found dead.
KRITISCH 20:53:21 [COMBAT_STRIKE_DETAILS] The forgotten beast kicks the carpenter in the head with its right second foot and the injured part collapses!
KRITISCH 20:53:21 [CITIZEN_DEATH] Olin Nokimturel, Carpenter has been found dead.
KRITISCH 20:53:25 [CITIZEN_DEATH] Shem Zokunaban, Metalcrafter has been found dead.
KRITISCH 20:53:25 [CITIZEN_DEATH] Domas Melbiluzol, Furnace Operator has been found dead.
KRITISCH 20:53:27 [CITIZEN_DEATH] Mafol Kadoloc├«g, Recruit has been found dead.
KRITISCH 20:53:27 [CITIZEN_DEATH] D├┤bar Bomreksastres, Herbalist has been found dead.
KRITISCH 20:53:27 [CITIZEN_DEATH] Mosus ├äsubal, Recruit has been found dead.
KRITISCH 20:53:30 [COMBAT_STRIKE_DETAILS] The forgotten beast bends the butcher's left lower leg with The forgotten beast's right second leg and the left knee collapses!
KRITISCH 20:53:38 [CITIZEN_DEATH] Reg Soloninen, Clerk has been found dead.
KRITISCH 20:53:40 [CITIZEN_DEATH] Monom Keskalthosbut, Butcher has been found dead.
KRITISCH 20:53:40 [CITIZEN_DEATH] Zan Umstizzunt├«r, Stonecrafter has been found dead.
KRITISCH 20:53:43 [COMBAT_STRIKE_DETAILS] The forgotten beast bends the jeweler's left foot with The forgotten beast's right third leg and the left ankle collapses!
KRITISCH 20:53:51 [CITIZEN_DEATH] Fikod Stagshilinod, Jeweler has been found dead.
KRITISCH 20:53:56 [COMBAT_STRIKE_DETAILS] The forgotten beast kicks the gem cutter in the head with its right third foot and the injured part collapses into a lump of gore!
KRITISCH 20:53:56 [CITIZEN_DEATH] Sazir Bomrekgusgash, Gem Cutter has been found dead.
KRITISCH 20:53:56 [CITIZEN_DEATH] Lokum Rimtarlesast, Peasant has been found dead.
KRITISCH 20:53:58 [CITIZEN_DEATH] Sarvesh Fikodothlest, Animal Trainer has been found dead.
KRITISCH 20:54:02 [CITIZEN_DEATH] Mafol ├äsunib, Recruit has been found dead.
KRITISCH 20:54:04 [COMBAT_STRIKE_DETAILS] The forgotten beast bends the recruit's left lower arm with The forgotten beast's left fourth leg and the left elbow collapses!
KRITISCH 20:54:04 [COMBAT_STRIKE_DETAILS] The forgotten beast bends the recruit's left foot with The forgotten beast's right second leg and the left ankle collapses!
KRITISCH 20:54:04 [COMBAT_STRIKE_DETAILS] The forgotten beast bends the recruit's right hand with The forgotten beast's right fourth leg and the right wrist collapses!
KRITISCH 20:54:07 [COMBAT_STRIKE_DETAILS] The forgotten beast bends the mayor's left upper leg with The forgotten beast's right fourth leg and the left hip collapses!
KRITISCH 20:54:09 [CITIZEN_DEATH] D├┤bar Berk├ñl├ín, Potash Maker has been found dead.
KRITISCH 20:54:11 [CITIZEN_DEATH] Ed├½m Orrun├╣shrir, Recruit has been found dead.
KRITISCH 20:54:15 [CITIZEN_DEATH] Iden Besmarkan, Planter has been found dead.
KRITISCH 20:59:24 [CITIZEN_DEATH] Ber Rig├▓thdur, Dwarven Baby has been found dead.
KRITISCH 20:59:24 [COMBAT_STRIKE_DETAILS] The forgotten beast bends the wrestler's right foot with The forgotten beast's right fourth leg and the right ankle collapses!
info 20:59:24 [GUARD] Alarm-Flag ohne Pause (kein Feind)
KRITISCH 20:59:33 [PET_DEATH] Tobul ├▓nulm├ótzang, Turkey Hen (Tame) has been found dead.
KRITISCH 20:59:33 [CITIZEN_DEATH] Minkot S├íkrith├ñs, Herbalist has been found dead.
KRITISCH 20:59:35 [CITIZEN_DEATH] Sarvesh Monomaran, Dwarven Child has been found dead.
KRITISCH 20:59:37 [CITIZEN_DEATH] Minkot Rithidos, Wrestler has been found dead.
KRITISCH 20:59:37 [PET_DEATH] The Stray Guineacock (Tame) has been found dead.
KRITISCH 20:59:37 [COMBAT_STRIKE_DETAILS] The forgotten beast bends the trader's left hand with The forgotten beast's left fourth leg and the left wrist collapses!
KRITISCH 20:59:39 [CITIZEN_DEATH] Ed├½m Abanimsal, Trader has been found dead.
KRITISCH 20:59:42 [PET_DEATH] The Stray Piglet (Tame) has been found dead.
KRITISCH 20:59:48 [CITIZEN_DEATH] Kol Dod├│kled, Stoneworker has been found dead.
KRITISCH 20:59:59 [CITIZEN_DEATH] ├╣shrir Fashat├¡r, Administrator has been found dead.
KRITISCH 20:59:59 [CITIZEN_DEATH] Unib G├║rlolok, Fisherdwarf has been found dead.
KRITISCH 21:00:21 [CITIZEN_DEATH] Tulon Ineththosbut, Wrestler has been found dead.
KRITISCH 21:02:16 [COMBAT_STRIKE_DETAILS] The forgotten beast bends the manager's right hand with The forgotten beast's right second leg and the right wrist collapses!
info 21:25:54 [GUARD] gefahr-Pause nach 20 Min abgelaufen (pause.hold/alert.flag geloescht)
